loan_id,no_of_dependents,education,self_employed,income_annum,loan_amount,loan_term,crib_score,residential_assets_value,commercial_assets_value,luxury_assets_value,bank_asset_value,loan_status
1,1,Graduate,No,1489366.0,3540000.0,36,672,5501674.0,0.0,676998.0,203060.0,Approved
2,2,Not Graduate,Yes,2327801.0,5400000.0,24,586,16062972.0,6240812.0,1358439.0,4096172.0,Rejected
3,1,Not Graduate,No,1240927.0,2470000.0,24,549,8838563.0,0.0,112198.0,1973471.0,Rejected
4,3,Not Graduate,No,480000.0,1120000.0,36,726,2225055.0,0.0,332900.0,430989.0,Rejected
5,1,Graduate,Yes,1162508.0,2330000.0,18,413,3707521.0,2220310.0,85341.0,2280380.0,Rejected
6,1,Graduate,No,1155418.0,1950000.0,24,672,5519707.0,0.0,1007684.0,2020243.0,Approved
7,0,Not Graduate,No,787483.0,1950000.0,18,503,3994515.0,0.0,140101.0,1440353.0,Rejected
8,0,Not Graduate,No,480000.0,340000.0,24,803,992660.0,0.0,501524.0,658678.0,Approved
9,4,Not Graduate,No,1046936.0,600000.0,12,791,-138238.0,0.0,1493798.0,309439.0,Approved
10,1,Graduate,No,480000.0,1170000.0,48,630,1835320.0,0.0,510010.0,773132.0,Approved
11,1,Not Graduate,No,992134.0,1330000.0,60,547,5810643.0,0.0,1015687.0,410792.0,Approved
12,2,Not Graduate,Yes,1078562.0,1260000.0,24,688,1499114.0,170449.0,340687.0,1559560.0,Approved
13,1,Graduate,No,4161092.0,2410000.0,24,791,16682882.0,0.0,4530477.0,3047515.0,Approved
14,1,Not Graduate,No,1987114.0,4270000.0,36,479,14101598.0,0.0,2547716.0,2416407.0,Rejected
15,0,Not Graduate,No,1775764.0,3010000.0,18,615,7275406.0,0.0,2293469.0,2789173.0,Approved
16,3,Not Graduate,Yes,1434547.0,710000.0,18,724,9939403.0,4052125.0,1035697.0,897898.0,Approved
17,1,Not Graduate,No,957050.0,2220000.0,6,681,3649136.0,0.0,730540.0,1204783.0,Rejected
18,1,Graduate,No,931242.0,1390000.0,48,531,6203346.0,0.0,1086698.0,1782098.0,Rejected
19,1,Not Graduate,Yes,805958.0,1330000.0,12,591,3518175.0,1538746.0,1124702.0,1385456.0,Rejected
20,1,Not Graduate,No,1704612.0,980000.0,12,635,5884028.0,0.0,121645.0,1127637.0,Rejected
21,0,Not Graduate,Yes,2347996.0,2390000.0,12,737,5604867.0,827650.0,2385546.0,1375439.0,Approved
22,0,Not Graduate,Yes,914427.0,1580000.0,12,511,845202.0,3062269.0,482261.0,802895.0,Rejected
23,4,Graduate,Yes,1036861.0,1210000.0,48,403,4684028.0,1886682.0,1356785.0,269608.0,Rejected
24,0,Not Graduate,No,1623302.0,4020000.0,12,768,12921675.0,0.0,349025.0,1206969.0,Approved
25,3,Not Graduate,Yes,2424599.0,5390000.0,18,671,17470728.0,8051365.0,837367.0,3453783.0,Approved
26,2,Not Graduate,No,2522468.0,5040000.0,18,754,4831828.0,0.0,1636787.0,923080.0,Approved
27,0,Not Graduate,Yes,3652802.0,8050000.0,18,540,10083781.0,8623043.0,3179497.0,3191561.0,Approved
28,2,Graduate,No,1622290.0,640000.0,24,683,1324669.0,0.0,1722710.0,993934.0,Approved
29,4,Graduate,Yes,1676340.0,3760000.0,18,637,-175105.0,6328000.0,2287089.0,2500594.0,Approved
30,1,Not Graduate,No,2190635.0,950000.0,6,554,9918841.0,0.0,477255.0,1462630.0,Rejected
31,2,Not Graduate,No,735127.0,1640000.0,12,475,5590173.0,0.0,801766.0,1170348.0,Rejected
32,1,Graduate,No,1730185.0,3450000.0,12,515,8472009.0,0.0,992148.0,1748563.0,Approved
33,1,Not Graduate,Yes,1177570.0,2560000.0,36,643,9368568.0,639537.0,1105351.0,1261465.0,Approved
34,1,Graduate,Yes,1820880.0,2570000.0,36,648,11723634.0,6218328.0,224680.0,2651839.0,Approved
35,1,Not Graduate,Yes,1072054.0,420000.0,36,630,7875852.0,3438846.0,214670.0,1753870.0,Approved
36,1,Not Graduate,Yes,1138983.0,800000.0,6,467,6772801.0,1745035.0,682154.0,788507.0,Approved
37,1,Not Graduate,No,786224.0,500000.0,24,662,1755243.0,0.0,888639.0,189044.0,Approved
38,1,Not Graduate,No,2138098.0,1380000.0,12,372,15177226.0,0.0,1856590.0,1528368.0,Approved
39,2,Not Graduate,Yes,1630666.0,3750000.0,24,596,3838665.0,1400916.0,869160.0,1852479.0,Rejected
40,1,Not Graduate,No,1617017.0,3840000.0,60,437,961783.0,0.0,149220.0,2208649.0,Rejected
41,3,Not Graduate,No,712647.0,990000.0,12,557,5480480.0,0.0,851308.0,802597.0,Approved
42,2,Graduate,No,1105171.0,490000.0,18,425,8701939.0,0.0,978187.0,1551158.0,Approved
43,0,Graduate,No,2189587.0,3300000.0,24,611,8802668.0,0.0,2383220.0,1083903.0,Approved
44,2,Graduate,No,2667764.0,5810000.0,18,500,4359924.0,0.0,2936319.0,4868863.0,Rejected
45,3,Graduate,No,1816389.0,2090000.0,24,723,2620129.0,0.0,1518473.0,1767458.0,Approved
46,3,Graduate,No,864013.0,2170000.0,12,710,1568352.0,0.0,1274159.0,1112164.0,Approved
47,2,Not Graduate,No,1773266.0,3420000.0,18,627,7377081.0,0.0,1114528.0,2977013.0,Rejected
48,0,Not Graduate,No,1962263.0,2470000.0,12,632,5369411.0,0.0,472225.0,3721628.0,Approved
49,3,Not Graduate,No,832600.0,2280000.0,48,517,5864142.0,0.0,1160580.0,1345615.0,Approved
50,1,Not Graduate,No,1057396.0,1530000.0,48,580,8033849.0,0.0,265660.0,901365.0,Approved
51,1,Graduate,No,1489712.0,2010000.0,24,758,3271962.0,0.0,1729031.0,972448.0,Approved
52,1,Not Graduate,No,2156250.0,3140000.0,18,616,6518669.0,0.0,2612307.0,3065983.0,Approved
53,4,Not Graduate,No,1186998.0,2970000.0,24,701,7841020.0,0.0,1685108.0,1882427.0,Approved
54,3,Not Graduate,Yes,480000.0,850000.0,6,641,260942.0,93491.0,217070.0,298612.0,Rejected
55,1,Graduate,Yes,947989.0,520000.0,18,628,5664693.0,1056965.0,498945.0,1023311.0,Approved
56,0,Graduate,No,1833019.0,1420000.0,48,632,4246164.0,0.0,635734.0,1749092.0,Rejected
57,2,Graduate,No,981265.0,2380000.0,6,619,7276018.0,0.0,1453366.0,1168837.0,Approved
58,0,Graduate,Yes,870353.0,2190000.0,18,652,1706310.0,3051523.0,316757.0,1709915.0,Rejected
59,1,Graduate,No,762652.0,1610000.0,48,478,1338097.0,0.0,713808.0,245313.0,Rejected
60,4,Not Graduate,No,861328.0,640000.0,12,701,6136789.0,0.0,917021.0,790399.0,Approved
61,2,Graduate,No,939864.0,1350000.0,24,702,6624308.0,0.0,488405.0,570505.0,Approved
62,2,Graduate,Yes,1363603.0,990000.0,48,587,4082462.0,2872502.0,2039739.0,1051252.0,Approved
63,3,Graduate,No,502477.0,590000.0,18,609,2695637.0,0.0,561412.0,270247.0,Rejected
64,1,Graduate,No,503927.0,580000.0,18,645,2886335.0,0.0,513481.0,317050.0,Approved
65,2,Not Graduate,No,480000.0,530000.0,12,468,2769322.0,0.0,484113.0,110205.0,Rejected
66,2,Not Graduate,No,1315877.0,1650000.0,12,573,5290944.0,0.0,315645.0,895845.0,Rejected
67,0,Not Graduate,No,1078044.0,2480000.0,60,722,1387860.0,0.0,483298.0,1720074.0,Approved
68,1,Graduate,No,684387.0,1040000.0,60,680,1255555.0,0.0,402440.0,472173.0,Approved
69,2,Not Graduate,Yes,2059024.0,3220000.0,12,587,15279797.0,5305578.0,1223175.0,1939279.0,Approved
70,2,Not Graduate,No,2024157.0,1940000.0,24,441,8865235.0,0.0,671768.0,454255.0,Approved
71,0,Not Graduate,No,1671992.0,3860000.0,36,562,7996421.0,0.0,1717851.0,2578750.0,Approved
72,0,Not Graduate,No,1223860.0,2840000.0,18,647,8907467.0,0.0,736222.0,1685137.0,Rejected
73,3,Graduate,Yes,480000.0,710000.0,36,604,652886.0,936768.0,50000.0,475392.0,Approved
74,1,Graduate,No,1770865.0,1530000.0,48,557,3987725.0,0.0,221642.0,1723384.0,Approved
75,2,Graduate,No,1678347.0,2670000.0,36,684,11596786.0,0.0,1238588.0,1111614.0,Rejected
76,0,Not Graduate,No,876494.0,780000.0,24,727,757001.0,0.0,729813.0,1065130.0,Approved
77,0,Not Graduate,No,628370.0,1450000.0,48,694,876089.0,0.0,645122.0,435796.0,Approved
78,2,Not Graduate,No,1833281.0,2720000.0,36,630,6380259.0,0.0,1598877.0,3424536.0,Rejected
79,1,Not Graduate,No,1105035.0,1010000.0,18,752,1919349.0,0.0,1027394.0,1427753.0,Approved
80,0,Not Graduate,No,2986156.0,5950000.0,18,607,4870925.0,0.0,4327267.0,2055614.0,Rejected
81,2,Not Graduate,No,623607.0,1170000.0,12,678,2140915.0,0.0,681452.0,628560.0,Approved
82,1,Graduate,No,947856.0,2160000.0,6,514,3723637.0,0.0,447417.0,623407.0,Approved
83,2,Graduate,No,993324.0,1180000.0,6,572,1018311.0,0.0,615327.0,1904513.0,Rejected
84,0,Not Graduate,No,994229.0,2270000.0,6,795,2409116.0,0.0,214249.0,1424332.0,Approved
85,1,Graduate,No,965083.0,840000.0,48,623,5543621.0,0.0,288079.0,1678342.0,Approved
86,0,Graduate,No,940621.0,2180000.0,24,543,1144386.0,0.0,780200.0,99300.0,Approved
87,1,Graduate,Yes,766053.0,980000.0,24,815,593169.0,2657040.0,1133410.0,248301.0,Approved
88,1,Not Graduate,No,480000.0,1140000.0,12,777,406514.0,0.0,282813.0,408932.0,Approved
89,1,Graduate,Yes,1150717.0,1730000.0,18,737,1061773.0,359206.0,1012505.0,2150154.0,Rejected
90,1,Not Graduate,No,1371179.0,2350000.0,6,822,4230000.0,0.0,627161.0,1405039.0,Approved
91,0,Not Graduate,No,1307230.0,3670000.0,6,616,5222033.0,0.0,129248.0,2255326.0,Rejected
92,2,Not Graduate,Yes,644133.0,1200000.0,18,602,3035327.0,297066.0,123566.0,658708.0,Rejected
93,2,Graduate,No,1660814.0,2890000.0,18,730,12830669.0,0.0,1401165.0,747169.0,Approved
94,3,Graduate,Yes,3502295.0,6580000.0,48,627,13296321.0,11217061.0,3341793.0,2237878.0,Approved
95,4,Graduate,No,2296758.0,1480000.0,24,626,14839015.0,0.0,864693.0,1507958.0,Approved
96,3,Graduate,Yes,578946.0,860000.0,48,706,2007608.0,1011301.0,794068.0,535713.0,Approved
97,2,Not Graduate,No,899947.0,1970000.0,12,490,2726741.0,0.0,111378.0,194896.0,Rejected
98,2,Not Graduate,Yes,769348.0,1230000.0,48,585,540717.0,1478915.0,417867.0,120709.0,Approved
99,0,Not Graduate,No,1722336.0,2980000.0,36,553,12322905.0,0.0,1790446.0,1966563.0,Rejected
100,2,Graduate,No,1124895.0,1970000.0,12,538,3293769.0,0.0,1661030.0,2058214.0,Rejected
101,0,Graduate,No,1116541.0,3100000.0,48,748,2468920.0,0.0,630201.0,1394937.0,Approved
102,3,Not Graduate,No,2383259.0,5650000.0,12,446,15045758.0,0.0,919056.0,3562598.0,Rejected
103,1,Graduate,No,1839684.0,3290000.0,48,652,8771284.0,0.0,310147.0,3290670.0,Rejected
104,1,Graduate,No,1071052.0,640000.0,24,468,1924256.0,0.0,722170.0,653903.0,Rejected
105,1,Not Graduate,Yes,2375005.0,2580000.0,24,647,16499025.0,8228051.0,3292353.0,864066.0,Rejected
106,3,Graduate,Yes,611894.0,1320000.0,48,719,2809020.0,843505.0,98645.0,1190497.0,Approved
107,2,Graduate,Yes,2068055.0,1690000.0,36,624,3446580.0,3761099.0,1236275.0,4121965.0,Approved
108,2,Not Graduate,No,601695.0,680000.0,12,453,4213800.0,0.0,339780.0,308687.0,Rejected
109,1,Graduate,No,2947137.0,7000000.0,18,710,9658542.0,0.0,1713402.0,2312158.0,Approved
110,4,Graduate,No,1469096.0,1340000.0,18,483,1360256.0,0.0,940049.0,2384240.0,Approved
111,1,Graduate,Yes,906946.0,1300000.0,36,847,6218814.0,1529074.0,1001521.0,1532919.0,Approved
112,0,Graduate,No,984799.0,2690000.0,12,633,2885348.0,0.0,925910.0,715194.0,Approved
113,0,Graduate,No,723909.0,2150000.0,6,647,3933254.0,0.0,492542.0,1304651.0,Approved
114,2,Not Graduate,No,926248.0,1300000.0,36,592,5204475.0,0.0,1017838.0,610920.0,Approved
115,0,Not Graduate,No,1350414.0,1290000.0,6,734,881101.0,0.0,548331.0,2420112.0,Approved
116,2,Not Graduate,No,896074.0,1660000.0,12,531,1812800.0,0.0,1173147.0,634648.0,Approved
117,2,Graduate,No,1642595.0,2500000.0,24,621,9851376.0,0.0,696422.0,553504.0,Approved
118,3,Graduate,Yes,1091864.0,560000.0,24,678,1541195.0,3351195.0,257455.0,365520.0,Approved
119,1,Not Graduate,Yes,764902.0,1910000.0,24,612,5760599.0,924176.0,1088614.0,577561.0,Approved
120,0,Graduate,No,1321036.0,2090000.0,48,605,7978623.0,0.0,760701.0,2377399.0,Rejected
121,0,Not Graduate,No,725002.0,920000.0,18,706,3586750.0,0.0,156989.0,404287.0,Approved
122,1,Graduate,No,730876.0,1350000.0,12,562,1121608.0,0.0,920722.0,654927.0,Approved
123,3,Not Graduate,No,480000.0,730000.0,12,523,1733977.0,0.0,171545.0,843121.0,Rejected
124,0,Graduate,No,1382305.0,2450000.0,12,664,1161520.0,0.0,537144.0,1159093.0,Approved
125,0,Not Graduate,No,480000.0,870000.0,60,672,998133.0,0.0,219946.0,396786.0,Approved
126,1,Not Graduate,No,3158213.0,4550000.0,6,645,7351381.0,0.0,1047046.0,2605638.0,Approved
127,0,Graduate,No,1032445.0,1140000.0,24,546,6603536.0,0.0,1129131.0,1028311.0,Approved
128,3,Graduate,No,1734324.0,2950000.0,24,543,10854795.0,0.0,1177650.0,1935830.0,Approved
129,0,Not Graduate,No,2463096.0,3080000.0,48,611,19551870.0,0.0,200427.0,4515072.0,Rejected
130,1,Not Graduate,No,898668.0,2060000.0,36,594,2829839.0,0.0,674754.0,642664.0,Rejected
131,1,Not Graduate,Yes,1272137.0,2610000.0,6,640,4727013.0,3731262.0,1067184.0,1460571.0,Approved
132,2,Graduate,Yes,488812.0,430000.0,48,401,2861092.0,599528.0,427772.0,965575.0,Rejected
133,2,Graduate,Yes,1021253.0,1860000.0,24,562,5449432.0,1165148.0,1318973.0,137649.0,Approved
134,2,Graduate,No,2823823.0,7130000.0,12,900,18272972.0,0.0,726579.0,2372680.0,Approved
135,1,Graduate,No,844718.0,810000.0,18,528,3072850.0,0.0,75306.0,545566.0,Approved
136,1,Graduate,Yes,925844.0,500000.0,6,664,7092588.0,325013.0,923267.0,294262.0,Approved
137,2,Graduate,No,1533710.0,2260000.0,6,667,2185725.0,0.0,1264307.0,2513486.0,Approved
138,4,Graduate,Yes,480000.0,1060000.0,60,396,3157447.0,1039982.0,227366.0,456538.0,Rejected
139,3,Graduate,Yes,892265.0,2290000.0,6,579,1311954.0,977511.0,330717.0,531926.0,Approved
140,0,Not Graduate,No,1059001.0,2720000.0,36,492,3097695.0,0.0,880296.0,1856183.0,Rejected
141,3,Not Graduate,No,2524470.0,4310000.0,24,633,8473740.0,0.0,734986.0,666932.0,Approved
142,0,Not Graduate,No,1180996.0,1900000.0,48,462,1022543.0,0.0,1114633.0,490708.0,Approved
143,1,Graduate,No,2880573.0,4340000.0,24,530,13389541.0,0.0,1654631.0,5115787.0,Approved
144,4,Not Graduate,No,957040.0,2480000.0,18,681,1095920.0,0.0,520576.0,316903.0,Rejected
145,1,Graduate,No,1612537.0,1850000.0,36,517,8869165.0,0.0,1249143.0,1509143.0,Rejected
146,0,Not Graduate,Yes,1041110.0,1870000.0,36,651,6896695.0,3574563.0,353012.0,1395653.0,Approved
147,2,Not Graduate,Yes,1921767.0,1160000.0,18,869,4611772.0,1563974.0,2776136.0,581747.0,Approved
148,3,Not Graduate,Yes,862060.0,1850000.0,24,378,2861249.0,3043863.0,435529.0,649118.0,Rejected
149,1,Graduate,No,538507.0,1140000.0,24,632,2504530.0,0.0,620966.0,743361.0,Approved
150,1,Not Graduate,No,1307565.0,2680000.0,60,610,7721589.0,0.0,559634.0,1630490.0,Approved
151,2,Graduate,No,749770.0,1680000.0,12,518,3621153.0,0.0,521410.0,489701.0,Rejected
152,0,Graduate,No,794685.0,1940000.0,36,637,1924272.0,0.0,171982.0,80492.0,Approved
153,0,Not Graduate,Yes,1557002.0,1760000.0,18,641,6815919.0,798874.0,1135632.0,2716533.0,Approved
154,3,Not Graduate,Yes,551903.0,1010000.0,18,611,4017434.0,1022272.0,720166.0,232429.0,Approved
155,3,Not Graduate,No,515175.0,170000.0,36,621,3980002.0,0.0,627910.0,165847.0,Approved
156,0,Not Graduate,No,785935.0,1470000.0,24,574,2345930.0,0.0,368392.0,131517.0,Rejected
157,1,Graduate,No,2129763.0,2140000.0,18,744,14944754.0,0.0,1376907.0,4213058.0,Approved
158,0,Not Graduate,Yes,668717.0,1310000.0,18,671,5051395.0,293663.0,681579.0,778958.0,Rejected
159,2,Graduate,No,3963853.0,7680000.0,36,585,7733135.0,0.0,5611222.0,698411.0,Approved
160,1,Graduate,No,1063958.0,2350000.0,12,447,3485142.0,0.0,183513.0,2041379.0,Rejected
161,2,Graduate,No,553279.0,260000.0,48,590,3424869.0,0.0,576578.0,290808.0,Approved
162,1,Not Graduate,No,641979.0,540000.0,24,760,4550454.0,0.0,454117.0,216734.0,Approved
163,1,Not Graduate,No,984277.0,2530000.0,18,571,7035168.0,0.0,1215339.0,243726.0,Approved
164,0,Graduate,No,1090524.0,3230000.0,12,538,1477670.0,0.0,553830.0,818019.0,Approved
165,1,Not Graduate,Yes,960463.0,1260000.0,48,566,5913330.0,3641199.0,80740.0,1514801.0,Approved
166,2,Not Graduate,No,480000.0,560000.0,48,576,2332432.0,0.0,690260.0,872073.0,Rejected
167,1,Graduate,No,2497756.0,1550000.0,36,607,8565093.0,0.0,1334566.0,898861.0,Approved
168,3,Graduate,No,951441.0,1190000.0,24,471,2740569.0,0.0,818277.0,440262.0,Approved
169,2,Not Graduate,No,848496.0,1320000.0,18,891,4514002.0,0.0,1102780.0,333445.0,Approved
170,1,Not Graduate,Yes,3269247.0,3120000.0,12,536,7320381.0,2350235.0,4406330.0,1439744.0,Approved
171,1,Graduate,No,1521097.0,1150000.0,24,528,3987884.0,0.0,243793.0,965832.0,Approved
172,2,Not Graduate,No,725925.0,990000.0,24,430,5510034.0,0.0,624834.0,904461.0,Rejected
173,2,Graduate,No,1833825.0,3470000.0,12,690,1022003.0,0.0,2070357.0,3428734.0,Approved
174,2,Not Graduate,No,1804100.0,4650000.0,12,441,2198102.0,0.0,2283584.0,2910579.0,Rejected
175,3,Not Graduate,No,1081818.0,550000.0,60,679,4443513.0,0.0,1245611.0,2005821.0,Approved
176,2,Not Graduate,No,1078769.0,1940000.0,36,900,4515864.0,0.0,70796.0,1994801.0,Approved
177,1,Graduate,No,1684820.0,2380000.0,12,467,10849385.0,0.0,297453.0,2634594.0,Approved
178,3,Not Graduate,Yes,744110.0,990000.0,24,703,1649478.0,1621296.0,367409.0,1096394.0,Approved
179,1,Graduate,No,2285957.0,5380000.0,12,607,14831878.0,0.0,2685646.0,2838368.0,Approved
180,2,Graduate,Yes,1498742.0,1830000.0,18,746,3923113.0,4376605.0,1790004.0,332607.0,Approved
181,2,Not Graduate,No,804496.0,560000.0,18,659,514394.0,0.0,715338.0,327394.0,Approved
182,3,Graduate,Yes,1815001.0,3600000.0,24,552,3245862.0,3921125.0,2068190.0,2298514.0,Rejected
183,1,Graduate,No,1574687.0,3640000.0,36,397,11447592.0,0.0,1869242.0,2608749.0,Rejected
184,2,Not Graduate,Yes,1872970.0,4640000.0,48,609,14535281.0,1729830.0,2770597.0,1565296.0,Rejected
185,1,Not Graduate,Yes,480000.0,580000.0,24,816,3479268.0,1077065.0,392978.0,640517.0,Approved
186,2,Graduate,Yes,1949001.0,2650000.0,60,576,5121929.0,3818036.0,735062.0,2952301.0,Approved
187,1,Graduate,No,2260035.0,4060000.0,18,725,6717358.0,0.0,1288161.0,3308323.0,Approved
188,2,Graduate,No,1142820.0,2290000.0,12,609,795407.0,0.0,314415.0,1330722.0,Approved
189,0,Not Graduate,No,4025428.0,2720000.0,6,616,3653083.0,0.0,4073359.0,4055371.0,Approved
190,2,Not Graduate,Yes,505154.0,820000.0,48,578,3455928.0,631047.0,389796.0,211261.0,Approved
191,1,Not Graduate,No,480000.0,420000.0,12,476,2953603.0,0.0,306505.0,662935.0,Rejected
192,0,Graduate,No,646375.0,1230000.0,24,613,-63780.0,0.0,853439.0,284336.0,Rejected
193,1,Graduate,Yes,878950.0,1620000.0,12,716,4490369.0,504389.0,636680.0,1479253.0,Approved
194,2,Graduate,No,1856062.0,870000.0,6,633,11287153.0,0.0,1454398.0,3190446.0,Approved
195,1,Not Graduate,Yes,2611966.0,2540000.0,12,449,16597638.0,5026710.0,3900978.0,1562582.0,Approved
196,1,Not Graduate,Yes,707107.0,1000000.0,36,460,1601691.0,2823944.0,595686.0,980646.0,Approved
197,0,Graduate,No,3308152.0,3850000.0,48,648,8083530.0,0.0,1344513.0,5015610.0,Rejected
198,2,Not Graduate,No,800936.0,1990000.0,18,647,2530522.0,0.0,1124371.0,306208.0,Rejected
199,4,Not Graduate,Yes,2110698.0,2460000.0,36,695,1399245.0,4161181.0,704524.0,4141086.0,Approved
200,2,Not Graduate,No,2853157.0,4280000.0,24,808,13182576.0,0.0,1995274.0,468708.0,Approved
201,0,Graduate,No,785079.0,570000.0,48,560,3920087.0,0.0,708712.0,687143.0,Rejected
202,3,Graduate,No,643811.0,910000.0,12,620,1886229.0,0.0,245229.0,1034046.0,Rejected
203,1,Not Graduate,No,714448.0,640000.0,24,558,1264582.0,0.0,394807.0,145292.0,Approved
204,2,Not Graduate,No,946853.0,610000.0,12,558,5118537.0,0.0,1131534.0,1835405.0,Approved
205,0,Not Graduate,Yes,733032.0,450000.0,48,628,4700012.0,2710471.0,914443.0,417874.0,Approved
206,2,Graduate,No,1224705.0,1340000.0,18,741,4339014.0,0.0,1746588.0,194719.0,Rejected
207,1,Not Graduate,No,480000.0,250000.0,12,599,2179077.0,0.0,685003.0,875756.0,Approved
208,1,Not Graduate,No,3833046.0,11050000.0,12,548,8582644.0,0.0,3299044.0,6440931.0,Approved
209,2,Graduate,No,582462.0,390000.0,18,519,4451062.0,0.0,197098.0,393851.0,Approved
210,1,Not Graduate,No,744732.0,1860000.0,36,747,3711878.0,0.0,770745.0,240403.0,Approved
211,0,Not Graduate,Yes,1128119.0,1040000.0,36,709,7369353.0,1856826.0,247121.0,233600.0,Rejected
212,1,Graduate,No,1258676.0,2730000.0,6,568,9814078.0,0.0,1423722.0,642803.0,Rejected
213,0,Not Graduate,Yes,1832203.0,2820000.0,12,496,13805718.0,4958170.0,550138.0,1586781.0,Approved
214,1,Graduate,No,480000.0,1390000.0,24,437,2958778.0,0.0,435986.0,167528.0,Rejected
215,1,Not Graduate,No,2184303.0,4970000.0,36,467,2334754.0,0.0,1589708.0,762533.0,Rejected
216,0,Not Graduate,No,1241037.0,710000.0,36,685,7267083.0,0.0,355047.0,1109918.0,Approved
217,2,Not Graduate,Yes,2742177.0,1000000.0,12,782,14668981.0,8518988.0,2866504.0,2088029.0,Rejected
218,3,Not Graduate,No,614831.0,300000.0,60,501,3117232.0,0.0,304067.0,453868.0,Approved
219,0,Not Graduate,No,986514.0,1870000.0,18,716,4419388.0,0.0,595933.0,1684259.0,Approved
220,3,Not Graduate,Yes,1408667.0,1230000.0,12,710,8978193.0,1582420.0,1469041.0,2472423.0,Approved
221,1,Graduate,No,6400600.0,5660000.0,36,660,20019899.0,0.0,663353.0,4863049.0,Approved
222,2,Graduate,No,1374994.0,2400000.0,6,582,5792855.0,0.0,1755345.0,2176980.0,Approved
223,4,Graduate,No,3676753.0,1430000.0,6,602,28297265.0,0.0,2012717.0,1398210.0,Rejected
224,2,Not Graduate,No,1079291.0,2490000.0,36,699,3210010.0,0.0,844069.0,1186801.0,Rejected
225,0,Not Graduate,No,2865193.0,3140000.0,12,462,10149855.0,0.0,3852323.0,611435.0,Rejected
226,2,Not Graduate,No,1083602.0,1510000.0,12,890,3467322.0,0.0,1622357.0,1860225.0,Approved
227,3,Graduate,No,694192.0,1140000.0,24,494,3987541.0,0.0,152724.0,1302555.0,Rejected
228,4,Not Graduate,No,834984.0,1920000.0,36,565,3284390.0,0.0,1240926.0,766421.0,Approved
229,4,Graduate,No,1065934.0,2550000.0,60,639,1597997.0,0.0,964342.0,1176163.0,Approved
230,1,Graduate,No,686271.0,1850000.0,12,732,4042052.0,0.0,928157.0,995682.0,Approved
231,0,Not Graduate,No,1405690.0,3680000.0,12,658,7840917.0,0.0,1195358.0,278330.0,Approved
232,0,Not Graduate,No,770844.0,1340000.0,24,451,1034236.0,0.0,963277.0,293438.0,Rejected
233,0,Graduate,Yes,684453.0,1230000.0,48,588,5176447.0,712257.0,796981.0,1204283.0,Rejected
234,1,Not Graduate,No,1249271.0,2330000.0,12,608,2631084.0,0.0,1281510.0,1620137.0,Approved
235,4,Not Graduate,No,961175.0,550000.0,36,500,7155887.0,0.0,769700.0,1178330.0,Approved
236,0,Not Graduate,Yes,779658.0,1590000.0,24,442,1664912.0,2149465.0,610337.0,792754.0,Rejected
237,3,Graduate,No,1076966.0,570000.0,48,549,3085839.0,0.0,1244626.0,1269578.0,Approved
238,0,Graduate,No,934700.0,1290000.0,24,422,5534637.0,0.0,767773.0,237066.0,Rejected
239,4,Not Graduate,No,994959.0,2190000.0,12,606,7906912.0,0.0,506608.0,1496084.0,Approved
240,4,Not Graduate,No,2298992.0,6250000.0,18,833,16395586.0,0.0,2421620.0,3496098.0,Rejected
241,1,Not Graduate,No,2426985.0,1490000.0,24,697,4600876.0,0.0,781513.0,4453823.0,Approved
242,2,Graduate,No,923947.0,800000.0,36,513,468168.0,0.0,739661.0,1638108.0,Rejected
243,1,Not Graduate,Yes,1220886.0,3290000.0,36,570,7902115.0,4534682.0,846448.0,2403160.0,Rejected
244,0,Graduate,Yes,636948.0,990000.0,36,618,3570169.0,1200892.0,658827.0,381133.0,Approved
245,2,Graduate,No,1633063.0,2960000.0,12,507,968282.0,0.0,269094.0,600755.0,Rejected
246,1,Not Graduate,No,582753.0,1020000.0,18,706,2984035.0,0.0,536926.0,848957.0,Approved
247,2,Graduate,Yes,756831.0,360000.0,18,710,4627785.0,3026803.0,352072.0,388568.0,Approved
248,2,Graduate,No,944302.0,1350000.0,6,703,5932393.0,0.0,770241.0,466901.0,Approved
249,0,Not Graduate,Yes,548171.0,1200000.0,12,632,3661000.0,453056.0,621673.0,203439.0,Approved
250,1,Graduate,No,1199853.0,2530000.0,24,481,4081502.0,0.0,1737852.0,614969.0,Rejected
251,4,Graduate,No,1044401.0,1390000.0,48,672,7277225.0,0.0,295077.0,1812937.0,Approved
252,1,Not Graduate,Yes,662281.0,400000.0,48,599,2758388.0,1402824.0,460269.0,932911.0,Approved
253,1,Graduate,No,1639426.0,660000.0,6,714,2373494.0,0.0,474152.0,1464977.0,Approved
254,3,Not Graduate,No,1294402.0,3080000.0,18,552,3161684.0,0.0,1418731.0,165160.0,Rejected
255,2,Graduate,No,1242345.0,1130000.0,18,555,8639761.0,0.0,1104391.0,1446051.0,Rejected
256,0,Graduate,Yes,1223064.0,1320000.0,48,598,8247117.0,111744.0,261950.0,164477.0,Approved
257,0,Graduate,No,480000.0,560000.0,48,760,285303.0,0.0,55634.0,680000.0,Approved
258,3,Graduate,No,2307231.0,2680000.0,6,601,11448490.0,0.0,302807.0,476878.0,Approved
259,3,Not Graduate,Yes,480000.0,630000.0,18,649,2579268.0,1164686.0,502322.0,438840.0,Rejected
260,0,Graduate,No,1922371.0,3500000.0,36,644,2277894.0,0.0,834339.0,2741274.0,Approved
261,3,Graduate,No,1581955.0,1650000.0,18,649,6301048.0,0.0,1580754.0,1624126.0,Approved
262,1,Not Graduate,Yes,1304833.0,1250000.0,18,654,7461776.0,1258331.0,826873.0,1772567.0,Approved
263,4,Not Graduate,No,715548.0,810000.0,12,725,5499883.0,0.0,386499.0,978442.0,Approved
264,2,Graduate,No,1163475.0,2980000.0,12,638,2505633.0,0.0,758501.0,358284.0,Rejected
265,2,Graduate,No,1086870.0,1970000.0,36,632,1450212.0,0.0,1417275.0,162309.0,Rejected
266,3,Not Graduate,No,2886543.0,4610000.0,18,495,11070884.0,0.0,2266239.0,4983078.0,Rejected
267,2,Graduate,No,3028697.0,3970000.0,24,518,5833560.0,0.0,1801815.0,5232968.0,Approved
268,3,Graduate,Yes,1260332.0,1920000.0,60,576,2095545.0,790475.0,365770.0,1807346.0,Rejected
269,1,Graduate,Yes,486425.0,710000.0,18,769,1323615.0,743712.0,273049.0,782294.0,Approved
270,0,Not Graduate,No,1802142.0,1850000.0,6,437,12408712.0,0.0,1631901.0,3467758.0,Approved
271,1,Not Graduate,Yes,3266930.0,2860000.0,60,738,8880742.0,8240040.0,3052496.0,4139595.0,Approved
272,1,Graduate,No,2071951.0,2900000.0,12,391,6336070.0,0.0,2017434.0,2795999.0,Rejected
273,1,Not Graduate,No,1867610.0,3960000.0,24,655,2867673.0,0.0,1842079.0,2890587.0,Approved
274,2,Not Graduate,No,954076.0,1460000.0,12,397,5331307.0,0.0,452527.0,1696083.0,Rejected
275,1,Not Graduate,No,761285.0,1240000.0,18,650,4224023.0,0.0,424035.0,383896.0,Approved
276,1,Not Graduate,Yes,1005835.0,1880000.0,48,526,2921244.0,59877.0,908676.0,784577.0,Approved
277,0,Graduate,No,1097862.0,1840000.0,18,739,3704723.0,0.0,264659.0,602214.0,Approved
278,1,Graduate,No,1168493.0,2030000.0,24,682,2427728.0,0.0,912618.0,149177.0,Approved
279,3,Graduate,No,835932.0,1480000.0,36,556,1328869.0,0.0,375200.0,280960.0,Approved
280,2,Graduate,Yes,576339.0,1210000.0,12,599,1383256.0,1192396.0,461313.0,989456.0,Approved
281,0,Not Graduate,Yes,1153021.0,420000.0,36,532,3714594.0,2044934.0,992634.0,265491.0,Rejected
282,2,Graduate,No,584843.0,960000.0,12,508,2399350.0,0.0,766282.0,735296.0,Rejected
283,3,Not Graduate,No,702780.0,830000.0,36,539,629723.0,0.0,833095.0,501432.0,Approved
284,2,Not Graduate,Yes,1041263.0,1820000.0,24,468,5041149.0,4024972.0,1300234.0,1514618.0,Rejected
285,4,Not Graduate,Yes,2688703.0,2780000.0,18,643,16676989.0,1402350.0,3095174.0,4103769.0,Approved
286,0,Not Graduate,No,1788604.0,4740000.0,48,702,3547471.0,0.0,1666442.0,340649.0,Approved
287,0,Graduate,No,1434857.0,4070000.0,18,657,7295145.0,0.0,1020847.0,1311571.0,Approved
288,2,Graduate,No,2124721.0,2640000.0,18,648,15785417.0,0.0,837922.0,3996525.0,Approved
289,3,Graduate,No,899142.0,630000.0,24,344,5300098.0,0.0,893189.0,1423054.0,Approved
290,3,Not Graduate,No,1457635.0,4340000.0,36,643,3556325.0,0.0,2033240.0,2858442.0,Rejected
291,0,Graduate,No,2249496.0,1520000.0,12,589,8435815.0,0.0,3141622.0,1016890.0,Approved
292,2,Graduate,Yes,1385201.0,1410000.0,18,591,2700316.0,3281309.0,792144.0,1045061.0,Approved
293,0,Not Graduate,Yes,592674.0,1170000.0,6,533,3288109.0,1531115.0,242158.0,746415.0,Approved
294,1,Graduate,Yes,1885278.0,2960000.0,24,631,12449730.0,3554376.0,281640.0,2185343.0,Approved
295,2,Not Graduate,No,962989.0,1350000.0,12,470,3384492.0,0.0,826933.0,1611775.0,Rejected
296,2,Not Graduate,Yes,1222288.0,3480000.0,18,666,1618020.0,1257110.0,1692417.0,1328479.0,Approved
297,1,Not Graduate,No,531359.0,1050000.0,24,503,596986.0,0.0,777544.0,545365.0,Approved
298,4,Not Graduate,No,2332380.0,5140000.0,24,710,11723198.0,0.0,1107793.0,4353657.0,Approved
299,0,Graduate,No,813933.0,1520000.0,48,504,3194365.0,0.0,332850.0,371231.0,Rejected
300,1,Not Graduate,Yes,963042.0,1090000.0,36,561,4308983.0,1946022.0,1227661.0,98063.0,Approved
301,1,Graduate,No,480000.0,710000.0,18,720,1952761.0,0.0,631451.0,771722.0,Approved
302,0,Graduate,No,1003954.0,1270000.0,24,653,2172279.0,0.0,642316.0,1352625.0,Rejected
303,2,Graduate,No,863005.0,1930000.0,36,693,2274751.0,0.0,101651.0,616433.0,Approved
304,2,Graduate,No,752573.0,1530000.0,12,470,1835545.0,0.0,785013.0,860267.0,Approved
305,1,Not Graduate,No,2974881.0,2970000.0,24,469,15462849.0,0.0,4055249.0,2205511.0,Approved
306,1,Not Graduate,No,2397646.0,5370000.0,24,587,18664840.0,0.0,2944726.0,3722878.0,Approved
307,2,Graduate,No,672068.0,980000.0,24,657,4947727.0,0.0,711703.0,277850.0,Approved
308,1,Not Graduate,Yes,2683514.0,5230000.0,60,604,14059084.0,5509853.0,1182891.0,5301779.0,Approved
309,0,Graduate,No,756145.0,1710000.0,6,565,1015842.0,0.0,925088.0,555204.0,Approved
310,1,Graduate,No,480000.0,920000.0,24,615,1413023.0,0.0,475055.0,381085.0,Approved
311,2,Graduate,No,759718.0,410000.0,12,531,507043.0,0.0,365535.0,234382.0,Rejected
312,2,Graduate,No,1713832.0,770000.0,6,724,5473598.0,0.0,528289.0,282986.0,Approved
313,0,Graduate,No,1571799.0,1820000.0,6,604,10389353.0,0.0,240197.0,2790396.0,Approved
314,0,Not Graduate,No,593254.0,580000.0,60,619,1458130.0,0.0,716451.0,373826.0,Approved
315,2,Not Graduate,No,908661.0,1490000.0,12,757,769140.0,0.0,232635.0,328441.0,Approved
316,3,Not Graduate,No,1573726.0,3450000.0,24,702,2353378.0,0.0,1050371.0,333272.0,Approved
317,0,Not Graduate,No,480000.0,710000.0,24,781,2563785.0,0.0,618849.0,104737.0,Approved
318,1,Graduate,No,1077177.0,2830000.0,12,506,3824236.0,0.0,829606.0,1075506.0,Rejected
319,2,Graduate,Yes,1053243.0,920000.0,12,666,5205814.0,3930831.0,511090.0,2033664.0,Approved
320,0,Not Graduate,No,1301786.0,970000.0,12,672,9405579.0,0.0,250782.0,2219659.0,Rejected
321,3,Not Graduate,No,1510246.0,3500000.0,12,661,10745712.0,0.0,1070521.0,1642942.0,Rejected
322,3,Graduate,No,973250.0,2390000.0,12,571,3352564.0,0.0,498890.0,308228.0,Approved
323,1,Not Graduate,No,728119.0,1020000.0,12,523,1560260.0,0.0,188583.0,1091887.0,Rejected
324,3,Not Graduate,No,2255404.0,1910000.0,36,667,15033382.0,0.0,3148725.0,4341947.0,Approved
325,1,Not Graduate,No,480000.0,880000.0,18,803,532524.0,0.0,514194.0,832011.0,Approved
326,2,Graduate,No,1204339.0,970000.0,12,675,9212986.0,0.0,407711.0,1145009.0,Approved
327,0,Not Graduate,No,1736204.0,4450000.0,18,840,2556630.0,0.0,2227647.0,2642133.0,Approved
328,4,Not Graduate,Yes,2126666.0,2360000.0,18,618,9719072.0,1409031.0,2386789.0,2141640.0,Approved
329,2,Graduate,No,1202202.0,2580000.0,12,651,6904148.0,0.0,446474.0,1425499.0,Approved
330,2,Graduate,No,3156675.0,1870000.0,6,663,19781189.0,0.0,1288883.0,3705987.0,Approved
331,0,Graduate,Yes,491597.0,750000.0,6,425,642958.0,594206.0,588360.0,960326.0,Rejected
332,2,Not Graduate,No,2522436.0,2970000.0,24,722,15203814.0,0.0,1072978.0,450272.0,Approved
333,1,Graduate,No,925061.0,1690000.0,12,716,2310235.0,0.0,175524.0,233834.0,Approved
334,2,Graduate,No,2665553.0,4850000.0,36,790,7646370.0,0.0,1997642.0,3556663.0,Approved
335,2,Graduate,No,711303.0,1630000.0,6,747,1894383.0,0.0,809188.0,236762.0,Approved
336,2,Not Graduate,No,608989.0,500000.0,18,611,2266173.0,0.0,153623.0,1120055.0,Approved
337,3,Not Graduate,No,929748.0,1640000.0,18,554,717929.0,0.0,193539.0,212152.0,Approved
338,1,Graduate,Yes,1953129.0,2150000.0,24,625,13341256.0,1728592.0,2573727.0,3596602.0,Approved
339,3,Graduate,No,580391.0,260000.0,24,607,464706.0,0.0,159101.0,835893.0,Rejected
340,0,Not Graduate,Yes,927422.0,590000.0,12,529,2055326.0,2444203.0,1077480.0,252925.0,Approved
341,1,Graduate,No,857454.0,1890000.0,12,672,5519339.0,0.0,463076.0,1343311.0,Approved
342,1,Not Graduate,No,2913855.0,1360000.0,18,588,21257080.0,0.0,4307059.0,4179882.0,Approved
343,0,Graduate,Yes,480000.0,830000.0,36,447,710465.0,166201.0,684850.0,499249.0,Rejected
344,1,Not Graduate,No,755774.0,1630000.0,6,706,541099.0,0.0,929330.0,910247.0,Rejected
345,0,Graduate,Yes,768611.0,2070000.0,12,530,1816453.0,2750033.0,343796.0,579560.0,Approved
346,0,Not Graduate,No,1849949.0,4900000.0,18,638,11925045.0,0.0,1508953.0,209279.0,Approved
347,2,Not Graduate,No,1165682.0,1420000.0,36,496,730088.0,0.0,1440604.0,486327.0,Rejected
348,1,Not Graduate,No,1379093.0,3540000.0,24,751,6742967.0,0.0,1098252.0,2027259.0,Approved
349,3,Graduate,No,1124384.0,1440000.0,24,671,6599332.0,0.0,146030.0,305537.0,Rejected
350,1,Graduate,Yes,1161059.0,2400000.0,24,580,2983302.0,4417753.0,1065347.0,1182703.0,Rejected
351,2,Graduate,Yes,1825080.0,4930000.0,36,613,10981035.0,3261759.0,764400.0,1250701.0,Rejected
352,0,Graduate,No,674730.0,1540000.0,24,484,3085399.0,0.0,117046.0,259676.0,Rejected
353,3,Not Graduate,No,1121592.0,1790000.0,18,832,5777748.0,0.0,103239.0,872791.0,Approved
354,2,Not Graduate,Yes,1822965.0,1630000.0,60,723,11430271.0,2513868.0,2170704.0,1206756.0,Approved
355,0,Not Graduate,Yes,675106.0,2050000.0,48,747,3682752.0,964682.0,439375.0,1006991.0,Rejected
356,0,Not Graduate,No,529304.0,810000.0,6,660,889817.0,0.0,387498.0,978264.0,Approved
357,1,Graduate,Yes,1958113.0,1160000.0,60,672,9187565.0,1349707.0,739908.0,609721.0,Approved
358,0,Graduate,Yes,499729.0,530000.0,36,270,323288.0,635018.0,532835.0,775298.0,Rejected
359,2,Graduate,No,1637233.0,4350000.0,36,639,5181363.0,0.0,1662543.0,3113689.0,Rejected
360,0,Graduate,Yes,1127772.0,680000.0,12,650,2368093.0,2184995.0,574836.0,2157368.0,Approved
361,0,Graduate,No,480000.0,1300000.0,24,522,3152173.0,0.0,311927.0,631113.0,Approved
362,3,Graduate,No,1752198.0,4720000.0,12,734,5094194.0,0.0,522790.0,2741082.0,Approved
363,1,Not Graduate,No,2305878.0,5160000.0,18,540,17541978.0,0.0,1785526.0,1663487.0,Approved
364,1,Graduate,Yes,1660921.0,1670000.0,18,900,4460380.0,3368631.0,1021822.0,2010500.0,Approved
365,1,Not Graduate,No,667819.0,960000.0,24,680,715863.0,0.0,945506.0,178344.0,Approved
366,3,Graduate,Yes,480000.0,830000.0,24,651,1027034.0,1587369.0,545047.0,419564.0,Approved
367,0,Graduate,Yes,480000.0,250000.0,12,629,1464038.0,945100.0,272259.0,766388.0,Rejected
368,2,Not Graduate,Yes,992142.0,1820000.0,24,555,1507734.0,2969788.0,1175356.0,411940.0,Rejected
369,0,Graduate,Yes,1401332.0,2700000.0,24,548,3714767.0,398938.0,1414219.0,435722.0,Rejected
370,3,Graduate,No,1659089.0,2810000.0,18,678,8619668.0,0.0,2075410.0,1053598.0,Approved
371,4,Not Graduate,No,775779.0,2000000.0,12,843,965953.0,0.0,90005.0,1207169.0,Approved
372,1,Graduate,No,2414778.0,1710000.0,12,567,6365179.0,0.0,2402231.0,690927.0,Approved
373,1,Not Graduate,Yes,599295.0,550000.0,36,703,2228239.0,2163466.0,158816.0,682655.0,Approved
374,1,Not Graduate,No,2487959.0,2220000.0,12,436,4613103.0,0.0,1844482.0,2907148.0,Rejected
375,1,Not Graduate,No,480000.0,470000.0,6,607,1704809.0,0.0,713808.0,424302.0,Approved
376,3,Not Graduate,Yes,1936873.0,5330000.0,48,522,11063379.0,6350253.0,2509497.0,2392333.0,Approved
377,1,Graduate,Yes,769219.0,670000.0,24,480,4657850.0,575793.0,435686.0,903731.0,Approved
378,1,Not Graduate,Yes,1207952.0,800000.0,12,649,689851.0,4406112.0,1202879.0,1458867.0,Approved
379,2,Not Graduate,No,1668802.0,850000.0,36,637,7889184.0,0.0,1755290.0,3318867.0,Approved
380,2,Graduate,No,1490384.0,4420000.0,12,433,9139414.0,0.0,1115487.0,1794386.0,Approved
381,1,Graduate,No,609769.0,500000.0,18,730,2670954.0,0.0,308367.0,622519.0,Approved
382,0,Not Graduate,Yes,676052.0,300000.0,36,471,982551.0,702955.0,206494.0,822439.0,Approved
383,0,Graduate,Yes,1581525.0,2190000.0,12,585,8684329.0,2886623.0,957083.0,662908.0,Approved
384,2,Graduate,No,575104.0,960000.0,60,682,3255690.0,0.0,390697.0,495703.0,Approved
385,1,Graduate,Yes,875768.0,1830000.0,24,807,4905966.0,436537.0,988356.0,828790.0,Approved
386,0,Not Graduate,No,2733905.0,1710000.0,36,603,2227404.0,0.0,3921995.0,358141.0,Approved
387,0,Graduate,No,1237087.0,1140000.0,24,584,1525032.0,0.0,1752669.0,1661951.0,Approved
388,4,Graduate,No,1545908.0,2900000.0,12,538,6671416.0,0.0,2196142.0,2611639.0,Rejected
389,2,Graduate,No,1629657.0,3790000.0,24,640,7662346.0,0.0,777913.0,196966.0,Rejected
390,3,Graduate,No,1185405.0,3420000.0,6,645,3556274.0,0.0,1633830.0,1203975.0,Approved
391,0,Not Graduate,Yes,839028.0,2340000.0,6,470,6279748.0,963950.0,800397.0,562466.0,Approved
392,1,Graduate,Yes,1167296.0,1990000.0,48,704,6577555.0,635971.0,561934.0,872768.0,Rejected
393,1,Graduate,No,1425881.0,1730000.0,24,445,4438493.0,0.0,1223963.0,2111683.0,Approved
394,1,Not Graduate,Yes,758480.0,1560000.0,48,558,1592754.0,1169534.0,870720.0,270999.0,Rejected
395,0,Graduate,No,938175.0,2230000.0,36,741,5964002.0,0.0,1329045.0,626059.0,Rejected
396,0,Graduate,Yes,1117061.0,2100000.0,36,742,2571614.0,207977.0,1536853.0,919675.0,Approved
397,1,Graduate,No,1178864.0,2080000.0,6,463,8176869.0,0.0,1053034.0,1105715.0,Approved
398,1,Graduate,No,480000.0,750000.0,18,696,3828277.0,0.0,100905.0,146951.0,Approved
399,2,Not Graduate,Yes,1084750.0,1830000.0,60,642,2582774.0,238410.0,1542535.0,935590.0,Approved
400,0,Graduate,No,1227983.0,1840000.0,48,852,9163435.0,0.0,824496.0,264051.0,Approved
401,0,Not Graduate,No,1355011.0,2650000.0,6,879,2515992.0,0.0,1966665.0,1793560.0,Approved
402,0,Graduate,No,802898.0,840000.0,24,558,3813528.0,0.0,736668.0,623515.0,Approved
403,2,Graduate,Yes,1193494.0,950000.0,12,894,3105335.0,2246388.0,381512.0,1700994.0,Approved
404,0,Graduate,No,1564992.0,2440000.0,12,674,6295288.0,0.0,933758.0,1953710.0,Approved
405,2,Not Graduate,No,2246948.0,1300000.0,24,730,8826069.0,0.0,634185.0,4049220.0,Approved
406,3,Graduate,No,2057298.0,1560000.0,12,653,4888902.0,0.0,224182.0,437012.0,Approved
407,2,Not Graduate,No,1081628.0,940000.0,18,504,4868797.0,0.0,1058147.0,1191051.0,Approved
408,2,Graduate,No,692186.0,1780000.0,36,506,1757911.0,0.0,1000388.0,475343.0,Rejected
409,3,Not Graduate,No,2158141.0,2010000.0,48,651,12347029.0,0.0,1131184.0,4276668.0,Approved
410,0,Graduate,No,818808.0,1610000.0,60,450,2328118.0,0.0,255621.0,276844.0,Rejected
411,3,Not Graduate,No,877743.0,1090000.0,12,505,4602625.0,0.0,1169197.0,619716.0,Approved
412,4,Graduate,Yes,1606034.0,3430000.0,36,653,11736271.0,5844575.0,1675327.0,2750074.0,Approved
413,0,Graduate,No,1073571.0,2160000.0,24,603,6866538.0,0.0,495380.0,1199816.0,Approved
414,4,Not Graduate,No,1066671.0,850000.0,36,608,7589777.0,0.0,1158107.0,516859.0,Rejected
415,2,Graduate,Yes,1574227.0,3270000.0,18,565,9513163.0,1453557.0,250053.0,2584100.0,Approved
416,0,Not Graduate,Yes,1850818.0,4530000.0,24,578,10214639.0,5281944.0,1497635.0,799254.0,Approved
417,1,Not Graduate,Yes,652200.0,790000.0,36,491,2909510.0,2225042.0,533912.0,220008.0,Approved
418,2,Graduate,No,1187683.0,1920000.0,12,454,982461.0,0.0,100553.0,1317939.0,Rejected
419,1,Graduate,No,688687.0,1690000.0,18,580,5492367.0,0.0,533514.0,520913.0,Rejected
420,1,Graduate,No,991399.0,2030000.0,36,513,1389515.0,0.0,147044.0,360956.0,Approved
421,0,Not Graduate,No,2974882.0,2370000.0,24,638,15681401.0,0.0,2334938.0,4081418.0,Approved
422,2,Graduate,No,1199345.0,2360000.0,18,786,4516159.0,0.0,418947.0,953131.0,Approved
423,3,Graduate,No,1282247.0,1270000.0,36,504,3069067.0,0.0,587729.0,1908558.0,Approved
424,0,Not Graduate,No,480000.0,740000.0,6,590,781376.0,0.0,237674.0,583602.0,Rejected
425,2,Graduate,Yes,2205842.0,4520000.0,18,729,17303374.0,1515102.0,1860478.0,3599622.0,Approved
426,0,Not Graduate,No,572705.0,560000.0,12,523,3023107.0,0.0,104965.0,432090.0,Approved
427,1,Not Graduate,No,3883875.0,4840000.0,60,713,2558967.0,0.0,450622.0,3211348.0,Approved
428,0,Not Graduate,Yes,1108586.0,1660000.0,6,639,7828346.0,3743538.0,653153.0,1603767.0,Approved
429,3,Not Graduate,No,1409666.0,1030000.0,18,746,7853363.0,0.0,1856094.0,361319.0,Approved
430,2,Not Graduate,Yes,1778490.0,4040000.0,36,672,9506568.0,2391877.0,565809.0,1473390.0,Approved
431,3,Not Graduate,No,1090580.0,1380000.0,12,559,6490559.0,0.0,1161318.0,338788.0,Approved
432,2,Not Graduate,Yes,800390.0,1220000.0,36,496,2791208.0,2165059.0,677802.0,197782.0,Rejected
433,0,Graduate,No,1393085.0,690000.0,6,545,11109486.0,0.0,1030113.0,1093765.0,Approved
434,1,Graduate,No,921968.0,560000.0,24,552,7263050.0,0.0,899143.0,635581.0,Approved
435,1,Not Graduate,Yes,675786.0,360000.0,24,838,546578.0,1177086.0,123455.0,1088258.0,Approved
436,2,Not Graduate,No,1055303.0,990000.0,36,572,4605150.0,0.0,1243308.0,1545583.0,Approved
437,4,Graduate,Yes,1740020.0,1890000.0,12,543,12198328.0,5478020.0,1668448.0,979241.0,Rejected
438,2,Graduate,No,1354690.0,3040000.0,36,584,6739304.0,0.0,1213256.0,2160641.0,Approved
439,1,Graduate,No,2080039.0,940000.0,12,619,5468283.0,0.0,2940582.0,2297517.0,Approved
440,0,Graduate,No,1435156.0,3300000.0,12,687,11220179.0,0.0,828774.0,2304619.0,Approved
441,0,Not Graduate,No,1378505.0,2940000.0,18,506,7894005.0,0.0,1751710.0,644881.0,Rejected
442,0,Not Graduate,No,766891.0,770000.0,36,504,1777454.0,0.0,709722.0,1375541.0,Rejected
443,2,Graduate,No,1478036.0,3440000.0,6,568,9061897.0,0.0,624873.0,1841802.0,Approved
444,1,Not Graduate,No,1953617.0,670000.0,12,583,7778018.0,0.0,2280623.0,264545.0,Approved
445,2,Not Graduate,No,1809680.0,1280000.0,36,553,8879895.0,0.0,901146.0,2342033.0,Approved
446,3,Graduate,No,715092.0,360000.0,18,561,2111788.0,0.0,448039.0,804545.0,Approved
447,0,Graduate,No,1174277.0,890000.0,18,616,6940736.0,0.0,160870.0,464704.0,Approved
448,1,Not Graduate,No,924019.0,1860000.0,24,583,4877613.0,0.0,905486.0,488253.0,Rejected
449,1,Graduate,No,1316541.0,2170000.0,36,611,7152827.0,0.0,1249709.0,2277661.0,Approved
450,0,Not Graduate,No,1559205.0,780000.0,12,580,1700612.0,0.0,315438.0,2220527.0,Rejected
451,1,Not Graduate,No,1107729.0,1210000.0,18,596,4361661.0,0.0,1358100.0,779098.0,Approved
452,3,Not Graduate,Yes,2228581.0,4310000.0,24,677,17298716.0,189420.0,2914874.0,1074547.0,Rejected
453,2,Graduate,Yes,863060.0,650000.0,24,576,4187002.0,2181264.0,804252.0,1010791.0,Approved
454,0,Not Graduate,Yes,1108414.0,800000.0,12,594,5955717.0,4295187.0,937732.0,396130.0,Approved
455,1,Not Graduate,No,1152741.0,740000.0,18,629,2570136.0,0.0,1689780.0,1447956.0,Approved
456,3,Graduate,No,1897686.0,4690000.0,12,738,1691580.0,0.0,2356013.0,3239928.0,Approved
457,1,Not Graduate,No,2446360.0,2140000.0,12,708,4089479.0,0.0,2086679.0,1539647.0,Approved
458,2,Not Graduate,Yes,1310191.0,2690000.0,60,644,1881677.0,1097189.0,1324909.0,1789981.0,Rejected
459,2,Graduate,No,917256.0,1460000.0,36,501,584788.0,0.0,313757.0,231172.0,Rejected
460,2,Graduate,Yes,480000.0,400000.0,18,510,1504235.0,1016331.0,536039.0,376433.0,Rejected
461,2,Graduate,No,2322302.0,4910000.0,48,777,10617050.0,0.0,780675.0,2181001.0,Approved
462,2,Graduate,Yes,495448.0,1390000.0,6,549,449942.0,119821.0,485815.0,545952.0,Rejected
463,1,Graduate,Yes,1176613.0,940000.0,24,491,3058070.0,2599617.0,671170.0,1565821.0,Approved
464,3,Not Graduate,No,1247223.0,2370000.0,24,670,5357333.0,0.0,1622868.0,1448772.0,Approved
465,1,Graduate,Yes,1683630.0,1310000.0,18,718,11507820.0,1704390.0,2425563.0,2570743.0,Approved
466,2,Not Graduate,Yes,769349.0,340000.0,48,825,3877069.0,2980635.0,747347.0,463744.0,Approved
467,2,Not Graduate,No,609423.0,1150000.0,18,626,4323745.0,0.0,650036.0,347622.0,Approved
468,1,Not Graduate,No,1018327.0,2230000.0,24,603,4077260.0,0.0,901618.0,2000425.0,Approved
469,2,Not Graduate,No,2132581.0,2830000.0,12,460,9112435.0,0.0,1453319.0,3555579.0,Approved
470,0,Not Graduate,No,927883.0,1050000.0,18,628,5035730.0,0.0,252896.0,527920.0,Approved
471,2,Graduate,No,2225503.0,5710000.0,12,614,4453309.0,0.0,2119462.0,1539505.0,Approved
472,3,Graduate,No,2205358.0,2480000.0,36,744,5059096.0,0.0,1498239.0,3666231.0,Approved
473,3,Not Graduate,No,652259.0,1290000.0,36,806,2240392.0,0.0,677234.0,1026846.0,Approved
474,1,Not Graduate,No,709052.0,780000.0,24,703,5347931.0,0.0,779887.0,182156.0,Approved
475,2,Not Graduate,No,988291.0,1200000.0,36,651,6484616.0,0.0,1109671.0,1882704.0,Approved
476,1,Graduate,No,1338644.0,2260000.0,36,461,10049834.0,0.0,1986789.0,826433.0,Rejected
477,1,Not Graduate,No,1406227.0,1590000.0,36,426,8279218.0,0.0,83694.0,1237174.0,Approved
478,1,Not Graduate,Yes,1441368.0,1880000.0,12,537,7263995.0,1486125.0,163678.0,1439251.0,Rejected
479,2,Not Graduate,No,872749.0,1870000.0,48,529,6461777.0,0.0,539603.0,124413.0,Rejected
480,0,Graduate,No,1217200.0,2980000.0,18,639,3160348.0,0.0,1341294.0,1391338.0,Rejected
481,2,Graduate,No,523874.0,400000.0,48,665,1744311.0,0.0,698299.0,133892.0,Approved
482,2,Not Graduate,No,2408934.0,4830000.0,6,626,18540055.0,0.0,2702329.0,2944189.0,Rejected
483,1,Not Graduate,No,1071949.0,1690000.0,18,609,6378143.0,0.0,537520.0,1510020.0,Rejected
484,0,Not Graduate,Yes,944937.0,1760000.0,24,757,608115.0,1174256.0,1118628.0,305412.0,Approved
485,3,Graduate,No,923264.0,710000.0,48,642,4044102.0,0.0,100936.0,549756.0,Approved
486,0,Graduate,No,699341.0,1780000.0,36,669,5139743.0,0.0,675277.0,559345.0,Approved
487,2,Graduate,No,2601572.0,2330000.0,24,454,16066049.0,0.0,957436.0,5102833.0,Rejected
488,1,Graduate,No,1526945.0,3790000.0,12,654,9234728.0,0.0,1363292.0,2200473.0,Rejected
489,1,Not Graduate,No,2159387.0,4350000.0,36,593,9544155.0,0.0,279066.0,3625492.0,Rejected
490,1,Graduate,No,1127868.0,2510000.0,24,718,4905871.0,0.0,485453.0,1905893.0,Approved
491,0,Not Graduate,No,1653254.0,3550000.0,12,625,10438697.0,0.0,791632.0,3012205.0,Rejected
492,2,Not Graduate,No,574165.0,1550000.0,36,600,4580344.0,0.0,393705.0,914095.0,Approved
493,2,Not Graduate,No,793941.0,530000.0,24,693,1822282.0,0.0,613031.0,877499.0,Approved
494,2,Graduate,Yes,963432.0,460000.0,60,600,5230633.0,154552.0,919186.0,1750977.0,Approved
495,2,Not Graduate,No,749167.0,1030000.0,6,625,1058212.0,0.0,233049.0,1064414.0,Rejected
496,0,Graduate,Yes,776350.0,1150000.0,24,545,2265002.0,2511957.0,349175.0,1047604.0,Approved
497,1,Not Graduate,Yes,1085808.0,1510000.0,36,771,4439091.0,452231.0,525748.0,1525168.0,Approved
498,1,Not Graduate,No,1209709.0,1060000.0,18,562,7801884.0,0.0,122300.0,1606687.0,Approved
499,3,Graduate,No,990169.0,560000.0,24,489,3298631.0,0.0,856690.0,1672134.0,Approved
500,0,Graduate,No,728379.0,1850000.0,36,710,4197530.0,0.0,869543.0,771241.0,Approved
501,2,Not Graduate,No,1527558.0,3040000.0,6,476,3850879.0,0.0,115867.0,1607824.0,Rejected
502,2,Graduate,No,480000.0,1130000.0,18,618,2754941.0,0.0,570324.0,721243.0,Approved
503,2,Not Graduate,No,867500.0,1070000.0,36,748,834513.0,0.0,102495.0,198856.0,Rejected
504,0,Not Graduate,No,2399616.0,1460000.0,12,385,6058841.0,0.0,546821.0,1689944.0,Approved
505,2,Not Graduate,No,601212.0,1830000.0,18,668,706188.0,0.0,657526.0,846894.0,Rejected
506,1,Graduate,No,3491867.0,2390000.0,48,758,9603747.0,0.0,2932309.0,6627952.0,Approved
507,2,Graduate,No,924004.0,2400000.0,48,496,986479.0,0.0,930838.0,684543.0,Rejected
508,2,Not Graduate,No,2558216.0,2640000.0,18,737,15182333.0,0.0,1096278.0,3178179.0,Approved
509,2,Not Graduate,No,956286.0,1550000.0,24,893,3563664.0,0.0,782814.0,901823.0,Approved
510,0,Not Graduate,No,555776.0,1100000.0,12,561,2244596.0,0.0,495192.0,688396.0,Approved
511,3,Not Graduate,No,1645413.0,3710000.0,48,506,5791276.0,0.0,2293869.0,230396.0,Rejected
512,2,Not Graduate,No,1860598.0,2360000.0,24,668,7429460.0,0.0,1942422.0,3396410.0,Approved
513,1,Graduate,No,1199037.0,2870000.0,12,548,5501570.0,0.0,598374.0,432740.0,Rejected
514,3,Graduate,Yes,2298788.0,4930000.0,12,556,11335133.0,2616759.0,688818.0,2871482.0,Rejected
515,1,Graduate,No,2235792.0,4970000.0,6,487,4185267.0,0.0,1676333.0,3979239.0,Approved
516,2,Not Graduate,Yes,981678.0,2390000.0,36,878,5042925.0,3290908.0,1113831.0,907204.0,Approved
517,2,Not Graduate,No,1937391.0,4690000.0,36,555,13139013.0,0.0,1610940.0,2626302.0,Rejected
518,0,Not Graduate,No,1733855.0,3170000.0,24,570,7731082.0,0.0,1589797.0,2436921.0,Approved
519,1,Not Graduate,Yes,1643581.0,2810000.0,12,714,12026501.0,117624.0,1853606.0,3242517.0,Approved
520,2,Graduate,No,1421649.0,2350000.0,12,388,11104970.0,0.0,1673666.0,255555.0,Rejected
521,1,Graduate,No,1147510.0,2380000.0,24,603,5491247.0,0.0,735735.0,2127937.0,Approved
522,2,Graduate,No,842709.0,530000.0,12,697,5411508.0,0.0,907128.0,315295.0,Approved
523,2,Graduate,No,1798722.0,1790000.0,24,684,11210245.0,0.0,2034747.0,3410239.0,Approved
524,0,Not Graduate,No,1729043.0,3460000.0,48,809,5082899.0,0.0,573446.0,2968326.0,Rejected
525,2,Not Graduate,No,2489164.0,5870000.0,18,615,17459554.0,0.0,214549.0,4412753.0,Rejected
526,1,Not Graduate,No,1039997.0,1940000.0,36,720,1495725.0,0.0,1198335.0,1898815.0,Approved
527,4,Not Graduate,Yes,2116466.0,1150000.0,18,650,13594146.0,1086489.0,320208.0,1207010.0,Approved
528,2,Graduate,No,878734.0,2020000.0,24,607,4770000.0,0.0,1080133.0,1275802.0,Approved
529,2,Graduate,Yes,776993.0,650000.0,24,742,3536133.0,2660765.0,300978.0,1054625.0,Approved
530,3,Graduate,No,538572.0,1120000.0,36,675,2061145.0,0.0,349078.0,648554.0,Approved
531,2,Graduate,No,1606040.0,3280000.0,18,517,2583388.0,0.0,557583.0,608892.0,Rejected
532,0,Graduate,No,2072824.0,2280000.0,12,657,7109022.0,0.0,1106158.0,306889.0,Approved
533,2,Graduate,No,681270.0,1490000.0,12,665,1046727.0,0.0,525420.0,744883.0,Approved
534,0,Not Graduate,No,727596.0,1330000.0,12,666,5465215.0,0.0,1039498.0,757337.0,Approved
535,2,Graduate,Yes,661204.0,860000.0,18,544,3798675.0,421477.0,354698.0,1162370.0,Rejected
536,0,Graduate,No,1243599.0,950000.0,6,779,7727823.0,0.0,95951.0,1286534.0,Approved
537,0,Not Graduate,Yes,480000.0,640000.0,24,522,1765799.0,847005.0,524493.0,778901.0,Approved
538,1,Not Graduate,No,2053904.0,2100000.0,36,648,1758386.0,0.0,516882.0,610124.0,Rejected
539,3,Not Graduate,Yes,653912.0,300000.0,12,775,666909.0,1079841.0,897467.0,486944.0,Approved
540,1,Not Graduate,No,874189.0,1840000.0,6,645,439748.0,0.0,229830.0,185726.0,Approved
541,0,Not Graduate,No,619704.0,640000.0,36,442,1932776.0,0.0,489927.0,197583.0,Rejected
542,1,Graduate,No,1290375.0,3530000.0,36,598,2610286.0,0.0,1564521.0,275786.0,Rejected
543,1,Graduate,No,1916624.0,3640000.0,18,552,8171901.0,0.0,199260.0,3506359.0,Approved
544,1,Graduate,Yes,1875212.0,4300000.0,24,560,14545076.0,6579609.0,1297485.0,3381561.0,Approved
545,0,Graduate,Yes,1331757.0,2760000.0,24,641,4427962.0,3595368.0,733132.0,672289.0,Approved
546,2,Graduate,No,1539976.0,2650000.0,36,492,6917648.0,0.0,1922113.0,980849.0,Approved
547,1,Graduate,No,1321344.0,3010000.0,60,513,4607818.0,0.0,411277.0,1767410.0,Rejected
548,0,Not Graduate,No,1542165.0,4320000.0,36,658,6357147.0,0.0,1989424.0,3007538.0,Approved
549,2,Graduate,No,1666644.0,2290000.0,18,694,10215709.0,0.0,886554.0,1930830.0,Approved
550,1,Not Graduate,No,515337.0,870000.0,12,801,2656915.0,0.0,149785.0,513647.0,Approved
551,3,Not Graduate,No,1682734.0,4770000.0,36,656,4531631.0,0.0,1316621.0,2564103.0,Rejected
552,3,Graduate,No,756713.0,2330000.0,24,636,2467169.0,0.0,627612.0,990148.0,Rejected
553,2,Graduate,No,1191931.0,810000.0,6,479,6298695.0,0.0,244889.0,1440282.0,Rejected
554,2,Graduate,Yes,1571352.0,2150000.0,24,552,6447622.0,2633954.0,1606045.0,1691728.0,Rejected
555,2,Graduate,No,930842.0,1700000.0,36,733,1658425.0,0.0,352616.0,1085800.0,Approved
556,1,Graduate,Yes,1568903.0,2220000.0,18,640,3724918.0,1948410.0,946385.0,897828.0,Rejected
557,0,Graduate,No,1144858.0,1170000.0,36,732,3282469.0,0.0,431479.0,168352.0,Approved
558,0,Graduate,Yes,511446.0,1280000.0,36,606,1318344.0,177972.0,749008.0,273722.0,Rejected
559,0,Not Graduate,No,923238.0,2120000.0,12,560,6046681.0,0.0,816041.0,1173883.0,Rejected
560,2,Graduate,No,980609.0,1240000.0,36,722,3988566.0,0.0,1114555.0,974559.0,Approved
561,0,Not Graduate,No,833461.0,1210000.0,24,606,2211482.0,0.0,113860.0,1481798.0,Approved
562,3,Graduate,Yes,1563452.0,3360000.0,36,696,5551275.0,3197941.0,1524087.0,3071729.0,Approved
563,4,Not Graduate,No,648802.0,1800000.0,24,461,2509724.0,0.0,943904.0,1066017.0,Rejected
564,0,Graduate,No,743096.0,1440000.0,12,721,798686.0,0.0,789116.0,1020758.0,Approved
565,3,Graduate,No,1269094.0,2270000.0,6,620,3963711.0,0.0,930123.0,2393923.0,Approved
566,2,Graduate,Yes,1597676.0,3550000.0,36,605,806000.0,5147126.0,1493494.0,2029364.0,Approved
567,2,Not Graduate,Yes,2188257.0,1080000.0,12,664,13973923.0,271464.0,2242287.0,1931676.0,Approved
568,1,Not Graduate,Yes,844416.0,2110000.0,24,526,4923213.0,2308101.0,304947.0,1213696.0,Rejected
569,3,Not Graduate,No,480000.0,1250000.0,6,594,3441246.0,0.0,189648.0,508284.0,Rejected
570,1,Graduate,Yes,2395877.0,1220000.0,48,521,12446781.0,1534153.0,2286444.0,610696.0,Approved
571,0,Graduate,No,960290.0,1590000.0,18,680,5424818.0,0.0,676207.0,693774.0,Approved
572,1,Graduate,No,2098678.0,2130000.0,18,671,3861396.0,0.0,1854473.0,3034754.0,Approved
573,0,Not Graduate,No,1884258.0,4470000.0,24,563,4228403.0,0.0,1211488.0,1616844.0,Rejected
574,0,Not Graduate,Yes,711516.0,1010000.0,6,763,3311643.0,2424200.0,361458.0,110244.0,Approved
575,3,Not Graduate,No,704747.0,1790000.0,24,776,2361641.0,0.0,731666.0,306558.0,Approved
576,3,Not Graduate,Yes,962407.0,580000.0,36,686,5415101.0,2407453.0,227307.0,1425998.0,Approved
577,2,Graduate,No,769519.0,2020000.0,36,560,2339392.0,0.0,989456.0,159647.0,Rejected
578,4,Not Graduate,No,3049413.0,6880000.0,48,582,19467301.0,0.0,3094925.0,2223655.0,Rejected
579,1,Graduate,No,725813.0,560000.0,18,592,4280812.0,0.0,879700.0,1142074.0,Approved
580,1,Graduate,Yes,3138973.0,6260000.0,60,756,9781558.0,8228444.0,598933.0,5436062.0,Approved
581,1,Graduate,Yes,746498.0,610000.0,24,723,2386786.0,1974533.0,472762.0,282119.0,Approved
582,3,Not Graduate,No,480000.0,330000.0,18,731,2754824.0,0.0,329831.0,944680.0,Approved
583,4,Graduate,Yes,480000.0,670000.0,12,725,-79746.0,139758.0,255211.0,880104.0,Approved
584,1,Not Graduate,No,827113.0,1090000.0,12,512,2792131.0,0.0,1087576.0,1539005.0,Rejected
585,1,Graduate,No,480000.0,780000.0,6,560,1283713.0,0.0,474983.0,652971.0,Approved
586,0,Not Graduate,Yes,480000.0,840000.0,18,900,1127592.0,1511410.0,605817.0,804211.0,Approved
587,1,Not Graduate,No,529621.0,1040000.0,36,668,2690101.0,0.0,50000.0,803659.0,Approved
588,2,Not Graduate,No,2112675.0,2150000.0,12,624,5202002.0,0.0,2284819.0,3086678.0,Approved
589,3,Not Graduate,Yes,813769.0,960000.0,12,764,1628786.0,2202493.0,950809.0,1378874.0,Rejected
590,0,Graduate,Yes,1612721.0,2190000.0,24,590,6993684.0,4674441.0,431846.0,2823143.0,Approved
591,1,Not Graduate,No,532620.0,1300000.0,24,568,4053071.0,0.0,356177.0,300672.0,Rejected
592,1,Not Graduate,Yes,1931138.0,990000.0,24,675,2419287.0,1851757.0,231272.0,261902.0,Approved
593,2,Graduate,No,698358.0,1690000.0,12,622,1768583.0,0.0,432732.0,1082887.0,Approved
594,2,Graduate,No,936208.0,850000.0,6,675,5654794.0,0.0,1238649.0,839354.0,Approved
595,1,Graduate,No,1136352.0,2040000.0,24,743,2206893.0,0.0,473428.0,1825914.0,Approved
596,2,Not Graduate,No,1093025.0,630000.0,24,593,2490388.0,0.0,1001501.0,1983139.0,Approved
597,1,Graduate,No,1189303.0,1420000.0,18,523,7657014.0,0.0,1645375.0,1508617.0,Rejected
598,1,Graduate,No,1681741.0,3830000.0,36,778,3433072.0,0.0,946832.0,1799065.0,Approved
599,1,Graduate,No,689373.0,1450000.0,36,728,4819328.0,0.0,239099.0,138747.0,Approved
600,2,Not Graduate,Yes,719323.0,1920000.0,36,576,3676332.0,244006.0,228988.0,1154289.0,Rejected
601,1,Graduate,Yes,1121642.0,1570000.0,18,558,3559565.0,1735479.0,817275.0,208490.0,Rejected
602,2,Graduate,No,1024838.0,2030000.0,6,594,3852253.0,0.0,1117612.0,1023725.0,Approved
603,1,Not Graduate,No,555174.0,650000.0,12,591,2555160.0,0.0,652532.0,787822.0,Approved
604,2,Not Graduate,Yes,2768475.0,7190000.0,18,615,15059159.0,2580592.0,3091177.0,4183576.0,Rejected
605,3,Not Graduate,Yes,480000.0,380000.0,18,524,683093.0,166750.0,133464.0,487873.0,Approved
606,1,Graduate,No,1439599.0,2910000.0,18,766,7543802.0,0.0,1756491.0,1546974.0,Approved
607,3,Not Graduate,No,1039671.0,2680000.0,12,703,1576640.0,0.0,326519.0,1906715.0,Approved
608,3,Not Graduate,No,796737.0,760000.0,18,495,-183440.0,0.0,1131417.0,856072.0,Approved
609,3,Graduate,No,663394.0,1720000.0,18,635,4715171.0,0.0,556492.0,1092695.0,Rejected
610,3,Not Graduate,No,1722387.0,2820000.0,6,694,1143024.0,0.0,1952209.0,2749982.0,Approved
611,2,Not Graduate,No,3901737.0,5540000.0,24,581,25129732.0,0.0,4038918.0,6935937.0,Rejected
612,1,Not Graduate,Yes,1405071.0,2840000.0,6,717,9594262.0,812930.0,918209.0,1966160.0,Approved
613,1,Not Graduate,No,1903314.0,1330000.0,18,638,2781212.0,0.0,2167115.0,1821876.0,Approved
614,0,Graduate,Yes,480000.0,540000.0,18,547,1978069.0,1760246.0,284546.0,450219.0,Approved
615,2,Not Graduate,No,990258.0,1470000.0,24,708,7231991.0,0.0,1090385.0,1410589.0,Approved
616,0,Not Graduate,No,1575212.0,2760000.0,12,751,1388120.0,0.0,1571253.0,1319659.0,Rejected
617,1,Graduate,No,1161281.0,3400000.0,24,517,1280598.0,0.0,1734713.0,2226168.0,Approved
618,0,Graduate,No,1976255.0,1840000.0,12,597,-80210.0,0.0,2190459.0,642942.0,Rejected
619,2,Not Graduate,No,1936768.0,4880000.0,24,600,9677086.0,0.0,2103607.0,3838741.0,Rejected
620,1,Graduate,No,1444230.0,2960000.0,48,632,6007910.0,0.0,1842013.0,2484249.0,Approved
621,0,Graduate,No,834577.0,1160000.0,24,283,3751386.0,0.0,744012.0,1644557.0,Rejected
622,2,Not Graduate,Yes,800091.0,1160000.0,18,510,586107.0,1371983.0,1134218.0,1275818.0,Rejected
623,0,Graduate,No,480000.0,1020000.0,18,476,3373631.0,0.0,193241.0,275971.0,Rejected
624,0,Graduate,No,1243459.0,900000.0,36,615,1011541.0,0.0,1234568.0,1307596.0,Approved
625,2,Not Graduate,No,1443338.0,3760000.0,6,594,10620938.0,0.0,2006419.0,359869.0,Rejected
626,0,Not Graduate,Yes,1578899.0,840000.0,48,516,11804827.0,6309341.0,2022380.0,259318.0,Approved
627,1,Graduate,No,2200054.0,1710000.0,12,503,7315095.0,0.0,1449170.0,4095649.0,Approved
628,1,Not Graduate,No,1390620.0,1650000.0,36,550,5746800.0,0.0,1896487.0,1668881.0,Rejected
629,0,Graduate,No,526497.0,570000.0,6,752,493888.0,0.0,778059.0,412298.0,Approved
630,2,Graduate,Yes,2339562.0,3790000.0,60,549,7421937.0,6617433.0,963826.0,4678151.0,Approved
631,4,Not Graduate,Yes,755406.0,600000.0,12,550,3952452.0,287467.0,963874.0,184961.0,Rejected
632,1,Not Graduate,No,480000.0,150000.0,24,513,624976.0,0.0,262480.0,765355.0,Rejected
633,2,Graduate,Yes,1702777.0,2610000.0,6,554,1891473.0,890262.0,258514.0,1077043.0,Rejected
634,2,Graduate,Yes,916759.0,2480000.0,24,657,769501.0,645224.0,767752.0,1118369.0,Rejected
635,0,Graduate,No,1146960.0,1680000.0,24,590,4194255.0,0.0,1332000.0,1572557.0,Approved
636,3,Not Graduate,No,1584626.0,1790000.0,36,624,7193426.0,0.0,2291583.0,2238279.0,Rejected
637,0,Not Graduate,No,2901796.0,6380000.0,12,766,7467034.0,0.0,1121597.0,2929416.0,Approved
638,3,Graduate,No,480000.0,490000.0,48,503,819756.0,0.0,125191.0,55559.0,Rejected
639,1,Not Graduate,No,892616.0,2000000.0,12,559,5278451.0,0.0,1258764.0,838779.0,Approved
640,3,Not Graduate,No,1262345.0,860000.0,36,498,8457031.0,0.0,300266.0,370013.0,Approved
641,1,Graduate,No,480000.0,250000.0,24,391,1989656.0,0.0,394057.0,343661.0,Rejected
642,3,Not Graduate,No,1984411.0,5740000.0,12,741,3249662.0,0.0,2911768.0,1007135.0,Approved
643,2,Graduate,No,1942578.0,5100000.0,24,701,14535332.0,0.0,1819864.0,3789649.0,Approved
644,1,Not Graduate,No,2880153.0,2550000.0,12,812,2713411.0,0.0,3882765.0,4883121.0,Approved
645,0,Not Graduate,No,768717.0,480000.0,36,769,3878207.0,0.0,147177.0,300039.0,Approved
646,1,Graduate,No,552742.0,1030000.0,12,659,1405132.0,0.0,146847.0,479300.0,Approved
647,0,Graduate,No,811271.0,1660000.0,12,706,4361475.0,0.0,814332.0,644354.0,Approved
648,1,Graduate,No,933244.0,2680000.0,48,679,4939042.0,0.0,1356638.0,1276835.0,Approved
649,4,Not Graduate,No,2302066.0,3370000.0,12,773,5207582.0,0.0,277455.0,2149609.0,Approved
650,1,Not Graduate,No,1731377.0,3660000.0,36,439,8259351.0,0.0,439754.0,3355342.0,Rejected
651,1,Graduate,Yes,595947.0,440000.0,12,573,383923.0,156745.0,848524.0,768312.0,Approved
652,1,Not Graduate,No,2657989.0,4150000.0,12,590,5729498.0,0.0,352408.0,3576832.0,Approved
653,0,Not Graduate,No,1014882.0,2400000.0,18,628,648824.0,0.0,325113.0,1095143.0,Approved
654,2,Not Graduate,No,654697.0,410000.0,12,823,3177021.0,0.0,725063.0,872755.0,Approved
655,3,Not Graduate,No,864630.0,1120000.0,24,501,5508141.0,0.0,139927.0,540154.0,Rejected
656,2,Not Graduate,No,1350315.0,3240000.0,6,718,9952412.0,0.0,1938201.0,1343342.0,Approved
657,1,Graduate,No,908940.0,590000.0,48,501,2675821.0,0.0,490329.0,1134634.0,Rejected
658,0,Graduate,No,495289.0,810000.0,24,603,332624.0,0.0,665095.0,980400.0,Rejected
659,3,Graduate,No,2911926.0,5090000.0,12,408,5038103.0,0.0,3219916.0,3750294.0,Rejected
660,0,Not Graduate,No,1063518.0,1160000.0,12,660,7783696.0,0.0,308796.0,1165387.0,Approved
661,1,Graduate,No,750174.0,750000.0,24,610,3156934.0,0.0,392552.0,150306.0,Approved
662,0,Not Graduate,Yes,1185081.0,3520000.0,18,523,2997979.0,3649237.0,419239.0,322287.0,Approved
663,2,Not Graduate,No,1433125.0,2940000.0,12,579,7382429.0,0.0,1609360.0,1721486.0,Rejected
664,2,Not Graduate,No,608570.0,1480000.0,24,725,329494.0,0.0,120084.0,158452.0,Approved
665,3,Not Graduate,No,488123.0,740000.0,6,505,3083365.0,0.0,396382.0,331912.0,Approved
666,1,Graduate,Yes,480000.0,910000.0,36,832,2671819.0,62951.0,193845.0,115494.0,Approved
667,2,Not Graduate,No,1732645.0,4420000.0,24,442,6990278.0,0.0,246948.0,1427115.0,Rejected
668,3,Not Graduate,No,1333965.0,3200000.0,36,606,7533672.0,0.0,1572858.0,449335.0,Approved
669,0,Not Graduate,No,2063637.0,2410000.0,36,456,12990819.0,0.0,387334.0,2684703.0,Approved
670,3,Not Graduate,No,1311359.0,2710000.0,6,701,3409861.0,0.0,86105.0,2470702.0,Approved
671,2,Not Graduate,No,2752578.0,5220000.0,60,781,20653936.0,0.0,1011791.0,3848390.0,Rejected
672,1,Graduate,No,1606943.0,3510000.0,12,585,6737807.0,0.0,1624397.0,183549.0,Rejected
673,0,Not Graduate,No,987903.0,520000.0,24,498,6108383.0,0.0,187713.0,1508383.0,Rejected
674,1,Not Graduate,No,480000.0,590000.0,24,645,1316444.0,0.0,268747.0,939591.0,Approved
675,3,Graduate,No,817343.0,750000.0,24,630,819903.0,0.0,862212.0,1267266.0,Rejected
676,0,Not Graduate,No,776883.0,1880000.0,12,647,1320498.0,0.0,60931.0,777960.0,Approved
677,0,Not Graduate,No,589517.0,410000.0,6,624,4599290.0,0.0,330918.0,976101.0,Approved
678,0,Graduate,No,2186571.0,5420000.0,12,516,2898874.0,0.0,479732.0,2227170.0,Approved
679,1,Not Graduate,Yes,991567.0,870000.0,18,631,531231.0,2103189.0,1471559.0,1645780.0,Approved
680,2,Not Graduate,No,1104231.0,1040000.0,36,619,1170531.0,0.0,1037853.0,1700655.0,Approved
681,1,Not Graduate,No,1124147.0,1900000.0,6,725,4329312.0,0.0,1339458.0,2123513.0,Approved
682,3,Graduate,No,650320.0,1250000.0,18,460,4973897.0,0.0,757123.0,664789.0,Rejected
683,2,Graduate,No,1575497.0,2390000.0,36,790,4034987.0,0.0,968092.0,732094.0,Rejected
684,2,Graduate,No,609955.0,970000.0,24,640,1261338.0,0.0,508325.0,855360.0,Approved
685,1,Graduate,Yes,1173888.0,3080000.0,18,681,8321951.0,1331417.0,220277.0,750312.0,Rejected
686,0,Not Graduate,No,1387852.0,3790000.0,12,548,2761287.0,0.0,1396337.0,2195323.0,Approved
687,4,Not Graduate,No,722334.0,1010000.0,24,746,4648062.0,0.0,197948.0,835861.0,Approved
688,2,Not Graduate,No,480000.0,230000.0,18,462,1926958.0,0.0,182137.0,51012.0,Approved
689,1,Not Graduate,No,652318.0,1010000.0,24,553,980360.0,0.0,789879.0,274587.0,Approved
690,1,Not Graduate,Yes,796350.0,1630000.0,24,559,874200.0,1214710.0,317651.0,461501.0,Rejected
691,2,Not Graduate,No,723092.0,1370000.0,24,673,3725932.0,0.0,323970.0,303090.0,Approved
692,1,Not Graduate,Yes,503664.0,580000.0,12,507,2242676.0,294192.0,431768.0,991385.0,Approved
693,2,Graduate,No,558507.0,250000.0,24,670,2011147.0,0.0,223644.0,602423.0,Approved
694,3,Graduate,No,3860493.0,4500000.0,24,476,9772037.0,0.0,2736119.0,1890572.0,Approved
695,3,Graduate,Yes,2188408.0,980000.0,18,709,3210614.0,7708821.0,170587.0,768708.0,Approved
696,0,Graduate,No,2006700.0,4200000.0,60,557,1943348.0,0.0,3007632.0,1228804.0,Approved
697,2,Graduate,Yes,992433.0,690000.0,12,553,4819215.0,1717734.0,1218703.0,626201.0,Approved
698,1,Graduate,Yes,1728940.0,790000.0,48,676,5065410.0,340681.0,1214141.0,2472306.0,Approved
699,3,Not Graduate,Yes,836094.0,2370000.0,6,699,3520947.0,1206936.0,1059070.0,105187.0,Approved
700,2,Not Graduate,No,1984481.0,5120000.0,12,651,8359994.0,0.0,940140.0,1603731.0,Rejected
701,1,Graduate,Yes,603177.0,1560000.0,36,651,961069.0,923517.0,836215.0,84555.0,Rejected
702,1,Graduate,No,1579596.0,3180000.0,12,565,12051284.0,0.0,1045162.0,3041850.0,Rejected
703,3,Not Graduate,No,1575459.0,1510000.0,12,648,9255704.0,0.0,359045.0,1236485.0,Approved
704,2,Not Graduate,No,1303089.0,1250000.0,12,457,4945964.0,0.0,1294576.0,397217.0,Approved
705,1,Graduate,Yes,915698.0,850000.0,18,656,6691812.0,775207.0,810971.0,1013235.0,Approved
706,1,Not Graduate,Yes,1534666.0,2540000.0,24,704,10783275.0,3730820.0,818190.0,926587.0,Approved
707,2,Not Graduate,No,1140969.0,3050000.0,48,479,4885720.0,0.0,890940.0,1563343.0,Approved
708,2,Graduate,No,9106911.0,5480000.0,12,493,69228847.0,0.0,841974.0,4275899.0,Approved
709,1,Not Graduate,Yes,526332.0,790000.0,60,590,1931756.0,1897126.0,771079.0,1030003.0,Approved
710,0,Not Graduate,Yes,2075353.0,1530000.0,12,432,10759374.0,2354988.0,1438756.0,3557483.0,Approved
711,2,Not Graduate,No,2781083.0,6030000.0,12,571,3766316.0,0.0,3447964.0,1040225.0,Rejected
712,0,Not Graduate,No,1834946.0,1510000.0,60,608,14458235.0,0.0,2531376.0,969275.0,Approved
713,0,Not Graduate,No,1554938.0,1590000.0,24,537,7068671.0,0.0,247477.0,974309.0,Approved
714,0,Not Graduate,Yes,1971095.0,3780000.0,36,721,9923591.0,5643342.0,1841606.0,867675.0,Approved
715,2,Graduate,No,1771120.0,4110000.0,18,612,2136057.0,0.0,700535.0,2653747.0,Approved
716,3,Not Graduate,Yes,1007100.0,1050000.0,36,651,7063012.0,2944812.0,1423092.0,556402.0,Approved
717,2,Not Graduate,No,768577.0,2170000.0,6,847,5167181.0,0.0,223498.0,434811.0,Approved
718,0,Not Graduate,Yes,1045413.0,1210000.0,6,536,3142930.0,628956.0,1421189.0,1020880.0,Approved
719,0,Graduate,No,637606.0,1940000.0,18,658,4937481.0,0.0,493171.0,861830.0,Approved
720,1,Graduate,No,2136277.0,2430000.0,12,618,2945359.0,0.0,1482463.0,3081232.0,Approved
721,0,Not Graduate,Yes,1146180.0,2370000.0,12,781,2078209.0,2612880.0,368416.0,1059627.0,Rejected
722,0,Not Graduate,No,1147821.0,480000.0,24,601,7404481.0,0.0,1145507.0,1974674.0,Approved
723,2,Not Graduate,No,2328974.0,5230000.0,24,507,12039955.0,0.0,436480.0,2833148.0,Rejected
724,1,Graduate,Yes,1004699.0,1690000.0,36,619,3311502.0,2770867.0,1032217.0,788410.0,Approved
725,1,Not Graduate,Yes,1382207.0,3820000.0,6,762,1512813.0,2045373.0,408891.0,1024778.0,Approved
726,0,Not Graduate,No,3089821.0,2200000.0,24,475,13873333.0,0.0,3633658.0,3326012.0,Approved
727,4,Graduate,No,2452590.0,3830000.0,24,702,4470619.0,0.0,685075.0,4425505.0,Approved
728,4,Not Graduate,Yes,1894003.0,2850000.0,24,642,3962115.0,4377717.0,2479849.0,2408419.0,Approved
729,0,Graduate,No,643766.0,640000.0,12,616,2785777.0,0.0,856873.0,888994.0,Approved
730,4,Not Graduate,No,1747424.0,4310000.0,18,526,4915341.0,0.0,748521.0,2396701.0,Rejected
731,3,Graduate,No,480000.0,370000.0,18,698,592205.0,0.0,593112.0,451634.0,Approved
732,0,Not Graduate,Yes,1107860.0,880000.0,6,564,7765044.0,627719.0,93675.0,1519519.0,Approved
733,1,Graduate,No,1895101.0,1300000.0,12,770,14678420.0,0.0,159550.0,552031.0,Approved
734,0,Graduate,No,1542821.0,3410000.0,24,459,5017842.0,0.0,1186382.0,1752227.0,Approved
735,1,Graduate,No,855370.0,1170000.0,24,848,4820918.0,0.0,509028.0,582732.0,Approved
736,3,Not Graduate,Yes,996888.0,2850000.0,36,512,741247.0,327707.0,1379153.0,1344534.0,Rejected
737,0,Not Graduate,No,983891.0,430000.0,12,541,2807212.0,0.0,430575.0,1846111.0,Approved
738,1,Not Graduate,No,1087761.0,1800000.0,48,530,2965917.0,0.0,876139.0,1036525.0,Approved
739,0,Not Graduate,No,480000.0,960000.0,24,792,417958.0,0.0,677654.0,611892.0,Approved
740,1,Graduate,No,752525.0,1010000.0,48,544,3002660.0,0.0,354019.0,756241.0,Approved
741,0,Graduate,No,480000.0,1210000.0,6,610,918845.0,0.0,560671.0,270117.0,Rejected
742,0,Not Graduate,No,1360640.0,3230000.0,36,727,3885860.0,0.0,868293.0,817464.0,Approved
743,1,Not Graduate,No,923679.0,2070000.0,60,666,3948309.0,0.0,114061.0,1417443.0,Approved
744,3,Graduate,No,2071304.0,2290000.0,36,594,13851251.0,0.0,343861.0,3828960.0,Approved
745,1,Graduate,Yes,1886955.0,2620000.0,24,727,8309272.0,4367159.0,637367.0,3203657.0,Rejected
746,2,Graduate,No,1299270.0,3570000.0,24,442,5436767.0,0.0,1915282.0,178230.0,Approved
747,2,Not Graduate,No,4073777.0,4160000.0,18,695,23796903.0,0.0,4066732.0,556851.0,Approved
748,3,Not Graduate,Yes,731272.0,1540000.0,24,776,2849693.0,1838747.0,799481.0,215876.0,Approved
749,1,Graduate,No,1137169.0,550000.0,12,633,9020304.0,0.0,368704.0,1886778.0,Approved
750,0,Graduate,No,4154600.0,7420000.0,18,644,11126133.0,0.0,3714884.0,4617764.0,Rejected
751,1,Not Graduate,Yes,659229.0,590000.0,12,549,4958368.0,2477219.0,50000.0,373414.0,Approved
752,2,Not Graduate,No,1309816.0,1410000.0,48,761,3938482.0,0.0,1821300.0,2327744.0,Approved
753,1,Not Graduate,No,912873.0,520000.0,18,730,6364029.0,0.0,1168454.0,194363.0,Approved
754,1,Not Graduate,No,1895637.0,5150000.0,24,733,8479243.0,0.0,2573032.0,3156557.0,Approved
755,2,Not Graduate,No,1195545.0,3060000.0,24,619,1538953.0,0.0,1349238.0,1090308.0,Rejected
756,1,Not Graduate,No,486870.0,800000.0,60,519,3307392.0,0.0,118270.0,800279.0,Rejected
757,2,Graduate,No,1547775.0,2760000.0,12,680,10830467.0,0.0,1276768.0,1417329.0,Approved
758,2,Not Graduate,No,675167.0,1090000.0,18,724,725338.0,0.0,797811.0,160222.0,Approved
759,0,Not Graduate,No,822950.0,370000.0,24,432,1695298.0,0.0,1150152.0,558261.0,Rejected
760,1,Not Graduate,No,1042770.0,1560000.0,36,518,7988286.0,0.0,777052.0,565333.0,Rejected
761,0,Graduate,Yes,2485041.0,6450000.0,48,780,4516315.0,5753312.0,840833.0,4223400.0,Approved
762,0,Not Graduate,No,801046.0,430000.0,48,588,5541487.0,0.0,513933.0,814213.0,Approved
763,0,Graduate,No,625167.0,1570000.0,36,601,3895566.0,0.0,506460.0,481612.0,Approved
764,0,Not Graduate,Yes,763275.0,490000.0,6,431,4013397.0,2566589.0,317655.0,1516837.0,Rejected
765,0,Not Graduate,No,3340210.0,3470000.0,12,771,5138921.0,0.0,1874562.0,836011.0,Approved
766,2,Graduate,No,2030029.0,4960000.0,36,534,12727676.0,0.0,2107086.0,2199009.0,Approved
767,2,Not Graduate,No,715612.0,1950000.0,18,445,614574.0,0.0,73832.0,1039560.0,Rejected
768,0,Not Graduate,No,846066.0,800000.0,12,719,3592666.0,0.0,277688.0,291666.0,Approved
769,0,Graduate,No,712112.0,1680000.0,48,493,678401.0,0.0,869894.0,471178.0,Approved
770,4,Not Graduate,No,1329114.0,2630000.0,24,454,3535107.0,0.0,351286.0,475246.0,Rejected
771,2,Not Graduate,Yes,764714.0,530000.0,24,590,4981300.0,874701.0,484703.0,1089726.0,Approved
772,3,Graduate,No,830016.0,2050000.0,18,676,2264593.0,0.0,277980.0,687726.0,Approved
773,2,Not Graduate,Yes,1807232.0,5070000.0,36,581,1174324.0,5764270.0,1213705.0,442899.0,Approved
774,0,Graduate,Yes,2475817.0,4570000.0,6,597,3811896.0,3468819.0,2953886.0,4692679.0,Rejected
775,0,Not Graduate,No,1452222.0,2550000.0,18,619,1452839.0,0.0,141438.0,460751.0,Approved
776,1,Graduate,No,480000.0,230000.0,18,702,263773.0,0.0,624614.0,616236.0,Approved
777,4,Not Graduate,No,1559207.0,1130000.0,60,539,1060666.0,0.0,1607509.0,965379.0,Rejected
778,2,Graduate,No,656197.0,1130000.0,12,664,4358788.0,0.0,398345.0,446832.0,Approved
779,2,Graduate,Yes,2457914.0,6360000.0,12,524,9344406.0,8086315.0,2376105.0,1403214.0,Rejected
780,1,Not Graduate,Yes,2954278.0,1370000.0,18,652,15146024.0,11003005.0,3940303.0,473491.0,Approved
781,1,Graduate,No,1656359.0,1130000.0,24,614,8990013.0,0.0,1386779.0,428449.0,Approved
782,4,Graduate,No,1262553.0,3150000.0,36,687,3427080.0,0.0,615592.0,1664370.0,Approved
783,0,Graduate,No,1789828.0,2280000.0,24,545,2475303.0,0.0,1930422.0,1080550.0,Rejected
784,2,Graduate,No,1687902.0,3890000.0,24,648,5234789.0,0.0,155689.0,2292324.0,Rejected
785,4,Not Graduate,No,2717243.0,3980000.0,12,655,7476569.0,0.0,2661420.0,1867580.0,Approved
786,0,Not Graduate,No,1392747.0,3490000.0,6,707,9698942.0,0.0,1303179.0,2765656.0,Approved
787,1,Graduate,No,1469430.0,2800000.0,24,734,9106413.0,0.0,1335789.0,1840479.0,Approved
788,2,Not Graduate,No,892686.0,1240000.0,24,677,1863959.0,0.0,697385.0,1049963.0,Rejected
789,1,Graduate,No,1576941.0,2890000.0,48,462,10980276.0,0.0,1988266.0,2141267.0,Rejected
790,2,Graduate,Yes,752023.0,330000.0,48,674,747881.0,2221356.0,1029061.0,972500.0,Approved
791,3,Not Graduate,No,516041.0,1090000.0,36,532,4121569.0,0.0,50768.0,906689.0,Approved
792,4,Graduate,Yes,1157526.0,710000.0,18,712,1319372.0,3205755.0,850054.0,2156524.0,Approved
793,1,Not Graduate,No,770723.0,1500000.0,36,559,974201.0,0.0,922586.0,700861.0,Approved
794,2,Graduate,No,866990.0,500000.0,60,679,626034.0,0.0,435549.0,1318995.0,Approved
795,3,Graduate,No,493559.0,540000.0,6,772,3891525.0,0.0,418639.0,552822.0,Approved
796,1,Graduate,No,1059403.0,1850000.0,24,575,8317537.0,0.0,208853.0,1539706.0,Approved
797,0,Not Graduate,No,1541500.0,3430000.0,24,754,4313579.0,0.0,2154814.0,717974.0,Approved
798,1,Graduate,Yes,480000.0,200000.0,18,478,3070158.0,382993.0,458932.0,317727.0,Approved
799,2,Not Graduate,No,908152.0,750000.0,12,531,2896793.0,0.0,252492.0,665844.0,Rejected
800,0,Graduate,Yes,1560017.0,2500000.0,24,648,6156713.0,1904584.0,718175.0,2215965.0,Approved
801,0,Graduate,No,1654507.0,4000000.0,18,657,7579333.0,0.0,484564.0,983305.0,Approved
802,0,Not Graduate,No,1328527.0,1250000.0,36,462,7782052.0,0.0,1110355.0,2122165.0,Rejected
803,3,Not Graduate,No,674246.0,1550000.0,12,687,5125531.0,0.0,714005.0,1117259.0,Rejected
804,2,Not Graduate,No,1316409.0,2350000.0,48,458,8838679.0,0.0,710273.0,1855164.0,Rejected
805,1,Graduate,Yes,582069.0,1640000.0,24,403,1172458.0,1377898.0,163634.0,83265.0,Rejected
806,2,Graduate,No,968710.0,1370000.0,12,683,7232699.0,0.0,903100.0,1045151.0,Approved
807,1,Graduate,No,1386051.0,2780000.0,24,629,4460183.0,0.0,1939949.0,1147716.0,Approved
808,0,Not Graduate,Yes,541873.0,450000.0,12,514,1831790.0,1107618.0,653955.0,964279.0,Rejected
809,0,Graduate,No,1865235.0,3230000.0,18,495,7903450.0,0.0,1061084.0,2054173.0,Rejected
810,0,Not Graduate,No,799585.0,340000.0,6,622,1287552.0,0.0,1150471.0,1172027.0,Approved
811,2,Not Graduate,Yes,480000.0,1330000.0,12,707,395346.0,552866.0,396305.0,259907.0,Approved
812,1,Not Graduate,No,480000.0,1240000.0,36,594,3067360.0,0.0,446296.0,446359.0,Rejected
813,0,Not Graduate,Yes,911368.0,1230000.0,24,688,2875639.0,1348713.0,258554.0,943361.0,Approved
814,3,Graduate,No,1933579.0,3130000.0,6,655,3010630.0,0.0,661161.0,3556267.0,Rejected
815,3,Graduate,No,857992.0,1430000.0,12,685,2113044.0,0.0,1018532.0,1038014.0,Approved
816,0,Not Graduate,No,1003855.0,1340000.0,18,679,723771.0,0.0,1315379.0,1101186.0,Rejected
817,0,Not Graduate,No,907227.0,2380000.0,24,450,933494.0,0.0,115519.0,619811.0,Rejected
818,1,Graduate,No,1320270.0,2370000.0,18,625,3297591.0,0.0,1349183.0,537322.0,Rejected
819,0,Not Graduate,No,1548943.0,2480000.0,24,546,3253500.0,0.0,927686.0,2616753.0,Rejected
820,2,Graduate,No,1172711.0,2670000.0,12,638,1813830.0,0.0,1272740.0,234287.0,Rejected
821,4,Graduate,Yes,987919.0,1100000.0,18,662,2035165.0,2078257.0,1192227.0,1857252.0,Approved
822,2,Graduate,No,1014995.0,630000.0,12,594,4322761.0,0.0,1114826.0,879596.0,Approved
823,1,Not Graduate,No,2255346.0,5570000.0,48,680,3532753.0,0.0,2428169.0,4234646.0,Rejected
824,1,Not Graduate,Yes,1011924.0,1410000.0,36,621,7688342.0,1952123.0,850281.0,481598.0,Approved
825,3,Not Graduate,Yes,824993.0,2170000.0,6,688,3812697.0,1297628.0,789486.0,389466.0,Approved
826,3,Not Graduate,Yes,1025875.0,2270000.0,60,589,3510739.0,253320.0,1464063.0,1771129.0,Rejected
827,3,Not Graduate,No,693846.0,660000.0,12,798,2459908.0,0.0,84074.0,1050606.0,Approved
828,1,Graduate,No,643318.0,650000.0,24,520,1320302.0,0.0,472115.0,422061.0,Approved
829,2,Not Graduate,No,3148554.0,5020000.0,24,688,13457348.0,0.0,3645965.0,1208543.0,Approved
830,2,Graduate,No,1825468.0,4110000.0,48,513,4583136.0,0.0,2411251.0,2942690.0,Approved
831,1,Graduate,No,1215348.0,3340000.0,24,537,1880719.0,0.0,1593706.0,740347.0,Rejected
832,3,Graduate,No,2605366.0,3720000.0,36,575,6327604.0,0.0,2541376.0,3229257.0,Rejected
833,1,Not Graduate,Yes,1749533.0,4390000.0,36,882,7848146.0,2152526.0,2305341.0,1825453.0,Approved
834,4,Graduate,Yes,1955165.0,910000.0,48,772,4256856.0,6439192.0,2458499.0,3605488.0,Approved
835,0,Graduate,No,932143.0,2730000.0,24,591,4899663.0,0.0,1030699.0,1792193.0,Rejected
836,1,Not Graduate,No,1084853.0,1460000.0,12,762,882537.0,0.0,993973.0,421462.0,Rejected
837,0,Not Graduate,No,983859.0,2210000.0,36,393,5278343.0,0.0,527760.0,1963193.0,Rejected
838,2,Graduate,No,884022.0,830000.0,60,755,1839985.0,0.0,1234137.0,330802.0,Approved
839,3,Not Graduate,No,1393344.0,1790000.0,36,687,2558493.0,0.0,1492258.0,792436.0,Approved
840,0,Graduate,No,796999.0,1880000.0,18,583,2891366.0,0.0,942238.0,1005936.0,Approved
841,1,Not Graduate,No,4813151.0,12880000.0,12,546,18142535.0,0.0,1312511.0,6134305.0,Approved
842,0,Graduate,No,553623.0,1370000.0,60,573,1002431.0,0.0,324204.0,1034793.0,Approved
843,2,Graduate,Yes,2325034.0,3320000.0,24,687,17583025.0,2828942.0,1193267.0,2082159.0,Approved
844,3,Graduate,No,682076.0,1470000.0,24,618,613307.0,0.0,423494.0,280055.0,Rejected
845,1,Not Graduate,No,1626886.0,930000.0,24,654,5376187.0,0.0,1680813.0,3067249.0,Approved
846,0,Not Graduate,No,839793.0,430000.0,18,454,1713778.0,0.0,1248136.0,206695.0,Rejected
847,3,Graduate,No,1005237.0,480000.0,12,661,2520961.0,0.0,752151.0,540846.0,Rejected
848,1,Graduate,No,1025874.0,1690000.0,18,736,5556654.0,0.0,1497056.0,232303.0,Approved
849,3,Not Graduate,No,1372274.0,3560000.0,12,559,5483170.0,0.0,1841991.0,507513.0,Approved
850,1,Not Graduate,No,838355.0,1000000.0,6,608,3487900.0,0.0,1085935.0,1490147.0,Approved
851,2,Graduate,No,942665.0,2130000.0,24,619,675105.0,0.0,468637.0,957870.0,Approved
852,2,Not Graduate,No,935358.0,860000.0,24,638,1621289.0,0.0,1131751.0,424587.0,Approved
853,0,Not Graduate,No,1319334.0,3810000.0,18,634,6408548.0,0.0,511092.0,2035117.0,Approved
854,0,Not Graduate,No,831579.0,1200000.0,36,790,1844814.0,0.0,172458.0,858957.0,Approved
855,3,Not Graduate,No,2815564.0,4640000.0,24,712,1782364.0,0.0,1709599.0,1938101.0,Rejected
856,0,Graduate,No,973817.0,420000.0,48,692,6555412.0,0.0,241116.0,1766227.0,Approved
857,1,Not Graduate,No,1653931.0,2770000.0,6,743,11205383.0,0.0,2074167.0,1738772.0,Approved
858,2,Not Graduate,No,712022.0,320000.0,24,515,629542.0,0.0,838634.0,1074570.0,Rejected
859,1,Graduate,No,940377.0,2190000.0,60,717,966789.0,0.0,1352300.0,157418.0,Approved
860,4,Not Graduate,Yes,776697.0,390000.0,24,651,450106.0,1411114.0,313605.0,1151036.0,Rejected
861,2,Not Graduate,No,666516.0,1130000.0,18,798,3865101.0,0.0,145705.0,368493.0,Approved
862,1,Not Graduate,Yes,547903.0,550000.0,24,493,4366079.0,756906.0,641691.0,805244.0,Approved
863,2,Graduate,No,1007825.0,2760000.0,18,620,7542227.0,0.0,1257579.0,977376.0,Rejected
864,2,Not Graduate,No,588558.0,500000.0,6,500,2149499.0,0.0,880436.0,988799.0,Rejected
865,1,Not Graduate,No,747792.0,2240000.0,6,650,1927295.0,0.0,1089807.0,1069605.0,Approved
866,4,Graduate,No,636563.0,1010000.0,48,569,3477031.0,0.0,862570.0,593309.0,Rejected
867,0,Not Graduate,No,2085516.0,1860000.0,24,658,5434646.0,0.0,1028610.0,227949.0,Approved
868,3,Not Graduate,No,1295054.0,3620000.0,24,647,9029187.0,0.0,1788787.0,334405.0,Rejected
869,0,Not Graduate,No,1499871.0,690000.0,36,670,1671811.0,0.0,1659781.0,1938132.0,Approved
870,0,Graduate,Yes,582400.0,780000.0,36,502,3025154.0,1235325.0,638419.0,207456.0,Approved
871,1,Not Graduate,No,1326820.0,3580000.0,24,728,5927736.0,0.0,950709.0,1952299.0,Approved
872,1,Graduate,No,1389909.0,930000.0,18,734,6353870.0,0.0,633379.0,1406022.0,Approved
873,1,Not Graduate,Yes,732496.0,1350000.0,12,692,1179105.0,1490285.0,484358.0,81712.0,Approved
874,2,Not Graduate,No,1644720.0,3020000.0,6,763,4290869.0,0.0,1808681.0,1723075.0,Approved
875,0,Not Graduate,No,1783173.0,4160000.0,12,645,7274083.0,0.0,158705.0,3207578.0,Approved
876,1,Not Graduate,No,1585309.0,2410000.0,12,574,1621328.0,0.0,888806.0,717019.0,Approved
877,4,Not Graduate,No,1150402.0,3070000.0,12,793,9119432.0,0.0,734748.0,849116.0,Approved
878,1,Graduate,Yes,548561.0,480000.0,18,521,960319.0,1240045.0,472894.0,544652.0,Rejected
879,0,Not Graduate,Yes,812699.0,550000.0,6,549,5580329.0,96790.0,645838.0,580636.0,Approved
880,1,Graduate,No,756973.0,2140000.0,18,410,2773262.0,0.0,366768.0,354446.0,Rejected
881,2,Not Graduate,No,2815434.0,2390000.0,12,576,7210529.0,0.0,1329668.0,2380252.0,Approved
882,2,Graduate,No,732445.0,620000.0,18,498,4874834.0,0.0,940785.0,796632.0,Approved
883,0,Not Graduate,No,2078471.0,5070000.0,12,674,10831955.0,0.0,1281246.0,2959103.0,Rejected
884,2,Not Graduate,No,1334541.0,810000.0,24,529,2833929.0,0.0,85775.0,2441445.0,Approved
885,0,Graduate,Yes,545217.0,1020000.0,12,602,2405392.0,1170798.0,488070.0,952300.0,Approved
886,2,Graduate,No,1921312.0,4570000.0,12,640,9702209.0,0.0,1138534.0,2727541.0,Approved
887,1,Not Graduate,No,480000.0,890000.0,36,546,3643106.0,0.0,631346.0,295914.0,Approved
888,1,Not Graduate,No,480000.0,1020000.0,6,711,1957618.0,0.0,156960.0,831790.0,Approved
889,0,Graduate,No,1034643.0,1510000.0,12,574,4061251.0,0.0,322283.0,1560062.0,Rejected
890,0,Not Graduate,No,1394033.0,500000.0,48,794,7159872.0,0.0,1546529.0,2360364.0,Approved
891,1,Graduate,Yes,1047506.0,1060000.0,24,542,2650639.0,3508510.0,1229156.0,938518.0,Approved
892,1,Not Graduate,No,1524697.0,480000.0,36,670,3798522.0,0.0,2211914.0,1028972.0,Approved
893,1,Not Graduate,Yes,1160675.0,680000.0,12,646,7657978.0,595866.0,524095.0,2012128.0,Approved
894,1,Not Graduate,No,829903.0,1030000.0,12,260,5873428.0,0.0,669282.0,1204921.0,Rejected
895,0,Not Graduate,No,1043122.0,420000.0,18,724,1266331.0,0.0,227037.0,919013.0,Approved
896,2,Graduate,Yes,1316869.0,3130000.0,60,512,8120366.0,1669217.0,1203239.0,1458700.0,Rejected
897,2,Graduate,Yes,674938.0,770000.0,48,557,1457061.0,1297772.0,651121.0,917657.0,Approved
898,0,Not Graduate,Yes,691111.0,1290000.0,12,433,5433956.0,620148.0,542079.0,460771.0,Rejected
899,2,Not Graduate,No,745382.0,1500000.0,24,430,5871703.0,0.0,991737.0,790552.0,Rejected
900,2,Not Graduate,No,2061594.0,3370000.0,36,624,8801502.0,0.0,2189062.0,901067.0,Approved
901,1,Graduate,No,812003.0,1050000.0,18,508,3346574.0,0.0,1068233.0,434825.0,Approved
902,1,Graduate,No,3538489.0,7470000.0,24,547,12451274.0,0.0,3556446.0,3511875.0,Approved
903,1,Graduate,No,1017190.0,2140000.0,48,727,604200.0,0.0,129421.0,1025228.0,Approved
904,3,Not Graduate,No,1462914.0,1610000.0,18,801,10437426.0,0.0,1112250.0,197661.0,Approved
905,1,Graduate,Yes,2032921.0,3300000.0,12,585,7401099.0,5208955.0,1731363.0,532093.0,Rejected
906,2,Not Graduate,Yes,3639734.0,4690000.0,36,640,28949767.0,277462.0,3208681.0,5554843.0,Approved
907,2,Not Graduate,No,912960.0,1690000.0,18,478,1509075.0,0.0,710441.0,450590.0,Rejected
908,0,Graduate,No,997548.0,1600000.0,36,586,4723732.0,0.0,668271.0,747312.0,Rejected
909,2,Graduate,Yes,1777618.0,1460000.0,18,704,9450130.0,530990.0,1074623.0,1262352.0,Rejected
910,0,Graduate,No,2801268.0,4510000.0,24,479,7159804.0,0.0,476239.0,5424976.0,Approved
911,1,Graduate,No,846300.0,780000.0,12,596,5340601.0,0.0,97002.0,317875.0,Approved
912,4,Not Graduate,No,1812521.0,3340000.0,6,571,5491407.0,0.0,1428048.0,3130514.0,Approved
913,1,Graduate,No,627331.0,1440000.0,48,593,1884091.0,0.0,871281.0,636266.0,Rejected
914,3,Not Graduate,Yes,804364.0,800000.0,36,621,5775164.0,1318346.0,833119.0,418021.0,Rejected
915,0,Graduate,Yes,949239.0,1410000.0,24,704,2700134.0,636673.0,547766.0,1459415.0,Approved
916,2,Not Graduate,No,1060410.0,1240000.0,60,708,3077556.0,0.0,299251.0,1230006.0,Approved
917,1,Not Graduate,No,480000.0,430000.0,24,746,2992025.0,0.0,612836.0,68884.0,Approved
918,1,Graduate,No,2902638.0,4080000.0,18,730,11158812.0,0.0,1115679.0,2969489.0,Rejected
919,0,Graduate,Yes,552591.0,500000.0,12,734,1055190.0,2037848.0,50000.0,788711.0,Approved
920,1,Graduate,No,908597.0,520000.0,24,748,4006074.0,0.0,430833.0,369956.0,Approved
921,2,Graduate,Yes,975277.0,1340000.0,12,590,4560094.0,2414412.0,1391082.0,233093.0,Approved
922,0,Not Graduate,Yes,1176694.0,1880000.0,12,531,5591274.0,3137924.0,1136255.0,394858.0,Approved
923,1,Not Graduate,No,1540589.0,990000.0,24,493,4350167.0,0.0,1439633.0,3049333.0,Rejected
924,1,Not Graduate,No,1173667.0,2390000.0,12,578,2901109.0,0.0,788186.0,856677.0,Approved
925,2,Not Graduate,No,1589857.0,540000.0,18,490,1098285.0,0.0,993124.0,2232505.0,Rejected
926,1,Graduate,No,608298.0,1540000.0,12,660,3452879.0,0.0,192026.0,289937.0,Approved
927,2,Graduate,No,1337384.0,530000.0,60,593,5600390.0,0.0,314572.0,1737198.0,Rejected
928,1,Graduate,Yes,1049319.0,2060000.0,36,770,6776123.0,3170066.0,1211269.0,1643048.0,Approved
929,0,Not Graduate,No,1825817.0,2690000.0,36,369,-35805.0,0.0,2106217.0,2565952.0,Approved
930,0,Not Graduate,No,956517.0,430000.0,24,690,4663920.0,0.0,1033439.0,980628.0,Approved
931,3,Not Graduate,No,1019967.0,1820000.0,24,576,8031849.0,0.0,1090595.0,1631135.0,Approved
932,2,Not Graduate,Yes,1883520.0,5110000.0,6,823,12924663.0,2907504.0,638643.0,1531478.0,Approved
933,2,Graduate,No,650732.0,1430000.0,24,587,4131583.0,0.0,193546.0,1031345.0,Approved
934,0,Graduate,Yes,1965539.0,1740000.0,12,719,8904111.0,5232425.0,753073.0,3440834.0,Approved
935,1,Not Graduate,Yes,2294882.0,4920000.0,24,431,12565252.0,9142646.0,1134003.0,2147164.0,Rejected
936,1,Not Graduate,No,1169779.0,650000.0,24,761,6730872.0,0.0,295058.0,777699.0,Approved
937,0,Not Graduate,Yes,708902.0,1300000.0,12,591,3544643.0,1749105.0,1010460.0,816167.0,Approved
938,1,Not Graduate,Yes,618880.0,260000.0,24,765,-105173.0,597374.0,94666.0,1007507.0,Approved
939,1,Not Graduate,Yes,1395370.0,2520000.0,12,621,5657800.0,4067892.0,498727.0,503731.0,Approved
940,3,Not Graduate,No,699278.0,440000.0,12,800,1993880.0,0.0,525381.0,1091267.0,Approved
941,1,Not Graduate,No,886472.0,510000.0,24,772,1785227.0,0.0,499424.0,616840.0,Approved
942,3,Graduate,No,1062407.0,2190000.0,18,605,2437229.0,0.0,951724.0,170885.0,Approved
943,0,Graduate,No,1622433.0,1360000.0,18,597,10099650.0,0.0,2133577.0,2463112.0,Approved
944,1,Not Graduate,Yes,2763562.0,3760000.0,48,751,14962777.0,3274257.0,2352879.0,3486424.0,Approved
945,0,Not Graduate,No,898908.0,2220000.0,12,447,6269053.0,0.0,361507.0,370640.0,Approved
946,4,Graduate,No,792942.0,420000.0,12,521,6307226.0,0.0,460058.0,1240921.0,Rejected
947,1,Not Graduate,No,2309936.0,1480000.0,12,595,16427290.0,0.0,644936.0,1750061.0,Approved
948,2,Graduate,Yes,841302.0,450000.0,24,457,1395492.0,2496420.0,835274.0,1073301.0,Rejected
949,0,Graduate,No,791494.0,590000.0,24,798,6255913.0,0.0,191978.0,1197446.0,Approved
950,1,Graduate,No,480000.0,670000.0,24,609,831265.0,0.0,375292.0,889494.0,Approved
951,0,Not Graduate,No,1851599.0,2960000.0,24,714,8431131.0,0.0,2560601.0,925275.0,Approved
952,2,Not Graduate,No,493173.0,330000.0,24,641,3048851.0,0.0,660503.0,84860.0,Rejected
953,0,Graduate,No,798135.0,1720000.0,18,714,4578650.0,0.0,889094.0,1014151.0,Approved
954,0,Not Graduate,No,480000.0,1460000.0,24,594,1117346.0,0.0,436424.0,545437.0,Approved
955,1,Graduate,No,480000.0,470000.0,24,699,938558.0,0.0,538592.0,591105.0,Approved
956,4,Not Graduate,No,1190190.0,860000.0,12,430,6388481.0,0.0,855081.0,1064951.0,Rejected
957,2,Graduate,No,915255.0,2090000.0,18,647,6452021.0,0.0,892364.0,626996.0,Approved
958,1,Graduate,No,846342.0,1060000.0,24,462,3621715.0,0.0,146584.0,999144.0,Approved
959,1,Not Graduate,Yes,480000.0,1260000.0,12,594,555794.0,130619.0,91241.0,168935.0,Rejected
960,1,Not Graduate,Yes,1443970.0,3330000.0,36,584,6466998.0,1550516.0,879760.0,661428.0,Rejected
961,2,Not Graduate,Yes,1202856.0,1970000.0,12,668,6555475.0,337060.0,1169353.0,329238.0,Approved
962,2,Graduate,Yes,1076490.0,1650000.0,12,538,867859.0,2911842.0,433322.0,525451.0,Rejected
963,2,Not Graduate,No,1205375.0,2350000.0,6,494,6030069.0,0.0,1231772.0,2042992.0,Rejected
964,1,Not Graduate,Yes,783904.0,1690000.0,60,613,5249121.0,2466862.0,184846.0,597134.0,Approved
965,3,Graduate,Yes,993781.0,2470000.0,36,582,-68417.0,700736.0,1182348.0,1448359.0,Rejected
966,0,Not Graduate,No,995292.0,1010000.0,24,667,3440412.0,0.0,1196552.0,458264.0,Rejected
967,2,Not Graduate,No,1564642.0,1390000.0,36,633,11299997.0,0.0,1159901.0,2963612.0,Approved
968,3,Graduate,Yes,1293411.0,3190000.0,60,672,4725129.0,2211273.0,680755.0,1262378.0,Approved
969,0,Graduate,Yes,708892.0,1660000.0,6,721,4582791.0,167820.0,503667.0,894536.0,Approved
970,0,Graduate,No,1940122.0,2920000.0,24,733,6382040.0,0.0,1203815.0,3209943.0,Approved
971,0,Graduate,Yes,1688487.0,3800000.0,18,672,8007006.0,3546377.0,690279.0,1720558.0,Approved
972,1,Not Graduate,Yes,480000.0,1030000.0,18,605,3125618.0,1539918.0,482081.0,117056.0,Approved
973,1,Graduate,Yes,981706.0,1900000.0,36,685,6668280.0,1285143.0,173825.0,245875.0,Approved
974,2,Graduate,No,1315850.0,3470000.0,12,525,8805364.0,0.0,1311599.0,515921.0,Rejected
975,1,Graduate,No,563617.0,530000.0,60,756,3946134.0,0.0,139630.0,968951.0,Approved
976,1,Graduate,No,841526.0,1600000.0,24,721,1456630.0,0.0,769647.0,1000039.0,Approved
977,1,Graduate,No,1770108.0,950000.0,18,680,8143524.0,0.0,2578658.0,849523.0,Approved
978,1,Not Graduate,Yes,1460280.0,4140000.0,18,520,2223349.0,247904.0,543286.0,1874103.0,Approved
979,1,Graduate,No,1488035.0,1650000.0,24,635,1902765.0,0.0,1291246.0,2726915.0,Approved
980,1,Graduate,Yes,770935.0,550000.0,36,588,3375819.0,611228.0,1099397.0,933107.0,Approved
981,2,Graduate,Yes,980672.0,2160000.0,6,588,3575815.0,2520604.0,670332.0,1805314.0,Rejected
982,0,Graduate,No,806604.0,470000.0,36,670,660934.0,0.0,1065453.0,1046420.0,Approved
983,2,Graduate,No,1758325.0,4670000.0,48,715,10497334.0,0.0,1660232.0,1450851.0,Approved
984,3,Graduate,No,912846.0,1100000.0,24,494,6938969.0,0.0,472303.0,916317.0,Rejected
985,1,Not Graduate,No,653250.0,510000.0,18,595,5198369.0,0.0,83016.0,256561.0,Approved
986,3,Not Graduate,No,578046.0,1350000.0,6,563,3205881.0,0.0,694954.0,94362.0,Approved
987,2,Not Graduate,No,2149591.0,1020000.0,36,534,14635630.0,0.0,118055.0,4149965.0,Approved
988,0,Not Graduate,No,1818334.0,3130000.0,6,575,5127088.0,0.0,625785.0,3041256.0,Approved
989,2,Not Graduate,No,869889.0,960000.0,24,490,3053528.0,0.0,529741.0,1189762.0,Rejected
990,2,Not Graduate,No,638943.0,380000.0,12,718,2650937.0,0.0,296275.0,73035.0,Approved
991,1,Not Graduate,No,640744.0,550000.0,18,644,2160327.0,0.0,556478.0,189459.0,Approved
992,1,Not Graduate,No,533323.0,1120000.0,6,667,2474784.0,0.0,589968.0,323256.0,Approved
993,0,Graduate,Yes,653998.0,1320000.0,24,599,3775045.0,240753.0,565090.0,885821.0,Rejected
994,2,Not Graduate,Yes,1812620.0,5090000.0,18,636,9718745.0,3606761.0,261422.0,2827166.0,Approved
995,1,Not Graduate,Yes,670003.0,1120000.0,12,593,1176845.0,2522060.0,475370.0,426492.0,Approved
996,1,Graduate,No,1745826.0,1190000.0,48,630,976900.0,0.0,782338.0,2535293.0,Approved
997,0,Graduate,No,967854.0,1360000.0,6,641,4388800.0,0.0,778619.0,1569910.0,Approved
998,0,Graduate,No,3104882.0,6350000.0,36,633,8475206.0,0.0,1443868.0,4433542.0,Approved
999,2,Not Graduate,No,2124002.0,950000.0,24,603,6421973.0,0.0,1791712.0,1148074.0,Approved
1000,0,Not Graduate,No,1702044.0,5010000.0,36,704,5870120.0,0.0,213721.0,1937926.0,Approved
1001,2,Graduate,Yes,520897.0,280000.0,6,494,3727149.0,1051049.0,606249.0,98084.0,Approved
1002,2,Not Graduate,No,2559084.0,1850000.0,48,548,13980370.0,0.0,2922926.0,3784914.0,Approved
1003,1,Not Graduate,Yes,696661.0,280000.0,36,526,1408104.0,234450.0,447640.0,333352.0,Approved
1004,1,Graduate,No,1119621.0,2050000.0,6,611,4970222.0,0.0,1459940.0,1556675.0,Approved
1005,1,Not Graduate,No,585376.0,620000.0,24,682,3206906.0,0.0,513273.0,316370.0,Approved
1006,1,Graduate,Yes,510720.0,720000.0,36,546,731899.0,1500458.0,665195.0,211215.0,Approved
1007,1,Not Graduate,Yes,1206424.0,520000.0,18,345,7231791.0,348970.0,1269081.0,191222.0,Approved
1008,0,Not Graduate,No,1856380.0,1120000.0,24,635,7468553.0,0.0,1748687.0,1177524.0,Approved
1009,0,Graduate,Yes,1276064.0,2650000.0,24,621,7148177.0,3035799.0,1440164.0,2112487.0,Rejected
1010,4,Not Graduate,No,480000.0,230000.0,6,526,2533164.0,0.0,232854.0,885569.0,Approved
1011,1,Not Graduate,No,1987605.0,4340000.0,36,455,5632397.0,0.0,2087996.0,2506085.0,Approved
1012,3,Graduate,No,480000.0,1300000.0,6,616,2264508.0,0.0,186427.0,79116.0,Rejected
1013,1,Not Graduate,No,639559.0,790000.0,6,530,543591.0,0.0,947538.0,404700.0,Rejected
1014,3,Graduate,No,1252978.0,2400000.0,18,541,902343.0,0.0,207633.0,1037422.0,Approved
1015,4,Graduate,No,2823172.0,5280000.0,12,553,10161617.0,0.0,2500098.0,2889509.0,Approved
1016,2,Not Graduate,No,985382.0,1430000.0,18,514,2755381.0,0.0,626115.0,1371912.0,Approved
1017,4,Not Graduate,Yes,1863158.0,1480000.0,18,649,2277132.0,3832387.0,2349486.0,1193567.0,Rejected
1018,3,Not Graduate,No,480000.0,830000.0,36,590,3221377.0,0.0,102480.0,485188.0,Approved
1019,2,Not Graduate,No,3323074.0,8110000.0,60,570,16190337.0,0.0,3082878.0,5440266.0,Approved
1020,1,Graduate,Yes,1437312.0,4080000.0,12,685,9791871.0,4795313.0,911630.0,1192605.0,Approved
1021,3,Not Graduate,No,1606670.0,950000.0,60,618,11901571.0,0.0,1103932.0,3045180.0,Rejected
1022,1,Graduate,No,488732.0,700000.0,12,542,2317221.0,0.0,713230.0,846126.0,Approved
1023,2,Graduate,No,783547.0,1460000.0,18,438,3972924.0,0.0,1016761.0,730032.0,Rejected
1024,4,Not Graduate,No,758974.0,1200000.0,12,454,4472001.0,0.0,1123183.0,1299213.0,Approved
1025,1,Not Graduate,No,864339.0,1010000.0,60,802,4248112.0,0.0,756900.0,861791.0,Approved
1026,0,Not Graduate,No,935897.0,1390000.0,18,653,2291249.0,0.0,1212086.0,1110952.0,Approved
1027,1,Graduate,No,921475.0,700000.0,24,661,4034065.0,0.0,598823.0,784845.0,Approved
1028,1,Not Graduate,No,2759682.0,3620000.0,12,513,12018949.0,0.0,3174537.0,4005304.0,Approved
1029,0,Graduate,No,550502.0,290000.0,12,549,1730905.0,0.0,203086.0,116117.0,Approved
1030,1,Not Graduate,No,1135697.0,450000.0,6,688,5300178.0,0.0,1111191.0,1432778.0,Approved
1031,3,Not Graduate,Yes,1086463.0,990000.0,36,721,6381725.0,2268893.0,474491.0,1267312.0,Approved
1032,1,Graduate,No,1026808.0,1770000.0,36,630,2413973.0,0.0,143303.0,649517.0,Approved
1033,2,Not Graduate,No,2437828.0,4210000.0,48,451,12513347.0,0.0,2558707.0,2595689.0,Approved
1034,2,Not Graduate,No,1301833.0,3140000.0,36,413,4437353.0,0.0,926070.0,561580.0,Rejected
1035,3,Not Graduate,No,1938962.0,1870000.0,6,638,12288675.0,0.0,1025173.0,3378739.0,Rejected
1036,4,Graduate,No,1778676.0,1950000.0,36,650,3166486.0,0.0,280790.0,3491278.0,Approved
1037,2,Graduate,No,781567.0,1720000.0,18,593,4044088.0,0.0,453809.0,449794.0,Approved
1038,3,Not Graduate,No,851451.0,1720000.0,12,562,1269141.0,0.0,596864.0,149228.0,Rejected
1039,3,Graduate,No,1452050.0,1760000.0,18,418,1393226.0,0.0,1894344.0,1917370.0,Rejected
1040,1,Not Graduate,No,800509.0,1150000.0,48,640,4706822.0,0.0,254002.0,974227.0,Approved
1041,0,Graduate,Yes,1489627.0,4340000.0,18,507,11882916.0,3783125.0,79917.0,1626083.0,Approved
1042,1,Not Graduate,Yes,2850065.0,5660000.0,36,641,18105632.0,10029094.0,3913765.0,4487346.0,Approved
1043,3,Not Graduate,No,567389.0,500000.0,24,441,3096667.0,0.0,493820.0,697147.0,Approved
1044,1,Not Graduate,No,480000.0,1050000.0,24,815,2756674.0,0.0,407223.0,79802.0,Approved
1045,3,Graduate,No,1038983.0,1150000.0,36,764,2132819.0,0.0,423601.0,1112593.0,Approved
1046,3,Not Graduate,Yes,806261.0,1690000.0,24,525,3187190.0,709179.0,493407.0,1312493.0,Rejected
1047,4,Not Graduate,No,648007.0,1530000.0,24,661,1750420.0,0.0,763951.0,467347.0,Rejected
1048,3,Graduate,No,563029.0,460000.0,24,519,2228566.0,0.0,626790.0,354364.0,Approved
1049,1,Graduate,Yes,1462213.0,4170000.0,24,539,7456812.0,5681837.0,156471.0,1820811.0,Approved
1050,0,Not Graduate,No,728083.0,870000.0,36,648,5470397.0,0.0,1046875.0,564096.0,Approved
1051,1,Graduate,Yes,2224718.0,1580000.0,24,786,11492657.0,526600.0,139924.0,3452570.0,Approved
1052,1,Not Graduate,No,516135.0,940000.0,24,676,1797970.0,0.0,232816.0,994134.0,Approved
1053,1,Not Graduate,No,1340605.0,930000.0,24,562,2790222.0,0.0,845824.0,134493.0,Approved
1054,0,Not Graduate,No,660707.0,730000.0,6,602,4695008.0,0.0,591767.0,207367.0,Approved
1055,0,Graduate,Yes,1196311.0,940000.0,18,500,7090030.0,2422767.0,734183.0,1682098.0,Rejected
1056,1,Not Graduate,No,1474960.0,3080000.0,48,520,5373021.0,0.0,1604234.0,1488650.0,Approved
1057,1,Not Graduate,No,960742.0,870000.0,60,733,5378760.0,0.0,1044399.0,913269.0,Approved
1058,2,Graduate,Yes,890245.0,1240000.0,6,705,2934712.0,1083097.0,451029.0,953669.0,Rejected
1059,0,Not Graduate,Yes,1965582.0,4540000.0,24,431,14214498.0,3987843.0,2069223.0,1587381.0,Rejected
1060,2,Graduate,Yes,1037181.0,1830000.0,36,596,7103996.0,3933750.0,547512.0,791568.0,Rejected
1061,0,Graduate,Yes,2446639.0,5490000.0,12,751,16418800.0,3202588.0,3466575.0,3557595.0,Approved
1062,1,Not Graduate,Yes,605993.0,370000.0,36,448,4300730.0,100801.0,852046.0,973326.0,Approved
1063,0,Not Graduate,No,1418835.0,3170000.0,24,609,10332120.0,0.0,1066748.0,1689715.0,Approved
1064,0,Graduate,Yes,765661.0,650000.0,12,678,3872242.0,59986.0,683390.0,543319.0,Approved
1065,1,Not Graduate,No,480000.0,280000.0,18,675,1721341.0,0.0,268508.0,95539.0,Approved
1066,0,Graduate,No,1862359.0,1450000.0,12,630,3404594.0,0.0,2329093.0,586206.0,Approved
1067,0,Graduate,No,1133718.0,460000.0,24,619,3646621.0,0.0,431617.0,328106.0,Approved
1068,3,Graduate,Yes,4012289.0,11200000.0,12,584,11720607.0,15126716.0,2053400.0,6829983.0,Rejected
1069,1,Not Graduate,Yes,2452292.0,3420000.0,36,568,15293432.0,6097750.0,3000504.0,594173.0,Rejected
1070,3,Graduate,Yes,4232248.0,10490000.0,18,545,8585882.0,16227851.0,3450367.0,2526167.0,Approved
1071,3,Not Graduate,No,490640.0,1050000.0,24,701,3762586.0,0.0,437759.0,67194.0,Approved
1072,0,Graduate,No,480000.0,220000.0,12,699,945132.0,0.0,309664.0,796028.0,Approved
1073,2,Not Graduate,Yes,2868024.0,6260000.0,6,773,18969044.0,10138899.0,3198817.0,4594234.0,Approved
1074,1,Graduate,No,956409.0,2370000.0,36,648,5837018.0,0.0,976615.0,1153116.0,Approved
1075,1,Graduate,Yes,1249039.0,1270000.0,12,589,6877512.0,2724269.0,295566.0,1366785.0,Approved
1076,3,Not Graduate,Yes,1346172.0,1670000.0,24,645,2035393.0,3706070.0,609709.0,370639.0,Approved
1077,3,Graduate,No,1075602.0,580000.0,36,743,682065.0,0.0,859340.0,941679.0,Approved
1078,0,Graduate,Yes,659899.0,620000.0,6,408,4111870.0,1056063.0,545050.0,974181.0,Approved
1079,1,Not Graduate,Yes,1433445.0,3100000.0,48,576,8926097.0,544528.0,1647873.0,382389.0,Approved
1080,2,Graduate,Yes,628147.0,1210000.0,6,560,2716881.0,2393123.0,740044.0,778446.0,Rejected
1081,1,Not Graduate,No,833257.0,280000.0,24,717,3025883.0,0.0,385922.0,601711.0,Approved
1082,1,Not Graduate,No,1789251.0,2540000.0,24,696,13797567.0,0.0,1821999.0,552548.0,Approved
1083,3,Not Graduate,No,842711.0,730000.0,18,499,3715836.0,0.0,1112734.0,1263949.0,Approved
1084,1,Graduate,No,1286695.0,2320000.0,12,534,10074331.0,0.0,814128.0,1081009.0,Rejected
1085,2,Not Graduate,No,859862.0,1230000.0,24,642,3603329.0,0.0,813452.0,967092.0,Approved
1086,3,Graduate,No,616898.0,1230000.0,36,497,3537622.0,0.0,97977.0,751551.0,Rejected
1087,4,Not Graduate,No,1347915.0,3430000.0,18,438,5805330.0,0.0,464503.0,921787.0,Rejected
1088,0,Not Graduate,No,1163938.0,2570000.0,18,861,3630903.0,0.0,879500.0,1042487.0,Approved
1089,2,Graduate,No,1393552.0,1380000.0,12,510,6345197.0,0.0,468127.0,149364.0,Approved
1090,2,Not Graduate,No,1006079.0,820000.0,48,682,7035835.0,0.0,56525.0,820575.0,Approved
1091,3,Graduate,Yes,650572.0,400000.0,12,591,2160600.0,528274.0,198794.0,751433.0,Rejected
1092,3,Not Graduate,No,1761005.0,2100000.0,24,705,9457908.0,0.0,918916.0,780133.0,Approved
1093,1,Graduate,Yes,480000.0,970000.0,36,534,1642651.0,1824551.0,545355.0,198331.0,Approved
1094,0,Not Graduate,No,1910481.0,2170000.0,12,611,9286975.0,0.0,1278153.0,3682440.0,Approved
1095,1,Not Graduate,Yes,905643.0,360000.0,12,638,6747736.0,1022228.0,1060153.0,1031818.0,Rejected
1096,0,Not Graduate,No,1525665.0,2090000.0,18,569,7917841.0,0.0,723148.0,571815.0,Rejected
1097,4,Not Graduate,Yes,1103401.0,520000.0,36,718,6863137.0,4257558.0,290446.0,1389125.0,Approved
1098,3,Not Graduate,No,1414213.0,2980000.0,24,676,4064865.0,0.0,1434350.0,327138.0,Approved
1099,2,Not Graduate,No,2221626.0,1470000.0,12,725,5116030.0,0.0,2079318.0,1843593.0,Approved
1100,1,Not Graduate,No,657601.0,1700000.0,36,740,4931712.0,0.0,804573.0,119048.0,Approved
1101,4,Graduate,No,1350338.0,950000.0,24,525,9348660.0,0.0,1409213.0,264900.0,Rejected
1102,0,Not Graduate,No,1165636.0,1800000.0,24,686,8068886.0,0.0,117652.0,1698026.0,Approved
1103,3,Graduate,No,2658968.0,3510000.0,24,621,9320955.0,0.0,2600062.0,5003885.0,Approved
1104,2,Graduate,Yes,1484392.0,920000.0,24,847,6208910.0,1923054.0,1557120.0,1782337.0,Approved
1105,2,Not Graduate,Yes,2214929.0,5340000.0,24,599,4272710.0,7822810.0,526202.0,1209933.0,Approved
1106,1,Graduate,No,799500.0,1990000.0,6,488,4658401.0,0.0,716377.0,93913.0,Approved
1107,3,Graduate,No,516499.0,920000.0,24,700,1326766.0,0.0,536706.0,320927.0,Approved
1108,1,Graduate,No,651876.0,350000.0,24,591,2843888.0,0.0,799553.0,181701.0,Approved
1109,1,Not Graduate,Yes,849111.0,880000.0,24,777,5454454.0,2038800.0,1121627.0,198481.0,Approved
1110,0,Graduate,No,1401724.0,3350000.0,24,416,8902360.0,0.0,260855.0,910805.0,Rejected
1111,2,Not Graduate,Yes,1803594.0,1140000.0,24,575,6700114.0,3897305.0,802295.0,3139502.0,Approved
1112,1,Graduate,No,636307.0,1240000.0,18,631,3672052.0,0.0,679353.0,231992.0,Rejected
1113,3,Graduate,No,1725358.0,650000.0,6,894,968083.0,0.0,1536538.0,1123013.0,Approved
1114,0,Graduate,No,612002.0,580000.0,12,809,4844248.0,0.0,439473.0,1105035.0,Approved
1115,3,Graduate,No,2939683.0,8010000.0,48,593,14130273.0,0.0,1544794.0,1250652.0,Rejected
1116,1,Not Graduate,No,1179212.0,2320000.0,18,618,1947445.0,0.0,1683591.0,991926.0,Approved
1117,2,Not Graduate,No,761622.0,380000.0,12,614,2764918.0,0.0,239610.0,406413.0,Rejected
1118,2,Graduate,No,480000.0,740000.0,6,762,1407811.0,0.0,480559.0,245580.0,Approved
1119,1,Graduate,No,818800.0,1420000.0,48,604,5187385.0,0.0,50000.0,873181.0,Approved
1120,1,Not Graduate,No,1329867.0,1930000.0,24,544,4317955.0,0.0,1611719.0,334805.0,Approved
1121,4,Graduate,Yes,1783966.0,1690000.0,18,674,7123966.0,616833.0,963955.0,291836.0,Approved
1122,2,Graduate,No,1005705.0,740000.0,24,524,1124151.0,0.0,1062298.0,487027.0,Rejected
1123,0,Graduate,No,731567.0,810000.0,24,581,-113704.0,0.0,63195.0,1315772.0,Approved
1124,2,Graduate,No,1746693.0,3810000.0,36,606,7008696.0,0.0,968237.0,492711.0,Approved
1125,3,Graduate,Yes,1146297.0,2460000.0,6,529,6938959.0,492950.0,860076.0,910579.0,Rejected
1126,3,Not Graduate,Yes,852781.0,300000.0,12,493,633575.0,1728029.0,253803.0,689235.0,Approved
1127,1,Not Graduate,No,867470.0,1680000.0,24,568,6036268.0,0.0,198478.0,1566927.0,Rejected
1128,1,Not Graduate,No,2068995.0,4620000.0,36,551,6570437.0,0.0,1685795.0,2118198.0,Approved
1129,0,Graduate,Yes,1011434.0,2690000.0,24,637,5554648.0,1413451.0,618668.0,609557.0,Approved
1130,2,Not Graduate,No,1032137.0,360000.0,48,589,4293773.0,0.0,774417.0,390058.0,Approved
1131,2,Not Graduate,No,1152717.0,1000000.0,18,649,4566799.0,0.0,1216419.0,1309432.0,Approved
1132,0,Graduate,No,1187422.0,760000.0,6,639,6034510.0,0.0,328199.0,257133.0,Approved
1133,4,Not Graduate,Yes,1716830.0,1470000.0,24,704,5893754.0,5508216.0,1490742.0,2646741.0,Approved
1134,0,Graduate,No,606620.0,270000.0,12,540,3924724.0,0.0,170354.0,492801.0,Approved
1135,1,Not Graduate,No,2842590.0,6800000.0,48,693,17518899.0,0.0,4190900.0,5678931.0,Approved
1136,0,Graduate,No,1528970.0,3830000.0,48,600,4202220.0,0.0,2149711.0,183994.0,Approved
1137,3,Not Graduate,Yes,2235257.0,1480000.0,24,619,6655330.0,2866592.0,2901513.0,604812.0,Approved
1138,2,Not Graduate,No,998389.0,2150000.0,12,777,3278565.0,0.0,757233.0,816607.0,Approved
1139,0,Graduate,No,1684807.0,4150000.0,60,584,9751612.0,0.0,123856.0,2151535.0,Rejected
1140,0,Graduate,Yes,2107570.0,3050000.0,36,603,12042735.0,6234246.0,2277139.0,536063.0,Approved
1141,1,Not Graduate,No,909355.0,1890000.0,36,631,4186140.0,0.0,436456.0,1382582.0,Approved
1142,2,Not Graduate,Yes,1258702.0,1030000.0,12,660,3838695.0,1154275.0,1334562.0,2096140.0,Approved
1143,0,Graduate,No,1617659.0,950000.0,60,598,4761105.0,0.0,1910901.0,2267091.0,Approved
1144,0,Not Graduate,No,910102.0,860000.0,36,690,1134089.0,0.0,849587.0,575524.0,Approved
1145,0,Not Graduate,Yes,1745606.0,2630000.0,6,523,8213795.0,630930.0,650840.0,3338894.0,Approved
1146,2,Not Graduate,No,615645.0,1170000.0,6,807,1325410.0,0.0,909966.0,149261.0,Approved
1147,1,Not Graduate,No,546477.0,640000.0,18,811,2368191.0,0.0,106082.0,1014888.0,Approved
1148,1,Graduate,No,2046543.0,6130000.0,18,579,2928899.0,0.0,2977120.0,1353822.0,Approved
1149,2,Graduate,No,704036.0,430000.0,48,669,4284169.0,0.0,463264.0,706001.0,Approved
1150,3,Not Graduate,No,1115512.0,2020000.0,24,642,8751339.0,0.0,608589.0,2142003.0,Approved
1151,2,Not Graduate,Yes,794944.0,1290000.0,36,737,5446780.0,95894.0,985791.0,591885.0,Rejected
1152,2,Not Graduate,No,1475960.0,2750000.0,24,616,9809212.0,0.0,1908836.0,954968.0,Approved
1153,0,Not Graduate,Yes,480000.0,1230000.0,24,666,1407271.0,143063.0,189112.0,694151.0,Approved
1154,0,Graduate,No,563092.0,1490000.0,60,613,3615163.0,0.0,152711.0,559965.0,Approved
1155,2,Not Graduate,No,480000.0,1080000.0,24,683,2164473.0,0.0,335584.0,892900.0,Rejected
1156,3,Graduate,No,2217464.0,3470000.0,12,617,12125539.0,0.0,724796.0,1725686.0,Approved
1157,2,Graduate,No,1001965.0,1140000.0,24,798,4335246.0,0.0,1054767.0,1978437.0,Approved
1158,1,Graduate,No,2058141.0,3680000.0,24,586,12262879.0,0.0,1784553.0,3241302.0,Approved
1159,3,Graduate,No,756070.0,960000.0,12,804,528229.0,0.0,882974.0,335950.0,Approved
1160,0,Not Graduate,No,763384.0,1980000.0,24,705,2566353.0,0.0,320268.0,1160166.0,Approved
1161,2,Graduate,Yes,2047455.0,820000.0,18,521,4016758.0,312345.0,1557327.0,1840871.0,Rejected
1162,0,Graduate,No,571931.0,510000.0,36,484,3583326.0,0.0,294211.0,158155.0,Approved
1163,1,Not Graduate,No,2028583.0,3110000.0,24,543,12760868.0,0.0,2238887.0,2544293.0,Rejected
1164,3,Not Graduate,No,1464521.0,1630000.0,12,712,4540958.0,0.0,1285728.0,2474106.0,Approved
1165,1,Graduate,No,2431579.0,5060000.0,36,477,17096693.0,0.0,3348891.0,2695359.0,Approved
1166,0,Not Graduate,No,825883.0,380000.0,24,594,442851.0,0.0,888094.0,1598497.0,Approved
1167,0,Graduate,No,1168674.0,2340000.0,60,661,2740142.0,0.0,297879.0,1055632.0,Approved
1168,1,Graduate,No,1175152.0,920000.0,36,583,9249680.0,0.0,1151107.0,310215.0,Approved
1169,1,Not Graduate,No,2139702.0,4020000.0,48,565,2061045.0,0.0,2346323.0,3285754.0,Rejected
1170,1,Graduate,No,836021.0,1740000.0,12,580,2978683.0,0.0,1069454.0,186507.0,Rejected
1171,2,Graduate,No,674080.0,540000.0,24,703,5308505.0,0.0,257659.0,525819.0,Approved
1172,1,Graduate,Yes,734363.0,900000.0,24,675,3332345.0,2141055.0,985435.0,1381196.0,Approved
1173,0,Graduate,Yes,677349.0,1500000.0,36,695,1929087.0,830349.0,651553.0,679303.0,Approved
1174,3,Graduate,No,1278435.0,1710000.0,18,579,6807869.0,0.0,816425.0,305450.0,Rejected
1175,1,Graduate,No,2394638.0,870000.0,36,449,4480166.0,0.0,1324993.0,4615625.0,Rejected
1176,0,Graduate,No,1714090.0,3210000.0,48,667,5367748.0,0.0,710371.0,1587535.0,Approved
1177,4,Not Graduate,No,908488.0,2210000.0,12,499,4263900.0,0.0,860296.0,410340.0,Rejected
1178,4,Graduate,No,2722753.0,4310000.0,6,504,19428271.0,0.0,163762.0,3382262.0,Approved
1179,3,Graduate,No,3469455.0,5680000.0,60,427,14348120.0,0.0,3702708.0,5536197.0,Rejected
1180,2,Graduate,No,572798.0,460000.0,12,493,4518894.0,0.0,682980.0,465174.0,Approved
1181,1,Not Graduate,Yes,1107624.0,2020000.0,12,539,7851196.0,2522714.0,534294.0,247238.0,Rejected
1182,0,Not Graduate,Yes,1097177.0,1190000.0,12,661,7297621.0,4101521.0,1155728.0,1412386.0,Approved
1183,3,Not Graduate,No,1465983.0,2240000.0,12,783,5575227.0,0.0,1594681.0,456422.0,Approved
1184,2,Not Graduate,Yes,2377127.0,6760000.0,36,552,14367101.0,6601584.0,346787.0,4494611.0,Approved
1185,2,Graduate,Yes,2883906.0,7430000.0,12,533,9985218.0,1365400.0,753281.0,3646852.0,Rejected
1186,0,Graduate,No,480000.0,1200000.0,36,811,1841792.0,0.0,351400.0,911865.0,Approved
1187,0,Not Graduate,No,480000.0,1350000.0,24,501,2400589.0,0.0,579075.0,103934.0,Rejected
1188,2,Graduate,No,2299152.0,6430000.0,36,531,3239367.0,0.0,1319701.0,2484085.0,Approved
1189,2,Graduate,No,571420.0,320000.0,36,628,3966431.0,0.0,531310.0,963708.0,Approved
1190,3,Graduate,No,1084915.0,950000.0,18,391,2198961.0,0.0,1381337.0,824725.0,Rejected
1191,0,Graduate,Yes,822251.0,1360000.0,12,718,4288639.0,2459022.0,631426.0,445293.0,Approved
1192,1,Graduate,No,1646310.0,2480000.0,12,704,5506257.0,0.0,2412974.0,2382918.0,Approved
1193,3,Not Graduate,Yes,1469099.0,1820000.0,24,759,8939165.0,2473456.0,1191669.0,949961.0,Approved
1194,1,Graduate,No,480000.0,780000.0,36,549,1512978.0,0.0,141927.0,374084.0,Approved
1195,2,Graduate,Yes,1303703.0,3460000.0,24,496,2133890.0,192346.0,645393.0,975913.0,Rejected
1196,2,Graduate,No,1375038.0,3160000.0,18,569,3472540.0,0.0,1410039.0,1894438.0,Approved
1197,1,Graduate,No,1879183.0,2800000.0,12,515,1729086.0,0.0,121554.0,1521599.0,Rejected
1198,2,Not Graduate,No,2751648.0,1170000.0,18,620,13057520.0,0.0,1826904.0,3466762.0,Approved
1199,0,Graduate,No,1562418.0,1390000.0,36,690,5768925.0,0.0,362126.0,3109109.0,Approved
1200,2,Not Graduate,No,1060751.0,1190000.0,6,634,2337301.0,0.0,533288.0,227226.0,Approved
1201,0,Graduate,No,480000.0,510000.0,18,531,1079733.0,0.0,492967.0,222168.0,Rejected
1202,2,Not Graduate,Yes,1407202.0,3870000.0,18,614,9676970.0,5124099.0,899900.0,543092.0,Approved
1203,2,Graduate,No,890931.0,540000.0,48,521,2833636.0,0.0,309126.0,184060.0,Approved
1204,0,Not Graduate,No,1594490.0,4210000.0,12,552,3602483.0,0.0,664313.0,2540464.0,Rejected
1205,3,Not Graduate,No,779929.0,1890000.0,48,728,726647.0,0.0,998942.0,903700.0,Approved
1206,2,Graduate,Yes,1039010.0,2050000.0,12,700,6944393.0,3974328.0,748748.0,1204106.0,Approved
1207,0,Graduate,Yes,1937381.0,1210000.0,12,726,11630784.0,2942428.0,1964679.0,1245530.0,Approved
1208,0,Not Graduate,No,634586.0,920000.0,12,507,2315297.0,0.0,429201.0,735210.0,Approved
1209,4,Graduate,No,6114725.0,3170000.0,12,648,10163730.0,0.0,6807292.0,10275920.0,Rejected
1210,0,Not Graduate,Yes,1557519.0,3860000.0,24,561,12013281.0,380340.0,1754549.0,734198.0,Approved
1211,3,Graduate,No,853314.0,630000.0,24,797,6339032.0,0.0,1240091.0,1500122.0,Approved
1212,1,Graduate,No,480000.0,1430000.0,48,696,2377779.0,0.0,624676.0,599342.0,Approved
1213,2,Not Graduate,No,807386.0,1670000.0,12,619,6121682.0,0.0,332096.0,1026386.0,Approved
1214,1,Graduate,No,749714.0,1400000.0,18,654,3763751.0,0.0,886594.0,662885.0,Approved
1215,3,Not Graduate,No,830623.0,1660000.0,60,430,5743125.0,0.0,210528.0,1515943.0,Rejected
1216,2,Not Graduate,Yes,1941962.0,5200000.0,36,570,6770525.0,5219746.0,679486.0,3150296.0,Approved
1217,2,Graduate,Yes,1027738.0,2870000.0,18,707,5777162.0,3359517.0,1027978.0,1254704.0,Approved
1218,1,Graduate,Yes,1746284.0,4380000.0,12,809,8681794.0,5183495.0,1941985.0,640011.0,Rejected
1219,2,Graduate,Yes,1421157.0,1300000.0,12,595,4931017.0,1223728.0,944603.0,1788983.0,Approved
1220,1,Graduate,No,2812080.0,4620000.0,24,635,18240315.0,0.0,3915203.0,1250639.0,Approved
1221,1,Not Graduate,No,1365845.0,1610000.0,24,680,2324664.0,0.0,771150.0,2156265.0,Approved
1222,0,Not Graduate,No,480000.0,660000.0,36,506,1486948.0,0.0,165387.0,877252.0,Rejected
1223,0,Graduate,No,480000.0,340000.0,24,854,1845403.0,0.0,264327.0,507591.0,Approved
1224,2,Graduate,No,1858302.0,4130000.0,18,713,4259203.0,0.0,2557530.0,2329683.0,Approved
1225,2,Not Graduate,No,2670961.0,3510000.0,36,448,17614382.0,0.0,3695457.0,2635173.0,Rejected
1226,0,Graduate,No,480000.0,950000.0,24,583,2048026.0,0.0,505898.0,523004.0,Approved
1227,2,Not Graduate,No,3000217.0,5510000.0,36,521,20188240.0,0.0,3448780.0,4247170.0,Approved
1228,1,Graduate,No,793225.0,390000.0,12,775,4468163.0,0.0,1124281.0,1389393.0,Approved
1229,0,Graduate,No,782125.0,1020000.0,6,621,3566036.0,0.0,506230.0,1304727.0,Approved
1230,3,Not Graduate,Yes,511033.0,940000.0,12,465,3554703.0,801547.0,407899.0,294152.0,Rejected
1231,0,Graduate,No,736784.0,2350000.0,18,515,2932519.0,0.0,348146.0,635022.0,Approved
1232,2,Graduate,No,552585.0,1360000.0,24,661,2662796.0,0.0,50651.0,603310.0,Approved
1233,3,Not Graduate,Yes,1899927.0,3630000.0,24,446,13151616.0,143957.0,433211.0,2370141.0,Approved
1234,1,Graduate,No,480000.0,240000.0,18,500,1858952.0,0.0,413473.0,88594.0,Approved
1235,3,Not Graduate,No,639771.0,970000.0,48,483,2019391.0,0.0,207318.0,666040.0,Approved
1236,1,Not Graduate,No,934470.0,2250000.0,24,663,4435453.0,0.0,890728.0,917417.0,Approved
1237,1,Graduate,Yes,1983190.0,820000.0,18,527,14523766.0,3456539.0,1924647.0,2372926.0,Rejected
1238,2,Not Graduate,No,1172020.0,1420000.0,36,563,3071446.0,0.0,321776.0,2152689.0,Approved
1239,1,Not Graduate,No,576463.0,370000.0,24,753,4187113.0,0.0,859218.0,444968.0,Approved
1240,4,Graduate,No,1047603.0,770000.0,24,682,4098362.0,0.0,988930.0,200906.0,Approved
1241,1,Graduate,No,1006069.0,2340000.0,24,378,1159052.0,0.0,1267144.0,429651.0,Rejected
1242,1,Graduate,Yes,905671.0,1190000.0,60,868,5984717.0,2386208.0,591560.0,459250.0,Approved
1243,1,Not Graduate,Yes,4841654.0,13020000.0,12,398,10472948.0,11661782.0,3565170.0,4229258.0,Rejected
1244,1,Graduate,Yes,1202927.0,2370000.0,18,724,7376429.0,4375952.0,259675.0,2305673.0,Approved
1245,0,Graduate,No,1643094.0,1030000.0,36,699,1880778.0,0.0,867290.0,1080151.0,Approved
1246,0,Not Graduate,No,1172429.0,1310000.0,24,572,6773963.0,0.0,1232914.0,1715952.0,Approved
1247,1,Not Graduate,No,1951572.0,5010000.0,24,533,14149959.0,0.0,560141.0,2918834.0,Approved
1248,2,Not Graduate,Yes,650765.0,1200000.0,24,653,380622.0,312151.0,721589.0,1129987.0,Approved
1249,0,Graduate,No,1009281.0,2470000.0,36,541,5097138.0,0.0,462261.0,665998.0,Rejected
1250,0,Not Graduate,No,1277357.0,1140000.0,12,715,4913223.0,0.0,1405607.0,2388289.0,Approved
1251,3,Not Graduate,No,824408.0,1750000.0,36,735,6481556.0,0.0,868117.0,266169.0,Approved
1252,2,Not Graduate,No,1003931.0,2480000.0,18,432,1536409.0,0.0,786293.0,954471.0,Rejected
1253,1,Graduate,Yes,808947.0,1510000.0,24,658,3422020.0,2281960.0,86578.0,672397.0,Approved
1254,1,Not Graduate,Yes,827052.0,260000.0,12,745,4303673.0,1815064.0,800435.0,1349149.0,Approved
1255,2,Not Graduate,Yes,1600541.0,1660000.0,12,561,2179575.0,1088719.0,1075449.0,2571746.0,Rejected
1256,2,Graduate,Yes,1638555.0,3990000.0,12,657,7422510.0,4473113.0,103853.0,1127734.0,Approved
1257,3,Not Graduate,No,596074.0,1510000.0,12,706,775857.0,0.0,608807.0,474919.0,Rejected
1258,2,Graduate,No,1033645.0,2270000.0,48,643,7082567.0,0.0,529404.0,1289276.0,Approved
1259,2,Graduate,No,574351.0,1180000.0,6,514,953378.0,0.0,694515.0,408595.0,Approved
1260,4,Graduate,Yes,654440.0,1480000.0,12,430,3156453.0,1410250.0,421438.0,66100.0,Rejected
1261,2,Graduate,No,1188614.0,1470000.0,24,713,7644865.0,0.0,139043.0,826022.0,Approved
1262,0,Not Graduate,Yes,2569543.0,1410000.0,18,631,8754179.0,9700966.0,2322166.0,4321526.0,Approved
1263,1,Not Graduate,No,1013779.0,470000.0,12,658,6808492.0,0.0,1436631.0,2001306.0,Approved
1264,4,Not Graduate,No,1922383.0,1320000.0,36,656,3474267.0,0.0,2471436.0,3468563.0,Approved
1265,3,Graduate,No,1213651.0,2380000.0,24,666,2301642.0,0.0,867435.0,722358.0,Rejected
1266,1,Graduate,Yes,1733752.0,4120000.0,18,601,1536063.0,1289575.0,1715203.0,1228610.0,Rejected
1267,0,Graduate,No,528553.0,940000.0,12,602,3811692.0,0.0,177252.0,449894.0,Approved
1268,1,Not Graduate,Yes,992682.0,1810000.0,36,595,6893400.0,2227451.0,284050.0,385131.0,Rejected
1269,2,Graduate,No,1243084.0,2520000.0,48,406,1044496.0,0.0,878471.0,1419105.0,Rejected
1270,1,Not Graduate,No,710736.0,330000.0,24,665,1590150.0,0.0,957144.0,111981.0,Approved
1271,1,Graduate,No,561602.0,520000.0,18,555,1354594.0,0.0,757627.0,85647.0,Approved
1272,3,Not Graduate,No,1735389.0,4130000.0,6,778,13308856.0,0.0,1057610.0,359583.0,Approved
1273,1,Not Graduate,No,1006347.0,1050000.0,24,643,4887365.0,0.0,1400588.0,1546175.0,Approved
1274,0,Graduate,Yes,1607914.0,3780000.0,24,691,8790596.0,5464147.0,2279190.0,467876.0,Approved
1275,1,Graduate,Yes,622272.0,590000.0,36,661,4083765.0,666415.0,293603.0,575426.0,Approved
1276,2,Graduate,Yes,621847.0,940000.0,24,563,4579855.0,1436035.0,904041.0,1165640.0,Approved
1277,4,Graduate,No,1538143.0,3830000.0,18,479,11726790.0,0.0,487533.0,1176669.0,Rejected
1278,0,Not Graduate,Yes,1377308.0,1460000.0,18,569,8965913.0,4647162.0,1109402.0,1969289.0,Rejected
1279,1,Graduate,No,533354.0,760000.0,18,691,2283929.0,0.0,139344.0,101502.0,Approved
1280,2,Not Graduate,No,3771515.0,8160000.0,36,596,11717602.0,0.0,5481490.0,3500757.0,Approved
1281,3,Graduate,No,480000.0,1410000.0,18,513,3313466.0,0.0,604279.0,119769.0,Rejected
1282,1,Graduate,No,2282358.0,3400000.0,18,762,9339922.0,0.0,2572231.0,3122707.0,Approved
1283,1,Not Graduate,No,3268403.0,3540000.0,18,733,3862286.0,0.0,4073835.0,1660676.0,Approved
1284,2,Not Graduate,Yes,1957254.0,1700000.0,48,589,12305972.0,6855273.0,373771.0,2059971.0,Approved
1285,2,Not Graduate,No,4397694.0,6790000.0,24,326,34752507.0,0.0,1761041.0,7631825.0,Rejected
1286,2,Graduate,Yes,1722975.0,780000.0,24,732,1786356.0,3017780.0,2312516.0,3214011.0,Approved
1287,1,Not Graduate,No,1773006.0,2520000.0,12,620,6394294.0,0.0,1221184.0,1543507.0,Approved
1288,0,Not Graduate,No,913777.0,480000.0,24,592,3341609.0,0.0,524977.0,1036576.0,Approved
1289,1,Graduate,No,2122689.0,1780000.0,24,620,4281540.0,0.0,1475367.0,1999340.0,Approved
1290,0,Not Graduate,Yes,1327268.0,1720000.0,12,610,8879259.0,154221.0,605178.0,1208373.0,Approved
1291,0,Not Graduate,Yes,1207255.0,2540000.0,36,433,8030803.0,321129.0,1537956.0,1814231.0,Rejected
1292,2,Graduate,Yes,712579.0,740000.0,12,708,2284744.0,1507384.0,386507.0,1051649.0,Approved
1293,1,Not Graduate,No,3027688.0,2960000.0,24,682,22076308.0,0.0,3519133.0,4013631.0,Approved
1294,0,Graduate,Yes,3049174.0,1540000.0,18,847,8705103.0,1885402.0,528299.0,2242288.0,Approved
1295,0,Not Graduate,No,953533.0,660000.0,48,690,7357717.0,0.0,997592.0,143384.0,Approved
1296,1,Graduate,Yes,766299.0,580000.0,24,542,2203513.0,623215.0,1128157.0,668305.0,Approved
1297,0,Not Graduate,No,1123520.0,650000.0,48,508,7042292.0,0.0,656460.0,275938.0,Approved
1298,4,Not Graduate,Yes,834466.0,1810000.0,48,622,756692.0,508957.0,1122049.0,157890.0,Approved
1299,2,Graduate,No,1537619.0,2420000.0,24,416,5662479.0,0.0,705966.0,1639652.0,Rejected
1300,2,Graduate,Yes,1407337.0,1940000.0,18,793,1615976.0,131431.0,1287970.0,313088.0,Approved
1301,1,Not Graduate,No,480000.0,350000.0,12,718,346834.0,0.0,699694.0,95458.0,Approved
1302,1,Not Graduate,No,768741.0,280000.0,6,670,1263666.0,0.0,1118267.0,821911.0,Approved
1303,0,Not Graduate,Yes,619893.0,380000.0,24,635,882391.0,823476.0,676199.0,472962.0,Approved
1304,2,Not Graduate,Yes,783173.0,820000.0,24,415,4799867.0,403522.0,844107.0,1316851.0,Rejected
1305,1,Not Graduate,No,1660500.0,2560000.0,18,551,13169369.0,0.0,336946.0,528048.0,Approved
1306,2,Not Graduate,Yes,792420.0,1470000.0,36,500,2062682.0,1719732.0,71980.0,245947.0,Approved
1307,0,Not Graduate,No,712378.0,1130000.0,36,777,4449844.0,0.0,389954.0,223826.0,Approved
1308,0,Not Graduate,No,1244833.0,2570000.0,18,786,4549957.0,0.0,630488.0,2279490.0,Approved
1309,1,Graduate,Yes,653099.0,1030000.0,36,475,1377804.0,140006.0,162169.0,164432.0,Rejected
1310,3,Graduate,No,1462043.0,3060000.0,36,672,5271271.0,0.0,1188093.0,1022457.0,Rejected
1311,0,Graduate,Yes,1127348.0,2090000.0,36,581,5693602.0,3368676.0,993599.0,1553965.0,Approved
1312,1,Graduate,No,773937.0,1420000.0,48,455,2317828.0,0.0,50000.0,221367.0,Rejected
1313,1,Graduate,Yes,831039.0,1170000.0,18,737,5763838.0,2126570.0,914061.0,1001553.0,Rejected
1314,2,Not Graduate,No,2370091.0,3340000.0,24,572,3226838.0,0.0,1267746.0,2541246.0,Rejected
1315,4,Graduate,No,1337692.0,1820000.0,6,503,-13738.0,0.0,127355.0,835783.0,Approved
1316,1,Graduate,No,480000.0,990000.0,12,608,3812464.0,0.0,554899.0,619352.0,Approved
1317,2,Not Graduate,No,668313.0,1510000.0,60,757,3921029.0,0.0,444082.0,903890.0,Approved
1318,1,Graduate,No,510967.0,940000.0,18,579,2830216.0,0.0,688181.0,952603.0,Rejected
1319,4,Graduate,Yes,1219457.0,2370000.0,12,651,7355331.0,3938179.0,721046.0,2341214.0,Approved
1320,3,Not Graduate,Yes,740773.0,1520000.0,12,695,793328.0,2746243.0,272517.0,170245.0,Approved
1321,2,Graduate,No,1099204.0,840000.0,36,816,3188063.0,0.0,121993.0,837628.0,Approved
1322,2,Graduate,Yes,1214254.0,2280000.0,48,439,1514812.0,4675428.0,1010611.0,291358.0,Approved
1323,3,Graduate,No,2618910.0,6420000.0,12,521,7152397.0,0.0,3217496.0,1267439.0,Approved
1324,0,Not Graduate,No,791711.0,970000.0,18,576,2921035.0,0.0,731585.0,1223457.0,Approved
1325,1,Graduate,No,1061012.0,2340000.0,6,598,8327509.0,0.0,1562893.0,671877.0,Rejected
1326,1,Not Graduate,No,1087363.0,1790000.0,6,674,2786625.0,0.0,1583442.0,487041.0,Approved
1327,0,Not Graduate,No,593345.0,1130000.0,18,449,4266124.0,0.0,741525.0,888775.0,Rejected
1328,0,Not Graduate,No,1609007.0,1680000.0,36,344,3036005.0,0.0,1026934.0,802257.0,Rejected
1329,0,Graduate,No,939273.0,1270000.0,36,612,1255964.0,0.0,134489.0,1471389.0,Rejected
1330,0,Graduate,No,1294748.0,660000.0,60,734,9715013.0,0.0,1359990.0,1457209.0,Approved
1331,4,Graduate,Yes,825653.0,1940000.0,24,729,3171190.0,1441714.0,313247.0,1018060.0,Approved
1332,4,Graduate,No,1521827.0,1400000.0,12,808,11590747.0,0.0,428401.0,2638541.0,Approved
1333,1,Not Graduate,No,1251523.0,1570000.0,18,448,1538741.0,0.0,1314639.0,898338.0,Approved
1334,1,Graduate,No,621833.0,840000.0,36,577,3179613.0,0.0,445723.0,1059494.0,Rejected
1335,2,Not Graduate,No,1070664.0,620000.0,36,616,2367019.0,0.0,219838.0,110702.0,Approved
1336,3,Graduate,Yes,1090872.0,1450000.0,60,580,8275510.0,4322629.0,1581263.0,510894.0,Rejected
1337,0,Not Graduate,Yes,1466104.0,520000.0,48,863,9402256.0,1339465.0,2139953.0,1891320.0,Approved
1338,3,Not Graduate,No,938311.0,1850000.0,18,691,6444472.0,0.0,975896.0,1616279.0,Approved
1339,3,Graduate,Yes,480000.0,900000.0,6,545,3443493.0,280745.0,544727.0,469228.0,Approved
1340,0,Graduate,No,582840.0,940000.0,12,736,562931.0,0.0,124287.0,1135795.0,Approved
1341,4,Not Graduate,Yes,480000.0,1080000.0,36,570,2747648.0,153555.0,221774.0,867661.0,Approved
1342,1,Not Graduate,No,1075351.0,920000.0,48,559,8315674.0,0.0,1053870.0,1639569.0,Approved
1343,3,Not Graduate,No,509486.0,1300000.0,48,619,2508539.0,0.0,749981.0,318563.0,Approved
1344,0,Not Graduate,No,2256555.0,5370000.0,18,867,15214706.0,0.0,2168210.0,3139831.0,Approved
1345,3,Graduate,No,888939.0,1820000.0,18,687,1769016.0,0.0,378673.0,821838.0,Approved
1346,3,Graduate,No,501010.0,1250000.0,36,613,1335501.0,0.0,713020.0,691771.0,Approved
1347,1,Graduate,Yes,600352.0,590000.0,18,520,2138094.0,451229.0,427566.0,515469.0,Approved
1348,3,Graduate,Yes,768002.0,330000.0,36,419,5603027.0,2969389.0,431943.0,846722.0,Rejected
1349,0,Graduate,Yes,1696341.0,3520000.0,24,511,5802033.0,4997736.0,370303.0,514080.0,Approved
1350,3,Graduate,No,607183.0,1770000.0,36,680,3620403.0,0.0,874271.0,187244.0,Approved
1351,0,Graduate,Yes,597795.0,1360000.0,36,617,2717864.0,1858756.0,258679.0,694842.0,Rejected
1352,2,Not Graduate,Yes,3117626.0,8520000.0,36,611,19573309.0,3399387.0,4453922.0,2223461.0,Approved
1353,1,Graduate,Yes,936967.0,300000.0,24,578,5330660.0,430225.0,765969.0,1759093.0,Approved
1354,2,Not Graduate,No,874296.0,1570000.0,12,566,787047.0,0.0,573330.0,265644.0,Approved
1355,1,Not Graduate,No,738547.0,660000.0,12,661,5477292.0,0.0,156714.0,213613.0,Approved
1356,4,Graduate,No,1312007.0,930000.0,12,483,7000777.0,0.0,1397017.0,2079107.0,Approved
1357,2,Not Graduate,No,1475141.0,3410000.0,12,674,8204672.0,0.0,905002.0,2124290.0,Approved
1358,3,Graduate,No,1106061.0,980000.0,6,557,7801015.0,0.0,201120.0,231882.0,Rejected
1359,1,Graduate,No,1369152.0,1580000.0,24,688,3543281.0,0.0,410693.0,967893.0,Approved
1360,0,Graduate,No,480000.0,1130000.0,60,488,2443763.0,0.0,188445.0,599790.0,Approved
1361,1,Graduate,No,1959615.0,3490000.0,24,547,8720954.0,0.0,802653.0,3322448.0,Rejected
1362,1,Graduate,No,2076347.0,6110000.0,24,580,15473576.0,0.0,1500706.0,3560214.0,Approved
1363,0,Not Graduate,No,624220.0,290000.0,24,815,2394902.0,0.0,294835.0,1167454.0,Approved
1364,1,Not Graduate,No,831434.0,500000.0,12,660,2354266.0,0.0,57545.0,832798.0,Approved
1365,1,Graduate,No,1003766.0,2340000.0,12,783,1134647.0,0.0,1295517.0,708308.0,Approved
1366,3,Not Graduate,No,480000.0,1040000.0,12,879,2312678.0,0.0,468802.0,383859.0,Approved
1367,3,Not Graduate,No,1262088.0,2590000.0,18,468,8010229.0,0.0,814099.0,726398.0,Rejected
1368,1,Not Graduate,Yes,1374097.0,3090000.0,24,634,2615290.0,3024284.0,824312.0,2007200.0,Approved
1369,2,Not Graduate,No,814594.0,2070000.0,24,670,3446434.0,0.0,607584.0,978330.0,Approved
1370,0,Not Graduate,No,480000.0,420000.0,24,506,727847.0,0.0,206896.0,100712.0,Rejected
1371,1,Graduate,Yes,1850170.0,4120000.0,48,652,8518234.0,1660027.0,124425.0,2839457.0,Rejected
1372,2,Graduate,No,513521.0,1260000.0,24,581,2328771.0,0.0,726122.0,390037.0,Rejected
1373,2,Graduate,No,480000.0,280000.0,6,659,1558978.0,0.0,394843.0,918970.0,Approved
1374,2,Graduate,No,1748507.0,3180000.0,18,500,4865992.0,0.0,2233508.0,1236744.0,Approved
1375,4,Not Graduate,No,848027.0,980000.0,6,562,3494839.0,0.0,1105639.0,1307939.0,Approved
1376,1,Graduate,Yes,1100870.0,3170000.0,12,813,4710682.0,962669.0,127671.0,1163101.0,Approved
1377,4,Not Graduate,No,1984849.0,4080000.0,24,649,10257709.0,0.0,577359.0,2996252.0,Approved
1378,3,Not Graduate,No,984996.0,1000000.0,18,774,5560042.0,0.0,263668.0,1899500.0,Approved
1379,3,Graduate,Yes,957420.0,1060000.0,24,616,7221331.0,920580.0,388561.0,1740844.0,Approved
1380,0,Not Graduate,Yes,2297425.0,6110000.0,18,499,5533315.0,877672.0,1914765.0,1953603.0,Rejected
1381,1,Graduate,Yes,480000.0,880000.0,6,757,1313869.0,430967.0,263579.0,630772.0,Approved
1382,1,Graduate,No,1042824.0,2000000.0,12,588,4936669.0,0.0,1067497.0,1423597.0,Rejected
1383,0,Graduate,No,887996.0,2140000.0,12,554,2482755.0,0.0,961715.0,812298.0,Rejected
1384,1,Graduate,No,808620.0,430000.0,24,536,3305878.0,0.0,1207395.0,368625.0,Approved
1385,0,Graduate,No,613835.0,250000.0,12,463,3179570.0,0.0,170834.0,528975.0,Rejected
1386,0,Graduate,No,1202899.0,580000.0,24,552,7304660.0,0.0,1699068.0,448722.0,Approved
1387,1,Not Graduate,No,928654.0,400000.0,24,629,922691.0,0.0,960930.0,430848.0,Approved
1388,1,Graduate,Yes,1966108.0,1540000.0,18,681,5787826.0,3247310.0,962580.0,1934758.0,Approved
1389,0,Not Graduate,Yes,1568747.0,2150000.0,12,560,3314923.0,3517449.0,2053240.0,1479018.0,Approved
1390,2,Not Graduate,No,1648651.0,1220000.0,18,630,12241829.0,0.0,976096.0,2107113.0,Approved
1391,2,Not Graduate,No,1646948.0,2330000.0,12,689,4571351.0,0.0,1365596.0,225182.0,Approved
1392,0,Graduate,Yes,1087060.0,390000.0,36,610,846995.0,925097.0,1070680.0,1727946.0,Approved
1393,0,Graduate,No,884787.0,1860000.0,18,667,4292974.0,0.0,791283.0,919406.0,Approved
1394,0,Not Graduate,No,932831.0,2020000.0,24,634,4014828.0,0.0,1074201.0,122059.0,Rejected
1395,1,Not Graduate,No,1416248.0,2470000.0,6,719,1752128.0,0.0,264251.0,636761.0,Rejected
1396,1,Not Graduate,Yes,731802.0,290000.0,36,633,3867234.0,672162.0,727085.0,498650.0,Approved
1397,2,Not Graduate,No,907803.0,580000.0,18,542,1184974.0,0.0,728418.0,1484293.0,Approved
1398,1,Graduate,No,647995.0,1310000.0,36,559,1650706.0,0.0,362871.0,939701.0,Approved
1399,3,Not Graduate,No,939647.0,1860000.0,12,638,4700652.0,0.0,429768.0,170130.0,Approved
1400,0,Graduate,Yes,802961.0,2150000.0,60,753,4083744.0,652248.0,522976.0,750209.0,Approved
1401,2,Graduate,No,771500.0,1370000.0,12,807,3297517.0,0.0,87054.0,542224.0,Approved
1402,2,Graduate,Yes,2051831.0,3160000.0,24,644,10874946.0,273721.0,1186143.0,497086.0,Approved
1403,1,Not Graduate,Yes,828692.0,1140000.0,36,605,1904630.0,3312117.0,1223064.0,1624617.0,Approved
1404,1,Graduate,Yes,1152236.0,1160000.0,36,442,8794100.0,2310024.0,246976.0,422983.0,Approved
1405,1,Graduate,Yes,543317.0,1580000.0,36,535,390856.0,2020036.0,594445.0,1029175.0,Rejected
1406,2,Not Graduate,No,1379208.0,610000.0,36,352,6539396.0,0.0,665568.0,369188.0,Approved
1407,1,Not Graduate,Yes,649484.0,220000.0,6,595,4657971.0,551716.0,495989.0,572954.0,Approved
1408,0,Not Graduate,No,950723.0,1020000.0,48,742,6238431.0,0.0,283855.0,860114.0,Approved
1409,0,Not Graduate,No,1197830.0,1670000.0,18,725,6643319.0,0.0,892645.0,1700750.0,Approved
1410,2,Graduate,Yes,1336193.0,1250000.0,36,536,2126488.0,1021473.0,1972051.0,1156755.0,Rejected
1411,1,Not Graduate,No,808884.0,1130000.0,24,611,1884815.0,0.0,184876.0,535010.0,Approved
1412,0,Not Graduate,No,695125.0,850000.0,36,668,2960276.0,0.0,956350.0,1234844.0,Rejected
1413,1,Graduate,No,959231.0,2310000.0,18,639,2109913.0,0.0,391547.0,1080969.0,Approved
1414,3,Not Graduate,No,2170310.0,4460000.0,18,556,12067812.0,0.0,2485938.0,2223899.0,Approved
1415,3,Graduate,Yes,864563.0,1310000.0,12,479,4702552.0,1868616.0,574639.0,1528259.0,Rejected
1416,0,Not Graduate,No,3716909.0,1690000.0,12,540,28462611.0,0.0,244730.0,4566808.0,Approved
1417,1,Graduate,No,930609.0,2030000.0,18,715,6786990.0,0.0,469648.0,1513938.0,Approved
1418,3,Graduate,Yes,1205359.0,1260000.0,24,577,9335952.0,1680535.0,903149.0,1113930.0,Rejected
1419,1,Graduate,Yes,771319.0,580000.0,36,652,1840959.0,438754.0,178147.0,261665.0,Approved
1420,2,Graduate,No,987305.0,1920000.0,48,636,4697702.0,0.0,272286.0,615750.0,Approved
1421,1,Graduate,Yes,480000.0,1030000.0,12,837,254678.0,925870.0,374344.0,668728.0,Approved
1422,2,Graduate,No,2430069.0,3440000.0,6,458,11971728.0,0.0,2873071.0,620031.0,Rejected
1423,3,Not Graduate,Yes,2424508.0,2770000.0,36,416,16032513.0,2427982.0,1244478.0,1031018.0,Rejected
1424,2,Not Graduate,No,616675.0,1020000.0,48,383,4467661.0,0.0,50000.0,928949.0,Rejected
1425,1,Graduate,Yes,681984.0,380000.0,24,487,2363291.0,1671364.0,922173.0,1200766.0,Approved
1426,1,Graduate,No,940712.0,2240000.0,12,716,939355.0,0.0,74719.0,430525.0,Approved
1427,3,Graduate,No,850157.0,1970000.0,6,543,4561591.0,0.0,1073553.0,761463.0,Approved
1428,2,Graduate,Yes,2038308.0,2430000.0,18,383,2279276.0,3547326.0,3003073.0,272957.0,Approved
1429,2,Not Graduate,No,1184677.0,1710000.0,12,626,3861918.0,0.0,1286421.0,1906745.0,Approved
1430,4,Graduate,No,1138367.0,980000.0,18,727,4518378.0,0.0,1568833.0,1390296.0,Approved
1431,3,Not Graduate,No,710901.0,2100000.0,18,705,1935994.0,0.0,485099.0,1196405.0,Rejected
1432,2,Not Graduate,No,514134.0,440000.0,24,604,4029720.0,0.0,208987.0,836782.0,Rejected
1433,3,Graduate,No,4872575.0,10690000.0,12,661,25649714.0,0.0,6100769.0,6975691.0,Approved
1434,4,Not Graduate,No,1001100.0,2760000.0,24,693,6373850.0,0.0,226659.0,1823358.0,Approved
1435,0,Not Graduate,Yes,1527838.0,4010000.0,36,573,1452960.0,4264781.0,648951.0,2197150.0,Rejected
1436,0,Graduate,No,2204683.0,2710000.0,12,687,1461559.0,0.0,1245655.0,2940501.0,Approved
1437,0,Graduate,Yes,480000.0,890000.0,6,686,3760029.0,762967.0,65539.0,734579.0,Approved
1438,1,Graduate,Yes,480000.0,870000.0,36,546,1828874.0,238039.0,670480.0,196507.0,Approved
1439,2,Graduate,Yes,1209666.0,2650000.0,60,847,2199150.0,2519517.0,719353.0,455478.0,Approved
1440,4,Not Graduate,Yes,1370608.0,1460000.0,24,757,5380157.0,4083249.0,904622.0,1377484.0,Approved
1441,1,Not Graduate,No,848782.0,1470000.0,48,890,3717583.0,0.0,868965.0,708984.0,Approved
1442,1,Not Graduate,No,480000.0,1350000.0,48,818,3199666.0,0.0,460040.0,275028.0,Approved
1443,1,Not Graduate,No,909145.0,620000.0,24,580,5865234.0,0.0,475564.0,875353.0,Approved
1444,2,Graduate,No,1553281.0,1230000.0,48,662,1171771.0,0.0,1252654.0,1125581.0,Approved
1445,3,Graduate,No,1490546.0,2920000.0,6,692,5609727.0,0.0,1316372.0,1847899.0,Approved
1446,0,Graduate,Yes,480000.0,1140000.0,36,788,1056458.0,761088.0,637196.0,54243.0,Approved
1447,1,Graduate,No,567574.0,1320000.0,6,695,1309867.0,0.0,492247.0,317208.0,Approved
1448,2,Not Graduate,No,1392784.0,1600000.0,36,693,7006363.0,0.0,766718.0,1704227.0,Approved
1449,2,Graduate,Yes,2458164.0,4370000.0,12,586,2788107.0,5932696.0,603397.0,2644655.0,Approved
1450,0,Graduate,No,1068906.0,2910000.0,24,500,3702900.0,0.0,1568741.0,1121774.0,Rejected
1451,2,Not Graduate,No,918985.0,450000.0,60,871,7184113.0,0.0,782054.0,711438.0,Approved
1452,2,Not Graduate,Yes,496554.0,290000.0,24,726,2917230.0,1275794.0,468334.0,663643.0,Approved
1453,1,Not Graduate,No,2135665.0,3420000.0,18,524,11701991.0,0.0,830909.0,3469733.0,Rejected
1454,2,Not Graduate,No,1646196.0,650000.0,36,613,5526938.0,0.0,1566950.0,3161761.0,Approved
1455,0,Not Graduate,No,563893.0,930000.0,24,608,313513.0,0.0,369219.0,239559.0,Rejected
1456,0,Graduate,No,1415330.0,770000.0,18,480,7007361.0,0.0,1317447.0,2455780.0,Approved
1457,1,Graduate,Yes,1363993.0,1720000.0,36,658,10410744.0,3361860.0,429452.0,1204551.0,Approved
1458,0,Not Graduate,Yes,652337.0,470000.0,12,666,-139165.0,717138.0,569948.0,110892.0,Approved
1459,0,Graduate,No,1761562.0,4230000.0,12,621,1353958.0,0.0,2312627.0,1758286.0,Rejected
1460,2,Not Graduate,No,504221.0,1310000.0,18,502,1000182.0,0.0,635758.0,898415.0,Rejected
1461,2,Not Graduate,No,2402597.0,1050000.0,12,629,6982976.0,0.0,1285605.0,2164941.0,Rejected
1462,1,Not Graduate,Yes,1210693.0,1230000.0,12,730,831892.0,1941546.0,646026.0,2003644.0,Rejected
1463,3,Not Graduate,No,730270.0,410000.0,24,524,1715062.0,0.0,533691.0,1131310.0,Approved
1464,1,Not Graduate,No,1106315.0,1510000.0,6,624,1886223.0,0.0,615227.0,2122521.0,Approved
1465,0,Graduate,No,480000.0,1240000.0,48,532,3694188.0,0.0,107308.0,760757.0,Rejected
1466,1,Not Graduate,No,1355428.0,2330000.0,12,702,5703427.0,0.0,804408.0,606031.0,Approved
1467,1,Graduate,No,1407920.0,3500000.0,24,606,2901969.0,0.0,451920.0,2148764.0,Approved
1468,4,Graduate,Yes,1236777.0,1850000.0,48,789,4056482.0,170425.0,1772297.0,1854436.0,Approved
1469,2,Not Graduate,Yes,2421795.0,2380000.0,18,731,13637812.0,1355443.0,2687974.0,734184.0,Approved
1470,3,Not Graduate,Yes,1107737.0,3030000.0,18,521,6477120.0,3316449.0,208551.0,2009312.0,Rejected
1471,1,Graduate,No,905928.0,1910000.0,6,739,6763750.0,0.0,80321.0,399990.0,Approved
1472,0,Graduate,No,2639526.0,4050000.0,48,691,10927981.0,0.0,3178702.0,2579539.0,Approved
1473,1,Not Graduate,Yes,1718312.0,3250000.0,12,683,3752794.0,2830950.0,1831182.0,2651670.0,Approved
1474,1,Graduate,No,1248828.0,1860000.0,60,510,1877961.0,0.0,1164093.0,1875374.0,Rejected
1475,0,Graduate,No,609483.0,1270000.0,60,569,2136434.0,0.0,573516.0,340076.0,Rejected
1476,4,Graduate,Yes,1014844.0,1310000.0,6,801,2116346.0,2101672.0,368723.0,1008362.0,Approved
1477,2,Graduate,No,1078274.0,1900000.0,18,484,5902866.0,0.0,469743.0,1065222.0,Rejected
1478,1,Graduate,No,480000.0,980000.0,18,450,2041409.0,0.0,61221.0,734570.0,Rejected
1479,0,Graduate,No,1329589.0,2060000.0,60,713,6372444.0,0.0,389946.0,1098736.0,Approved
1480,2,Graduate,Yes,3064451.0,3280000.0,12,657,9282405.0,9442908.0,429913.0,3225808.0,Approved
1481,1,Not Graduate,Yes,4398755.0,8400000.0,24,634,9516192.0,4532598.0,5449143.0,8010892.0,Approved
1482,1,Not Graduate,Yes,480000.0,1180000.0,18,575,1997590.0,955289.0,517081.0,408201.0,Rejected
1483,2,Not Graduate,Yes,1218763.0,1170000.0,36,698,9260450.0,494296.0,1100249.0,314982.0,Approved
1484,2,Graduate,No,869246.0,1220000.0,24,854,5739341.0,0.0,663504.0,1443835.0,Approved
1485,1,Graduate,No,1677611.0,3260000.0,18,780,3857122.0,0.0,920947.0,2035455.0,Approved
1486,0,Not Graduate,No,1560135.0,2370000.0,6,600,1879597.0,0.0,839179.0,648790.0,Rejected
1487,2,Graduate,Yes,1550486.0,2340000.0,24,749,3352846.0,200561.0,2118879.0,415925.0,Approved
1488,2,Graduate,No,1649888.0,2310000.0,48,600,6953480.0,0.0,2219938.0,3136160.0,Approved
1489,4,Not Graduate,Yes,1527672.0,620000.0,36,520,-73862.0,2641216.0,464443.0,2302554.0,Approved
1490,0,Not Graduate,No,1263037.0,1910000.0,18,497,8366190.0,0.0,1441985.0,1713321.0,Approved
1491,1,Graduate,No,1130490.0,3000000.0,36,717,1160668.0,0.0,1488094.0,1385102.0,Approved
1492,1,Not Graduate,No,3113082.0,7180000.0,12,659,3259305.0,0.0,4605971.0,5118235.0,Approved
1493,0,Not Graduate,Yes,609392.0,330000.0,48,618,1548565.0,1390951.0,134099.0,66289.0,Approved
1494,1,Not Graduate,No,1431748.0,840000.0,24,531,9377424.0,0.0,917696.0,765726.0,Rejected
1495,0,Graduate,Yes,785842.0,1570000.0,18,737,6096447.0,2091296.0,431310.0,840938.0,Rejected
1496,0,Not Graduate,No,1480478.0,1280000.0,48,829,4021470.0,0.0,411897.0,1689677.0,Approved
1497,1,Not Graduate,No,909720.0,900000.0,24,810,7224471.0,0.0,417249.0,1711680.0,Approved
1498,0,Graduate,No,1100517.0,950000.0,60,661,3210092.0,0.0,375112.0,346877.0,Approved
1499,3,Not Graduate,No,749390.0,2020000.0,18,515,1263601.0,0.0,254841.0,252994.0,Rejected
1500,1,Graduate,No,525249.0,1040000.0,36,521,3678536.0,0.0,50000.0,573751.0,Rejected
1501,1,Graduate,Yes,1453610.0,700000.0,36,547,4543899.0,1364365.0,1553154.0,1199330.0,Approved
1502,1,Not Graduate,Yes,1050034.0,1310000.0,24,650,1479801.0,1917881.0,1464454.0,1005183.0,Approved
1503,1,Graduate,No,2621738.0,5950000.0,60,499,10523502.0,0.0,3313995.0,685773.0,Rejected
1504,1,Not Graduate,No,1624474.0,2320000.0,36,486,6903149.0,0.0,1099321.0,710135.0,Approved
1505,1,Not Graduate,No,962011.0,1840000.0,12,596,5336071.0,0.0,1267293.0,1667661.0,Approved
1506,1,Graduate,No,2175312.0,1470000.0,18,584,10896683.0,0.0,1438356.0,546607.0,Approved
1507,2,Graduate,No,652326.0,1400000.0,12,569,426236.0,0.0,271735.0,256022.0,Rejected
1508,0,Graduate,No,1242890.0,520000.0,18,644,4540266.0,0.0,954388.0,1203116.0,Approved
1509,0,Not Graduate,No,486290.0,560000.0,12,497,2231384.0,0.0,403085.0,643144.0,Rejected
1510,3,Graduate,No,721775.0,640000.0,12,645,4110778.0,0.0,231719.0,497868.0,Approved
1511,0,Graduate,Yes,2298376.0,6640000.0,12,655,9719423.0,9165083.0,2728776.0,1553962.0,Approved
1512,1,Graduate,No,3958505.0,2250000.0,18,671,26099157.0,0.0,5684687.0,6374766.0,Approved
1513,0,Graduate,No,1735733.0,1470000.0,18,720,6158117.0,0.0,1826996.0,356653.0,Approved
1514,2,Not Graduate,Yes,1192736.0,970000.0,6,467,-160658.0,2082582.0,720373.0,137063.0,Approved
1515,1,Not Graduate,No,1198349.0,640000.0,18,568,6886090.0,0.0,529657.0,1879462.0,Approved
1516,1,Not Graduate,Yes,1230238.0,1380000.0,36,764,1096005.0,2762873.0,330762.0,166140.0,Approved
1517,0,Graduate,No,796236.0,480000.0,48,672,5114597.0,0.0,186871.0,904864.0,Approved
1518,2,Graduate,No,1884117.0,5030000.0,12,673,8500871.0,0.0,1922780.0,3230258.0,Approved
1519,2,Not Graduate,No,1691931.0,4060000.0,24,525,1979935.0,0.0,908048.0,3150389.0,Rejected
1520,0,Not Graduate,No,1362278.0,2900000.0,18,641,1983155.0,0.0,1094953.0,801975.0,Approved
1521,1,Not Graduate,No,913966.0,1200000.0,12,691,3203694.0,0.0,118774.0,1262476.0,Approved
1522,1,Not Graduate,No,755335.0,640000.0,18,532,4824500.0,0.0,772387.0,967772.0,Approved
1523,1,Not Graduate,No,480000.0,1330000.0,36,710,3140668.0,0.0,196039.0,77878.0,Approved
1524,0,Not Graduate,Yes,627533.0,1180000.0,48,726,4184559.0,918674.0,403704.0,162776.0,Approved
1525,4,Not Graduate,No,957128.0,880000.0,48,638,3560780.0,0.0,1306714.0,648028.0,Approved
1526,1,Graduate,Yes,4277808.0,10950000.0,18,476,26926354.0,9607279.0,6281521.0,1315060.0,Approved
1527,3,Not Graduate,No,707565.0,1660000.0,6,549,3203971.0,0.0,1038706.0,1403792.0,Approved
1528,1,Graduate,No,1372182.0,1210000.0,6,812,10004821.0,0.0,1904285.0,769353.0,Approved
1529,1,Not Graduate,No,711640.0,730000.0,48,749,5510403.0,0.0,679342.0,437507.0,Approved
1530,2,Graduate,Yes,1932330.0,2780000.0,18,673,10998311.0,3860163.0,417387.0,849844.0,Approved
1531,0,Graduate,No,2098179.0,4640000.0,6,541,9303816.0,0.0,2468212.0,396173.0,Approved
1532,0,Not Graduate,No,2621156.0,5990000.0,48,478,4017297.0,0.0,3631718.0,2950238.0,Approved
1533,2,Graduate,No,1390680.0,3760000.0,36,680,9163072.0,0.0,684527.0,1339578.0,Rejected
1534,1,Not Graduate,No,2285173.0,910000.0,48,662,2203850.0,0.0,2784991.0,2155855.0,Approved
1535,1,Graduate,Yes,1194670.0,950000.0,24,546,8472990.0,2691154.0,63507.0,933845.0,Rejected
1536,0,Graduate,No,765591.0,280000.0,12,619,2317706.0,0.0,901628.0,533880.0,Approved
1537,0,Not Graduate,No,480000.0,1250000.0,12,316,3770038.0,0.0,50000.0,843724.0,Rejected
1538,0,Not Graduate,No,887247.0,1830000.0,12,606,4879917.0,0.0,286600.0,1209173.0,Approved
1539,1,Not Graduate,Yes,1708668.0,3510000.0,48,637,10990906.0,4194564.0,911172.0,3302524.0,Approved
1540,1,Not Graduate,No,791345.0,910000.0,6,497,5406744.0,0.0,563806.0,1500627.0,Rejected
1541,2,Not Graduate,No,1673986.0,2030000.0,6,562,8546979.0,0.0,2238781.0,1315986.0,Approved
1542,1,Graduate,Yes,520638.0,660000.0,18,464,1618087.0,1360457.0,456583.0,173069.0,Approved
1543,1,Not Graduate,No,989388.0,320000.0,6,524,4505363.0,0.0,1299314.0,1226103.0,Approved
1544,0,Not Graduate,No,1261902.0,1950000.0,12,553,7071306.0,0.0,1530123.0,545227.0,Approved
1545,1,Graduate,No,1420218.0,840000.0,36,649,1127480.0,0.0,588400.0,2018364.0,Approved
1546,0,Graduate,No,480000.0,760000.0,18,709,3464095.0,0.0,525897.0,178404.0,Approved
1547,2,Not Graduate,Yes,1180821.0,690000.0,24,681,3343155.0,95170.0,1211628.0,1816951.0,Approved
1548,2,Not Graduate,No,752192.0,1060000.0,36,597,963679.0,0.0,80858.0,463876.0,Approved
1549,3,Graduate,No,893096.0,1430000.0,12,447,4102661.0,0.0,393692.0,1353220.0,Rejected
1550,2,Graduate,No,480000.0,640000.0,36,620,549088.0,0.0,209295.0,403519.0,Approved
1551,0,Graduate,No,1708610.0,4420000.0,12,455,9436977.0,0.0,1764986.0,2641338.0,Approved
1552,1,Graduate,No,1062687.0,450000.0,6,665,2563780.0,0.0,1267393.0,189788.0,Approved
1553,1,Not Graduate,No,2230844.0,4980000.0,6,655,1886108.0,0.0,239017.0,1714580.0,Rejected
1554,1,Not Graduate,Yes,1088431.0,2250000.0,24,699,816344.0,2831713.0,888594.0,130422.0,Approved
1555,1,Graduate,Yes,919344.0,1570000.0,18,564,3883698.0,2580799.0,1172349.0,1011512.0,Approved
1556,0,Not Graduate,Yes,1804781.0,4680000.0,36,716,4829045.0,3863669.0,2014484.0,738491.0,Approved
1557,1,Graduate,Yes,1221659.0,1250000.0,18,557,5835788.0,2282702.0,142047.0,834705.0,Approved
1558,1,Graduate,No,857177.0,1100000.0,18,598,1248248.0,0.0,537076.0,1654560.0,Approved
1559,0,Not Graduate,No,990166.0,950000.0,12,489,647070.0,0.0,814096.0,513592.0,Approved
1560,2,Not Graduate,Yes,605845.0,240000.0,12,571,1592656.0,1271763.0,199808.0,311693.0,Approved
1561,3,Graduate,No,1221173.0,1110000.0,12,584,7830298.0,0.0,937262.0,1569846.0,Rejected
1562,4,Graduate,No,978604.0,1270000.0,36,545,1068792.0,0.0,358344.0,154779.0,Approved
1563,2,Graduate,Yes,1086014.0,850000.0,36,624,7019525.0,1979693.0,638567.0,631980.0,Approved
1564,0,Graduate,No,3733842.0,6780000.0,24,727,24652862.0,0.0,2478386.0,1585354.0,Approved
1565,0,Not Graduate,No,848217.0,280000.0,60,749,5431366.0,0.0,526113.0,1500628.0,Approved
1566,0,Not Graduate,Yes,780140.0,800000.0,36,708,4390793.0,1693409.0,965118.0,578790.0,Approved
1567,1,Not Graduate,No,490032.0,840000.0,24,767,1139390.0,0.0,373675.0,783807.0,Approved
1568,3,Not Graduate,No,1076975.0,2520000.0,36,615,1573786.0,0.0,1131464.0,812895.0,Rejected
1569,1,Graduate,No,940463.0,580000.0,24,459,3312055.0,0.0,911937.0,358327.0,Approved
1570,2,Not Graduate,No,696496.0,860000.0,18,549,3713714.0,0.0,287492.0,73650.0,Approved
1571,3,Graduate,Yes,505739.0,1020000.0,12,651,3722054.0,289406.0,386057.0,664550.0,Approved
1572,0,Not Graduate,No,775188.0,1190000.0,60,606,2217577.0,0.0,393972.0,701258.0,Rejected
1573,0,Graduate,No,1136866.0,780000.0,18,468,7105716.0,0.0,1676133.0,476897.0,Approved
1574,1,Not Graduate,No,1391456.0,3090000.0,6,718,2515024.0,0.0,510084.0,2358939.0,Approved
1575,0,Not Graduate,No,617385.0,690000.0,6,595,3591992.0,0.0,185878.0,392471.0,Approved
1576,3,Not Graduate,Yes,1265922.0,1590000.0,36,537,2691251.0,2131527.0,1699390.0,1756923.0,Rejected
1577,0,Graduate,No,3672413.0,2310000.0,24,316,19196644.0,0.0,2650166.0,6361806.0,Approved
1578,0,Not Graduate,Yes,831970.0,1600000.0,24,686,5433045.0,1968848.0,834368.0,1433127.0,Approved
1579,0,Graduate,No,2236122.0,1780000.0,24,592,15351639.0,0.0,2661808.0,1736953.0,Approved
1580,2,Not Graduate,Yes,888751.0,1490000.0,12,513,4374996.0,249453.0,983978.0,516656.0,Approved
1581,1,Not Graduate,No,1918230.0,2770000.0,24,717,14557107.0,0.0,396527.0,3016877.0,Approved
1582,2,Graduate,No,2597915.0,3880000.0,36,459,6716934.0,0.0,2184169.0,4721883.0,Approved
1583,1,Not Graduate,No,799643.0,910000.0,48,596,2388661.0,0.0,438786.0,755961.0,Rejected
1584,3,Not Graduate,Yes,1715172.0,2550000.0,36,639,6022631.0,1719490.0,338578.0,2959627.0,Approved
1585,2,Not Graduate,Yes,726274.0,940000.0,24,443,1666863.0,1161974.0,656964.0,325204.0,Approved
1586,2,Graduate,Yes,1138557.0,1890000.0,60,535,763428.0,4038309.0,863625.0,901680.0,Rejected
1587,2,Not Graduate,Yes,2416695.0,2050000.0,24,557,19191466.0,329394.0,890744.0,3515657.0,Approved
1588,1,Not Graduate,No,3534250.0,1380000.0,24,695,16394884.0,0.0,4472219.0,1319488.0,Approved
1589,3,Graduate,No,1099430.0,2720000.0,24,802,818710.0,0.0,1628556.0,2080708.0,Approved
1590,1,Graduate,No,1023904.0,390000.0,24,746,4993932.0,0.0,662643.0,1159726.0,Approved
1591,0,Not Graduate,No,2937404.0,3610000.0,12,752,20068634.0,0.0,1069766.0,1257946.0,Approved
1592,1,Graduate,Yes,1205020.0,2840000.0,60,626,2838521.0,2233352.0,455151.0,247724.0,Approved
1593,2,Graduate,No,581843.0,590000.0,12,454,447684.0,0.0,312766.0,160789.0,Rejected
1594,0,Graduate,No,859887.0,640000.0,36,634,2353100.0,0.0,1232439.0,623732.0,Approved
1595,4,Graduate,Yes,1191796.0,2910000.0,36,587,2019789.0,1540751.0,1097167.0,799998.0,Approved
1596,1,Not Graduate,No,887742.0,410000.0,12,521,3832779.0,0.0,1169962.0,1021353.0,Approved
1597,2,Not Graduate,No,480000.0,930000.0,48,395,1018850.0,0.0,60891.0,226566.0,Rejected
1598,2,Graduate,No,939142.0,2290000.0,12,682,2246286.0,0.0,987487.0,1034337.0,Approved
1599,4,Graduate,Yes,480000.0,360000.0,18,337,-72247.0,1875090.0,269256.0,216566.0,Rejected
1600,2,Not Graduate,No,480000.0,590000.0,12,580,1769017.0,0.0,205755.0,325071.0,Approved
1601,0,Not Graduate,Yes,613143.0,1220000.0,24,639,2618301.0,2045868.0,309623.0,936042.0,Approved
1602,2,Not Graduate,No,1237151.0,580000.0,18,598,7623119.0,0.0,776624.0,2461645.0,Approved
1603,1,Graduate,Yes,1145616.0,1080000.0,12,634,4653672.0,4050633.0,1282212.0,1357234.0,Rejected
1604,0,Not Graduate,No,1491327.0,2600000.0,12,628,7018892.0,0.0,1829455.0,2911099.0,Approved
1605,1,Not Graduate,No,1225254.0,760000.0,6,549,8084393.0,0.0,1487229.0,911517.0,Approved
1606,2,Graduate,Yes,2116184.0,3520000.0,36,709,13889985.0,5740930.0,2779484.0,4111580.0,Approved
1607,0,Graduate,No,790106.0,820000.0,36,624,-125170.0,0.0,511585.0,968588.0,Approved
1608,1,Not Graduate,Yes,480000.0,970000.0,36,697,2345422.0,59058.0,131791.0,237077.0,Approved
1609,1,Graduate,Yes,2143329.0,1120000.0,12,719,11737849.0,297824.0,1883998.0,1751587.0,Approved
1610,2,Graduate,No,944633.0,780000.0,12,550,2715537.0,0.0,571063.0,977711.0,Approved
1611,1,Not Graduate,No,898140.0,2120000.0,48,692,3736802.0,0.0,264596.0,300602.0,Rejected
1612,3,Graduate,Yes,1466377.0,3650000.0,36,429,2657365.0,4377716.0,2089081.0,1263850.0,Rejected
1613,1,Graduate,Yes,1404385.0,1920000.0,24,633,4901662.0,4891405.0,1062634.0,1198366.0,Approved
1614,4,Not Graduate,Yes,3134548.0,3150000.0,12,396,24245788.0,12068260.0,3773813.0,5477442.0,Approved
1615,2,Not Graduate,Yes,1245818.0,2810000.0,36,559,6324756.0,4728438.0,578343.0,1259688.0,Approved
1616,0,Graduate,Yes,720659.0,630000.0,36,583,771539.0,926789.0,604456.0,939901.0,Rejected
1617,2,Graduate,No,1437328.0,3560000.0,6,392,2189306.0,0.0,567150.0,2068359.0,Approved
1618,0,Graduate,Yes,1624189.0,680000.0,36,756,3191872.0,3925173.0,463119.0,2899624.0,Approved
1619,1,Not Graduate,Yes,480000.0,1180000.0,36,634,321400.0,1682505.0,543657.0,452430.0,Rejected
1620,0,Graduate,Yes,1154884.0,2550000.0,12,641,1288266.0,2229938.0,331248.0,231488.0,Approved
1621,0,Not Graduate,No,480000.0,710000.0,24,526,2781305.0,0.0,451889.0,89835.0,Approved
1622,1,Not Graduate,No,720380.0,1380000.0,48,742,3828357.0,0.0,628301.0,1265003.0,Rejected
1623,2,Not Graduate,Yes,522025.0,450000.0,12,667,4089361.0,66783.0,734925.0,219413.0,Rejected
1624,0,Graduate,No,1205410.0,850000.0,60,627,6100367.0,0.0,361126.0,138541.0,Approved
1625,3,Graduate,Yes,684005.0,1310000.0,18,529,3671665.0,889736.0,432265.0,523085.0,Approved
1626,1,Not Graduate,No,693949.0,1820000.0,12,418,2493363.0,0.0,368502.0,279287.0,Rejected
1627,1,Graduate,Yes,1744098.0,4670000.0,18,616,4511260.0,1008481.0,1050918.0,1847346.0,Rejected
1628,3,Graduate,No,1612139.0,3090000.0,36,708,10337987.0,0.0,1821803.0,1154791.0,Approved
1629,2,Not Graduate,No,1891698.0,1790000.0,12,642,6621478.0,0.0,228981.0,1729636.0,Approved
1630,2,Not Graduate,No,854515.0,1490000.0,18,630,4343909.0,0.0,692843.0,1043486.0,Approved
1631,0,Graduate,No,1064472.0,2350000.0,12,689,2823096.0,0.0,1093053.0,1742569.0,Approved
1632,3,Not Graduate,No,1142847.0,3060000.0,18,522,3230315.0,0.0,332040.0,1762864.0,Rejected
1633,2,Graduate,No,1705358.0,3920000.0,12,370,1564929.0,0.0,475128.0,3368840.0,Rejected
1634,1,Graduate,Yes,1166225.0,3300000.0,48,578,994919.0,4117825.0,1462508.0,2271605.0,Rejected
1635,0,Not Graduate,No,2280964.0,920000.0,12,756,11295511.0,0.0,551810.0,2948607.0,Approved
1636,0,Not Graduate,No,1785077.0,3910000.0,60,606,14187924.0,0.0,1842381.0,1193079.0,Rejected
1637,2,Not Graduate,No,547273.0,570000.0,18,616,3681250.0,0.0,542584.0,1048526.0,Rejected
1638,1,Graduate,Yes,926202.0,1480000.0,12,664,4287029.0,3564810.0,1080827.0,1795619.0,Rejected
1639,3,Not Graduate,Yes,1080041.0,3080000.0,60,680,8452118.0,1507101.0,1039093.0,1162059.0,Approved
1640,1,Not Graduate,Yes,1884526.0,1600000.0,36,630,14687964.0,6587426.0,105826.0,2710882.0,Approved
1641,1,Not Graduate,Yes,2572892.0,7690000.0,12,489,13006935.0,1002366.0,1145865.0,4818524.0,Rejected
1642,0,Graduate,No,2023882.0,2400000.0,48,737,3949683.0,0.0,524620.0,3150982.0,Approved
1643,1,Not Graduate,No,1006668.0,2250000.0,6,439,3445182.0,0.0,1290250.0,1590403.0,Rejected
1644,2,Not Graduate,Yes,1474692.0,730000.0,18,517,10665577.0,2171274.0,308725.0,2048366.0,Rejected
1645,2,Graduate,No,739209.0,1680000.0,60,510,3040835.0,0.0,696273.0,588978.0,Approved
1646,3,Not Graduate,Yes,1635046.0,3600000.0,60,767,9139802.0,3434357.0,885259.0,2951972.0,Approved
1647,3,Not Graduate,Yes,950258.0,1360000.0,48,430,707296.0,825647.0,998724.0,1538319.0,Rejected
1648,0,Not Graduate,Yes,814262.0,320000.0,48,325,2294979.0,2151450.0,476243.0,1594812.0,Approved
1649,1,Graduate,No,1041527.0,510000.0,6,826,5999706.0,0.0,1311583.0,1328150.0,Approved
1650,1,Graduate,No,1902418.0,2310000.0,6,486,9476055.0,0.0,1783898.0,1275869.0,Approved
1651,3,Graduate,No,1947123.0,5310000.0,24,715,1914964.0,0.0,1260038.0,2299905.0,Approved
1652,1,Not Graduate,No,1126610.0,500000.0,36,531,1555166.0,0.0,124281.0,1575890.0,Approved
1653,1,Graduate,No,1954996.0,4340000.0,24,577,5275616.0,0.0,1525138.0,3266440.0,Approved
1654,1,Not Graduate,Yes,1088363.0,380000.0,6,730,1600479.0,423241.0,837256.0,231443.0,Approved
1655,1,Graduate,Yes,2397002.0,5890000.0,24,433,10971902.0,6274042.0,2840156.0,1978466.0,Rejected
1656,3,Graduate,No,2652345.0,1650000.0,6,791,20223427.0,0.0,710118.0,5271721.0,Approved
1657,0,Not Graduate,No,1389796.0,2860000.0,18,766,879145.0,0.0,1978516.0,2691801.0,Rejected
1658,3,Graduate,No,2046055.0,2720000.0,24,835,1178809.0,0.0,872447.0,2836420.0,Approved
1659,0,Graduate,Yes,1052887.0,1070000.0,12,455,7336233.0,2936277.0,782158.0,1397695.0,Rejected
1660,1,Not Graduate,No,2133573.0,4540000.0,18,572,11009227.0,0.0,2744333.0,452285.0,Approved
1661,2,Graduate,No,1642508.0,3450000.0,12,354,12528551.0,0.0,1904739.0,796738.0,Rejected
1662,2,Graduate,No,709419.0,580000.0,18,561,5390520.0,0.0,436700.0,325564.0,Rejected
1663,2,Graduate,No,1762988.0,1660000.0,18,618,4251449.0,0.0,1391951.0,805832.0,Approved
1664,4,Not Graduate,No,916204.0,2450000.0,12,644,5185943.0,0.0,1197025.0,1175251.0,Rejected
1665,2,Graduate,No,1265676.0,1260000.0,18,574,8367768.0,0.0,204026.0,1908591.0,Approved
1666,0,Not Graduate,Yes,923365.0,2360000.0,12,696,3187194.0,1152814.0,518811.0,567164.0,Approved
1667,0,Not Graduate,No,766446.0,1720000.0,60,761,5998991.0,0.0,932671.0,916561.0,Approved
1668,2,Not Graduate,No,2659779.0,5710000.0,12,698,19813284.0,0.0,1499193.0,3532640.0,Approved
1669,0,Graduate,No,480000.0,450000.0,6,516,2218948.0,0.0,270581.0,103643.0,Rejected
1670,2,Graduate,No,480000.0,1020000.0,48,792,1710777.0,0.0,622440.0,909702.0,Approved
1671,3,Graduate,Yes,725314.0,1840000.0,18,674,3709677.0,2856429.0,608503.0,901113.0,Approved
1672,1,Not Graduate,No,1172147.0,1120000.0,24,369,7221633.0,0.0,105974.0,189692.0,Rejected
1673,0,Graduate,No,1025322.0,2170000.0,24,491,3533078.0,0.0,1041301.0,1135812.0,Approved
1674,1,Not Graduate,No,744549.0,1440000.0,24,465,426450.0,0.0,845835.0,196878.0,Rejected
1675,0,Not Graduate,Yes,1536477.0,2140000.0,18,661,2172827.0,1607511.0,1341353.0,2844953.0,Approved
1676,1,Graduate,No,1232665.0,2350000.0,12,629,3062514.0,0.0,194030.0,1915249.0,Approved
1677,0,Graduate,No,1017236.0,1880000.0,36,630,3839771.0,0.0,598321.0,1844424.0,Approved
1678,1,Graduate,Yes,4859426.0,13610000.0,60,555,23109573.0,4572073.0,1450653.0,6355372.0,Rejected
1679,3,Graduate,No,1321256.0,2850000.0,36,740,7827897.0,0.0,166504.0,318601.0,Approved
1680,0,Not Graduate,No,713150.0,980000.0,36,527,4077356.0,0.0,630914.0,1244808.0,Approved
1681,0,Not Graduate,No,1149257.0,2880000.0,48,567,8954124.0,0.0,563004.0,1856928.0,Approved
1682,1,Not Graduate,No,1163024.0,1260000.0,24,666,2443657.0,0.0,828145.0,286457.0,Approved
1683,3,Graduate,No,1903591.0,1760000.0,18,483,13430089.0,0.0,1240429.0,2571342.0,Rejected
1684,2,Not Graduate,No,1902731.0,4860000.0,36,683,9794173.0,0.0,1170694.0,3507169.0,Approved
1685,2,Graduate,No,664260.0,680000.0,24,594,1391460.0,0.0,447487.0,862707.0,Rejected
1686,0,Not Graduate,No,741781.0,2260000.0,24,619,5067360.0,0.0,750230.0,811393.0,Rejected
1687,0,Not Graduate,No,823994.0,550000.0,12,598,3543313.0,0.0,582748.0,205261.0,Approved
1688,1,Not Graduate,No,1937241.0,5300000.0,12,635,11248639.0,0.0,1034510.0,1674998.0,Approved
1689,0,Graduate,Yes,480000.0,1120000.0,18,494,1957130.0,51421.0,480731.0,593687.0,Rejected
1690,0,Not Graduate,No,516304.0,850000.0,24,693,986148.0,0.0,657002.0,426402.0,Approved
1691,3,Graduate,Yes,1719935.0,2460000.0,24,652,12084621.0,4093032.0,569345.0,556511.0,Approved
1692,3,Graduate,No,1250954.0,2740000.0,48,782,7629579.0,0.0,1283030.0,300677.0,Approved
1693,1,Graduate,No,1471476.0,810000.0,24,538,11171853.0,0.0,711256.0,2769963.0,Approved
1694,1,Not Graduate,No,1023222.0,2200000.0,24,544,7994563.0,0.0,522484.0,1628817.0,Approved
1695,1,Not Graduate,Yes,830574.0,2110000.0,36,639,5755678.0,1564399.0,597797.0,457623.0,Rejected
1696,1,Not Graduate,Yes,520881.0,910000.0,18,783,3967856.0,1081338.0,411149.0,515824.0,Approved
1697,0,Graduate,No,979220.0,2350000.0,18,674,644575.0,0.0,743423.0,382298.0,Approved
1698,2,Not Graduate,No,605241.0,1050000.0,48,596,4727965.0,0.0,641388.0,658135.0,Rejected
1699,2,Not Graduate,No,664066.0,840000.0,24,679,5055522.0,0.0,195187.0,341299.0,Rejected
1700,1,Graduate,No,1722776.0,1310000.0,18,622,12978734.0,0.0,2345129.0,1566329.0,Rejected
1701,0,Not Graduate,Yes,2736349.0,7850000.0,12,448,15854475.0,1063066.0,2034560.0,3558403.0,Rejected
1702,0,Not Graduate,Yes,2947260.0,5230000.0,12,644,7827580.0,3783665.0,2641854.0,1363066.0,Approved
1703,1,Graduate,Yes,480000.0,1420000.0,12,649,3047122.0,1830655.0,416167.0,950074.0,Approved
1704,1,Graduate,No,1297318.0,1790000.0,12,581,678465.0,0.0,815800.0,1028314.0,Approved
1705,1,Not Graduate,No,697374.0,950000.0,60,588,3477802.0,0.0,901720.0,1138960.0,Approved
1706,0,Graduate,No,892663.0,1720000.0,36,766,6061431.0,0.0,996874.0,1475133.0,Approved
1707,3,Not Graduate,Yes,686161.0,1720000.0,36,563,553798.0,667603.0,71104.0,288800.0,Approved
1708,1,Graduate,No,1486354.0,870000.0,36,580,9070759.0,0.0,321068.0,1911528.0,Approved
1709,1,Graduate,No,1130449.0,2430000.0,48,548,2520896.0,0.0,1390013.0,1517081.0,Approved
1710,2,Graduate,Yes,676068.0,1790000.0,36,576,701240.0,1790741.0,708304.0,900132.0,Approved
1711,1,Graduate,No,839657.0,1770000.0,12,606,3134469.0,0.0,1079918.0,1446691.0,Rejected
1712,2,Not Graduate,No,2456569.0,3090000.0,18,649,15837154.0,0.0,296888.0,4392754.0,Approved
1713,1,Graduate,No,585030.0,1270000.0,18,779,2560948.0,0.0,50000.0,417330.0,Approved
1714,0,Not Graduate,No,1779205.0,3740000.0,12,848,8123727.0,0.0,1100137.0,3201930.0,Approved
1715,1,Graduate,No,2746566.0,6390000.0,6,729,8340152.0,0.0,1331147.0,2830961.0,Approved
1716,1,Graduate,No,2243708.0,3820000.0,36,571,6876348.0,0.0,885082.0,3498660.0,Approved
1717,1,Not Graduate,No,632221.0,1130000.0,36,622,359851.0,0.0,535816.0,1042902.0,Rejected
1718,0,Not Graduate,No,1164047.0,1970000.0,36,690,6296092.0,0.0,439058.0,1404872.0,Approved
1719,0,Graduate,No,964423.0,900000.0,18,531,3582377.0,0.0,320427.0,1913564.0,Rejected
1720,3,Graduate,Yes,791760.0,2040000.0,36,548,3759355.0,1210970.0,1144947.0,1366702.0,Rejected
1721,1,Graduate,No,3299772.0,4170000.0,24,653,7417273.0,0.0,3763807.0,1744939.0,Approved
1722,4,Not Graduate,No,1660499.0,2910000.0,12,712,1538419.0,0.0,1528379.0,1325512.0,Approved
1723,2,Not Graduate,Yes,1722031.0,1300000.0,48,808,4088844.0,3427310.0,1058521.0,1484222.0,Approved
1724,0,Not Graduate,No,560174.0,1390000.0,12,617,1167797.0,0.0,161598.0,634597.0,Approved
1725,0,Graduate,Yes,1546572.0,980000.0,18,518,5312636.0,1748386.0,862450.0,388412.0,Approved
1726,4,Graduate,No,848025.0,1200000.0,60,698,5145506.0,0.0,1052223.0,217248.0,Approved
1727,1,Not Graduate,No,714894.0,1270000.0,6,678,1962116.0,0.0,561581.0,1066018.0,Approved
1728,2,Not Graduate,Yes,2047243.0,4700000.0,12,599,5404055.0,213553.0,838094.0,2355182.0,Approved
1729,2,Not Graduate,No,480000.0,1130000.0,12,527,742609.0,0.0,517536.0,583750.0,Approved
1730,2,Graduate,No,877295.0,1610000.0,18,454,677726.0,0.0,76617.0,1480868.0,Approved
1731,1,Not Graduate,No,480000.0,470000.0,6,565,247758.0,0.0,192035.0,203931.0,Rejected
1732,3,Graduate,No,1217263.0,780000.0,12,543,7268909.0,0.0,1385743.0,1821427.0,Approved
1733,3,Graduate,Yes,798801.0,590000.0,48,732,2368454.0,1422830.0,464375.0,1098659.0,Approved
1734,0,Not Graduate,Yes,833265.0,370000.0,48,565,790681.0,1716089.0,353293.0,984818.0,Approved
1735,3,Not Graduate,No,480000.0,220000.0,36,494,2765028.0,0.0,50000.0,609367.0,Rejected
1736,1,Graduate,No,1572418.0,1320000.0,36,656,852686.0,0.0,574118.0,2021125.0,Approved
1737,1,Not Graduate,No,631049.0,1070000.0,24,501,1750767.0,0.0,357280.0,961239.0,Rejected
1738,2,Graduate,Yes,1200084.0,3240000.0,60,549,4545577.0,3124168.0,896391.0,949745.0,Rejected
1739,1,Graduate,No,1023404.0,2550000.0,12,528,3000660.0,0.0,1084466.0,417954.0,Rejected
1740,0,Graduate,No,923850.0,1620000.0,18,422,483245.0,0.0,864520.0,1045510.0,Rejected
1741,0,Not Graduate,No,1210910.0,1340000.0,18,520,6603598.0,0.0,883888.0,2316411.0,Approved
1742,3,Graduate,No,2400173.0,2710000.0,48,587,8117043.0,0.0,3351633.0,510598.0,Approved
1743,3,Not Graduate,No,902429.0,1890000.0,24,446,3878951.0,0.0,1307106.0,666674.0,Approved
1744,4,Graduate,No,803117.0,770000.0,48,664,2016068.0,0.0,263208.0,1151326.0,Approved
1745,1,Not Graduate,No,2302420.0,4740000.0,18,679,14531859.0,0.0,3254767.0,2896143.0,Approved
1746,2,Not Graduate,No,1010530.0,2780000.0,6,564,2666998.0,0.0,547719.0,1087924.0,Approved
1747,1,Graduate,Yes,716283.0,490000.0,24,796,414136.0,2175407.0,89255.0,579679.0,Approved
1748,0,Not Graduate,No,1801829.0,2470000.0,18,757,9470292.0,0.0,2301077.0,2126908.0,Approved
1749,3,Not Graduate,No,480000.0,1300000.0,36,657,1151201.0,0.0,359603.0,322391.0,Rejected
1750,0,Graduate,Yes,989948.0,2280000.0,18,698,5542789.0,1248787.0,169327.0,1532848.0,Approved
1751,1,Graduate,Yes,622895.0,770000.0,48,602,2777429.0,852664.0,497089.0,1143339.0,Rejected
1752,1,Not Graduate,No,955876.0,1380000.0,24,632,3607775.0,0.0,319066.0,1590274.0,Rejected
1753,1,Graduate,No,620998.0,750000.0,60,472,2242540.0,0.0,812257.0,899713.0,Rejected
1754,0,Not Graduate,No,1063390.0,2450000.0,60,836,4446242.0,0.0,1467508.0,1727603.0,Approved
1755,3,Not Graduate,No,1896917.0,1730000.0,48,487,13150231.0,0.0,1933183.0,2712163.0,Approved
1756,0,Graduate,Yes,1083828.0,880000.0,24,517,5171199.0,1943454.0,1321008.0,1303501.0,Approved
1757,2,Graduate,No,885241.0,670000.0,24,884,3342498.0,0.0,393750.0,549960.0,Approved
1758,2,Graduate,No,480000.0,780000.0,24,728,1304927.0,0.0,381654.0,736101.0,Approved
1759,1,Graduate,Yes,655373.0,690000.0,12,685,1880507.0,855023.0,486378.0,226874.0,Approved
1760,4,Graduate,No,3202705.0,4550000.0,18,768,2295184.0,0.0,1221333.0,6095086.0,Approved
1761,3,Not Graduate,No,907814.0,1750000.0,36,548,5058562.0,0.0,570290.0,634213.0,Rejected
1762,2,Graduate,No,850962.0,1860000.0,60,696,6579703.0,0.0,154565.0,257358.0,Approved
1763,0,Not Graduate,Yes,1462540.0,3690000.0,24,517,6776691.0,4980340.0,1351501.0,2804711.0,Rejected
1764,2,Not Graduate,Yes,1150199.0,1860000.0,48,421,4655983.0,2721903.0,1042105.0,294040.0,Rejected
1765,0,Not Graduate,Yes,991372.0,970000.0,24,626,3694366.0,2806950.0,1111470.0,1751555.0,Approved
1766,4,Not Graduate,No,2615126.0,1870000.0,36,608,5685078.0,0.0,986102.0,2135146.0,Rejected
1767,1,Not Graduate,No,743231.0,1520000.0,18,704,4300312.0,0.0,543113.0,1032233.0,Approved
1768,0,Graduate,No,653866.0,1570000.0,24,594,330345.0,0.0,950700.0,348252.0,Rejected
1769,2,Not Graduate,No,710972.0,990000.0,18,549,1282510.0,0.0,414477.0,1335061.0,Approved
1770,2,Not Graduate,Yes,982327.0,390000.0,24,688,5348442.0,3152241.0,489798.0,1168346.0,Approved
1771,4,Not Graduate,No,1231372.0,2940000.0,48,375,8394775.0,0.0,1085023.0,181948.0,Rejected
1772,0,Graduate,No,612595.0,1010000.0,18,699,583188.0,0.0,383867.0,552632.0,Approved
1773,1,Not Graduate,No,3777478.0,6230000.0,12,713,3949605.0,0.0,1679696.0,5617106.0,Approved
1774,2,Not Graduate,No,545304.0,1180000.0,60,754,536637.0,0.0,738032.0,763359.0,Rejected
1775,0,Graduate,Yes,1344866.0,3280000.0,24,663,3198831.0,3956479.0,1577210.0,2352617.0,Approved
1776,0,Not Graduate,No,480000.0,830000.0,12,579,1126840.0,0.0,95290.0,721677.0,Rejected
1777,2,Not Graduate,No,1818702.0,1210000.0,6,849,9843509.0,0.0,1078209.0,3480549.0,Approved
1778,4,Not Graduate,No,947670.0,1820000.0,6,685,7467733.0,0.0,347587.0,1118213.0,Approved
1779,2,Graduate,No,2279390.0,2230000.0,36,802,11949969.0,0.0,2975755.0,1851751.0,Approved
1780,2,Not Graduate,Yes,2731964.0,5720000.0,60,504,14702599.0,8602040.0,2540121.0,1154131.0,Rejected
1781,0,Graduate,No,851460.0,2400000.0,36,593,4937621.0,0.0,294862.0,297773.0,Rejected
1782,4,Graduate,No,1644928.0,3190000.0,18,585,11156214.0,0.0,298806.0,297992.0,Approved
1783,2,Not Graduate,No,622171.0,1510000.0,60,857,1376134.0,0.0,513459.0,647457.0,Approved
1784,2,Graduate,Yes,2446212.0,4270000.0,48,670,18064553.0,4683348.0,1278894.0,2178231.0,Approved
1785,3,Not Graduate,No,984625.0,810000.0,36,619,7561111.0,0.0,777516.0,1098775.0,Approved
1786,1,Graduate,No,1779447.0,3860000.0,60,656,10344909.0,0.0,483579.0,3436464.0,Rejected
1787,2,Graduate,No,617129.0,1590000.0,48,662,1633761.0,0.0,75475.0,1004787.0,Approved
1788,2,Graduate,No,1260847.0,720000.0,6,768,7004347.0,0.0,1055419.0,983350.0,Approved
1789,1,Not Graduate,No,705659.0,760000.0,18,550,1185409.0,0.0,901051.0,1362288.0,Rejected
1790,1,Graduate,No,2300375.0,3610000.0,12,635,1809943.0,0.0,799793.0,2181631.0,Approved
1791,2,Not Graduate,Yes,690173.0,1120000.0,18,749,3691914.0,512069.0,665336.0,654465.0,Rejected
1792,1,Not Graduate,No,480000.0,770000.0,48,609,3265657.0,0.0,673070.0,611740.0,Approved
1793,1,Graduate,Yes,480000.0,1330000.0,12,678,2061309.0,1812721.0,458116.0,755009.0,Approved
1794,2,Graduate,No,844870.0,2520000.0,18,589,3122763.0,0.0,127924.0,982409.0,Rejected
1795,1,Graduate,Yes,1082158.0,1060000.0,18,589,4319286.0,3812514.0,307332.0,810525.0,Approved
1796,1,Graduate,Yes,480000.0,1330000.0,60,578,604245.0,27810.0,247549.0,761745.0,Approved
1797,1,Not Graduate,Yes,1618194.0,4390000.0,48,688,3651474.0,2799604.0,678702.0,2053305.0,Rejected
1798,0,Not Graduate,No,994498.0,1960000.0,18,435,520110.0,0.0,1489054.0,207148.0,Rejected
1799,2,Graduate,No,633105.0,450000.0,48,763,4380521.0,0.0,357237.0,753013.0,Approved
1800,0,Graduate,No,1299489.0,1730000.0,18,825,7852260.0,0.0,948201.0,684227.0,Rejected
1801,3,Not Graduate,No,5077828.0,5620000.0,24,597,4054912.0,0.0,641540.0,5128467.0,Approved
1802,0,Graduate,No,620355.0,1270000.0,24,831,3142574.0,0.0,588360.0,346756.0,Approved
1803,1,Not Graduate,No,2059513.0,760000.0,18,609,13071787.0,0.0,2165940.0,914276.0,Rejected
1804,0,Not Graduate,No,907840.0,2220000.0,12,601,3968248.0,0.0,1040095.0,693021.0,Approved
1805,2,Graduate,No,763573.0,650000.0,24,614,1207023.0,0.0,823408.0,920164.0,Approved
1806,2,Not Graduate,No,599799.0,440000.0,24,752,3190540.0,0.0,315058.0,567268.0,Approved
1807,2,Not Graduate,No,1770796.0,3100000.0,12,586,5533520.0,0.0,1282972.0,2324756.0,Approved
1808,0,Not Graduate,Yes,926562.0,1690000.0,36,766,1786091.0,1244185.0,393035.0,946609.0,Approved
1809,0,Graduate,Yes,830250.0,440000.0,36,613,5119206.0,1040640.0,1013193.0,512088.0,Approved
1810,2,Graduate,No,960738.0,1150000.0,12,562,6158584.0,0.0,146323.0,1314416.0,Approved
1811,4,Not Graduate,Yes,2021243.0,5360000.0,12,303,11056437.0,3986279.0,1225061.0,2162262.0,Rejected
1812,2,Not Graduate,No,2341927.0,6900000.0,24,649,18163038.0,0.0,2474575.0,870710.0,Approved
1813,0,Not Graduate,Yes,3398693.0,5280000.0,12,605,13816480.0,10376113.0,2850338.0,1690828.0,Approved
1814,4,Not Graduate,No,1518361.0,3270000.0,18,898,8500565.0,0.0,996354.0,1507304.0,Approved
1815,1,Not Graduate,No,1118430.0,2830000.0,24,900,1415787.0,0.0,715057.0,526208.0,Approved
1816,2,Graduate,No,841245.0,640000.0,24,417,6335445.0,0.0,760583.0,876448.0,Approved
1817,2,Not Graduate,Yes,2687245.0,1330000.0,60,448,2962349.0,5036446.0,1239296.0,4159124.0,Rejected
1818,1,Graduate,No,1061723.0,1030000.0,6,517,6654520.0,0.0,1211141.0,534261.0,Rejected
1819,1,Not Graduate,No,851295.0,1830000.0,24,599,940345.0,0.0,976117.0,688288.0,Rejected
1820,1,Not Graduate,No,666697.0,620000.0,12,732,4403775.0,0.0,110890.0,536257.0,Approved
1821,3,Graduate,Yes,1170098.0,2760000.0,24,537,5132930.0,1990054.0,1024106.0,1433969.0,Rejected
1822,1,Graduate,Yes,1178228.0,2530000.0,36,597,6974385.0,2063089.0,1348023.0,2262771.0,Rejected
1823,0,Graduate,Yes,780046.0,710000.0,48,437,4147668.0,2868162.0,712113.0,325229.0,Approved
1824,4,Not Graduate,No,1969545.0,2360000.0,18,609,12161334.0,0.0,2471753.0,3323058.0,Approved
1825,1,Not Graduate,No,3436814.0,5060000.0,12,525,16110619.0,0.0,3252185.0,3147423.0,Rejected
1826,2,Graduate,No,770219.0,1470000.0,48,505,3077764.0,0.0,701764.0,1352093.0,Rejected
1827,2,Not Graduate,Yes,1703285.0,1080000.0,18,434,2123869.0,4277740.0,2245548.0,1278486.0,Rejected
1828,1,Not Graduate,No,1129594.0,1000000.0,36,535,2996787.0,0.0,225996.0,1662514.0,Approved
1829,2,Not Graduate,No,948346.0,530000.0,36,798,6119659.0,0.0,52838.0,1204497.0,Approved
1830,2,Not Graduate,No,480000.0,990000.0,60,557,2061569.0,0.0,188334.0,853649.0,Approved
1831,1,Not Graduate,No,480000.0,1020000.0,24,443,2404364.0,0.0,149139.0,345610.0,Rejected
1832,2,Graduate,No,992488.0,2110000.0,6,746,2141975.0,0.0,1448766.0,239746.0,Approved
1833,0,Graduate,No,3518461.0,7910000.0,6,685,27294571.0,0.0,680903.0,4808500.0,Approved
1834,3,Graduate,No,1032876.0,2660000.0,18,570,1703577.0,0.0,987200.0,458458.0,Rejected
1835,3,Not Graduate,No,1758429.0,1140000.0,36,734,4654014.0,0.0,547753.0,855847.0,Approved
1836,1,Not Graduate,Yes,684848.0,840000.0,48,682,1742508.0,1814920.0,992337.0,1272349.0,Approved
1837,2,Not Graduate,No,1020728.0,2510000.0,48,469,7958920.0,0.0,1433800.0,1323661.0,Rejected
1838,0,Not Graduate,No,712085.0,1510000.0,12,608,5067802.0,0.0,1002162.0,348978.0,Approved
1839,2,Not Graduate,No,2097116.0,3000000.0,36,488,12218564.0,0.0,810214.0,2613597.0,Rejected
1840,3,Graduate,No,725797.0,1660000.0,24,593,468792.0,0.0,342440.0,434577.0,Approved
1841,0,Graduate,Yes,655643.0,460000.0,60,815,3409279.0,1677073.0,593131.0,1183200.0,Approved
1842,1,Graduate,Yes,1212336.0,2860000.0,24,698,8599005.0,4766325.0,1332989.0,268377.0,Approved
1843,3,Graduate,No,2551010.0,5590000.0,48,778,3733422.0,0.0,3101554.0,2620763.0,Approved
1844,2,Not Graduate,Yes,1574811.0,1300000.0,24,706,10231425.0,4876598.0,2290603.0,955009.0,Approved
1845,2,Not Graduate,No,2753917.0,3380000.0,24,594,3115391.0,0.0,415050.0,2764516.0,Rejected
1846,4,Not Graduate,No,1278036.0,1790000.0,18,385,9969136.0,0.0,1646479.0,317504.0,Rejected
1847,0,Not Graduate,No,2075618.0,3780000.0,12,756,13339714.0,0.0,1751361.0,2374575.0,Approved
1848,0,Graduate,No,1103021.0,610000.0,36,619,2489347.0,0.0,144135.0,1012770.0,Approved
1849,0,Graduate,Yes,1148889.0,2460000.0,36,591,5795644.0,2889487.0,782342.0,308408.0,Rejected
1850,3,Not Graduate,No,3859472.0,5400000.0,36,599,4107609.0,0.0,726133.0,719244.0,Approved
1851,0,Not Graduate,Yes,1013248.0,1200000.0,48,611,6024775.0,2260842.0,1434543.0,1121229.0,Approved
1852,1,Graduate,No,549060.0,1230000.0,18,756,4330201.0,0.0,485483.0,878829.0,Approved
1853,1,Not Graduate,Yes,1163113.0,640000.0,6,516,7761770.0,948421.0,123135.0,1538124.0,Approved
1854,2,Graduate,Yes,1272061.0,2940000.0,24,637,8617740.0,4175665.0,208447.0,235239.0,Approved
1855,0,Not Graduate,No,1419399.0,2790000.0,24,669,7927826.0,0.0,1246896.0,2681066.0,Approved
1856,2,Not Graduate,No,1534875.0,2870000.0,36,562,7994475.0,0.0,998120.0,1766699.0,Rejected
1857,0,Not Graduate,No,4180702.0,10480000.0,24,533,8477232.0,0.0,1061266.0,7906288.0,Rejected
1858,0,Graduate,Yes,2196757.0,890000.0,24,590,12153277.0,8017393.0,1438059.0,3016558.0,Approved
1859,1,Not Graduate,No,480000.0,270000.0,18,584,2335668.0,0.0,524222.0,655384.0,Approved
1860,1,Graduate,Yes,3017087.0,3320000.0,12,756,23126325.0,2740290.0,725660.0,3799863.0,Approved
1861,0,Not Graduate,Yes,509963.0,560000.0,24,472,1131686.0,1041960.0,577792.0,657589.0,Rejected
1862,2,Not Graduate,Yes,480000.0,210000.0,6,660,3258222.0,300304.0,387801.0,449798.0,Approved
1863,1,Not Graduate,No,1108679.0,920000.0,18,688,7483226.0,0.0,630619.0,394159.0,Approved
1864,0,Graduate,No,2240100.0,4420000.0,48,555,17292463.0,0.0,847989.0,4030407.0,Approved
1865,2,Not Graduate,No,1636593.0,2210000.0,24,551,9243461.0,0.0,1856903.0,578728.0,Approved
1866,1,Graduate,No,788263.0,720000.0,12,489,5757686.0,0.0,80213.0,657161.0,Rejected
1867,0,Graduate,Yes,1086956.0,2310000.0,24,618,8654350.0,1963254.0,1159018.0,1238325.0,Approved
1868,1,Not Graduate,No,1151247.0,1690000.0,48,495,4751323.0,0.0,488936.0,1439814.0,Approved
1869,4,Not Graduate,No,523959.0,930000.0,18,509,3686928.0,0.0,199205.0,664387.0,Rejected
1870,3,Graduate,No,1874326.0,1180000.0,36,669,4243834.0,0.0,206763.0,2305013.0,Approved
1871,0,Graduate,No,2405445.0,4910000.0,48,697,7228657.0,0.0,1846855.0,476571.0,Rejected
1872,2,Not Graduate,No,808609.0,1330000.0,18,886,4025364.0,0.0,328063.0,763626.0,Approved
1873,1,Graduate,No,816496.0,2240000.0,12,498,1572005.0,0.0,366766.0,1350426.0,Rejected
1874,3,Graduate,Yes,912247.0,1710000.0,36,713,3454778.0,1048622.0,996012.0,1684900.0,Approved
1875,2,Graduate,No,1704977.0,2440000.0,48,461,1231524.0,0.0,518765.0,270947.0,Rejected
1876,1,Not Graduate,No,563276.0,1550000.0,60,326,1581637.0,0.0,592142.0,335205.0,Rejected
1877,1,Not Graduate,No,1799099.0,1740000.0,18,517,9298982.0,0.0,2223522.0,1870163.0,Rejected
1878,3,Not Graduate,No,697093.0,960000.0,18,695,4029403.0,0.0,294733.0,468147.0,Approved
1879,3,Graduate,No,759765.0,1480000.0,48,540,5873737.0,0.0,776122.0,523577.0,Rejected
1880,3,Not Graduate,No,1626963.0,1350000.0,24,607,4486100.0,0.0,1337855.0,602711.0,Approved
1881,1,Graduate,No,1737571.0,2530000.0,48,596,1049962.0,0.0,366077.0,2593216.0,Approved
1882,1,Graduate,No,1615121.0,3480000.0,18,496,9947065.0,0.0,1763931.0,2668068.0,Approved
1883,0,Not Graduate,Yes,829269.0,320000.0,18,651,2712712.0,2938716.0,996972.0,511917.0,Approved
1884,3,Graduate,No,628874.0,330000.0,36,486,1073657.0,0.0,147170.0,240307.0,Approved
1885,2,Graduate,No,480000.0,710000.0,24,396,-20425.0,0.0,513512.0,829820.0,Rejected
1886,1,Graduate,No,1738673.0,2170000.0,18,649,6667523.0,0.0,2578203.0,2474592.0,Approved
1887,1,Graduate,No,1862586.0,4100000.0,48,616,1483545.0,0.0,1510267.0,2952341.0,Approved
1888,1,Graduate,No,627807.0,410000.0,6,708,2456246.0,0.0,87546.0,484832.0,Approved
1889,1,Not Graduate,No,855549.0,680000.0,24,596,6387164.0,0.0,1192310.0,1242436.0,Approved
1890,1,Not Graduate,No,779250.0,1500000.0,12,580,4708820.0,0.0,301527.0,156000.0,Approved
1891,0,Not Graduate,Yes,2626580.0,3680000.0,24,530,10089176.0,2147452.0,248769.0,2717934.0,Rejected
1892,2,Graduate,No,698200.0,1200000.0,36,568,787068.0,0.0,78663.0,319878.0,Rejected
1893,2,Not Graduate,No,703833.0,1160000.0,48,658,3263080.0,0.0,422533.0,655402.0,Approved
1894,2,Graduate,No,1278590.0,1560000.0,24,527,3481340.0,0.0,1817921.0,263591.0,Rejected
1895,3,Graduate,No,1086332.0,2250000.0,48,572,8609694.0,0.0,1605389.0,1713808.0,Approved
1896,2,Not Graduate,No,1832917.0,3780000.0,6,594,5073469.0,0.0,639843.0,554084.0,Rejected
1897,0,Graduate,Yes,733994.0,1070000.0,48,464,5466627.0,960401.0,739410.0,214795.0,Rejected
1898,3,Graduate,No,481339.0,1080000.0,18,557,3569001.0,0.0,411236.0,733322.0,Rejected
1899,0,Not Graduate,No,1492276.0,3450000.0,24,733,8091633.0,0.0,1093716.0,2047027.0,Approved
1900,2,Not Graduate,No,480000.0,620000.0,36,602,2704935.0,0.0,50000.0,824104.0,Approved
1901,0,Graduate,No,480000.0,1120000.0,12,634,2516872.0,0.0,289760.0,502101.0,Approved
1902,0,Graduate,No,533880.0,1510000.0,24,710,2622825.0,0.0,227080.0,545963.0,Rejected
1903,0,Graduate,No,2629581.0,2570000.0,6,590,18106917.0,0.0,3510902.0,4971468.0,Approved
1904,0,Not Graduate,Yes,1756397.0,4740000.0,24,749,12135981.0,5463840.0,2293556.0,584750.0,Approved
1905,3,Graduate,No,1300086.0,2310000.0,24,556,7679856.0,0.0,106509.0,517369.0,Approved
1906,2,Graduate,No,480000.0,1160000.0,36,729,2631933.0,0.0,506080.0,564884.0,Approved
1907,0,Graduate,Yes,909315.0,540000.0,18,528,5463973.0,2394063.0,225496.0,1455919.0,Approved
1908,3,Graduate,No,660303.0,1140000.0,18,649,673885.0,0.0,317640.0,172938.0,Rejected
1909,2,Not Graduate,No,2017006.0,1630000.0,24,520,4862651.0,0.0,1084232.0,3779906.0,Approved
1910,0,Not Graduate,No,598531.0,1000000.0,60,740,1979654.0,0.0,860995.0,1038546.0,Approved
1911,0,Graduate,No,3553754.0,5790000.0,36,546,3436181.0,0.0,3486640.0,1910694.0,Rejected
1912,1,Graduate,No,1230777.0,2960000.0,18,537,3615338.0,0.0,260275.0,690404.0,Approved
1913,3,Graduate,Yes,1285376.0,920000.0,6,558,8908235.0,3671233.0,857502.0,2321425.0,Approved
1914,1,Graduate,No,2575658.0,2530000.0,6,701,8382133.0,0.0,140613.0,3937109.0,Approved
1915,2,Graduate,No,1919590.0,1270000.0,6,590,6946575.0,0.0,1630468.0,1249084.0,Rejected
1916,2,Not Graduate,No,1013997.0,850000.0,36,480,6955626.0,0.0,170015.0,1274778.0,Approved
1917,2,Graduate,No,1036496.0,1330000.0,6,547,4368766.0,0.0,455400.0,1376503.0,Rejected
1918,2,Not Graduate,No,1024671.0,2210000.0,12,474,6503325.0,0.0,627813.0,209266.0,Approved
1919,1,Graduate,Yes,873909.0,870000.0,18,566,6788943.0,1544731.0,153298.0,297711.0,Approved
1920,2,Not Graduate,No,2041280.0,4500000.0,48,799,12039582.0,0.0,706915.0,899776.0,Approved
1921,0,Graduate,Yes,480000.0,660000.0,24,622,2660466.0,150566.0,314038.0,309071.0,Approved
1922,0,Graduate,No,480000.0,940000.0,24,628,1200565.0,0.0,472211.0,557974.0,Approved
1923,0,Graduate,Yes,1045014.0,2120000.0,24,728,7903113.0,1202876.0,301890.0,1575026.0,Approved
1924,1,Not Graduate,No,847988.0,1490000.0,48,631,3871184.0,0.0,975322.0,887120.0,Approved
1925,1,Not Graduate,No,629366.0,1160000.0,24,567,3256652.0,0.0,624085.0,505960.0,Approved
1926,1,Graduate,No,936062.0,1660000.0,36,736,5415856.0,0.0,194038.0,1101632.0,Approved
1927,2,Not Graduate,Yes,717481.0,1600000.0,18,550,2642096.0,454293.0,326902.0,457958.0,Approved
1928,4,Graduate,Yes,643652.0,1820000.0,6,584,325147.0,1599826.0,944020.0,562537.0,Rejected
1929,2,Graduate,No,941686.0,2280000.0,18,526,1599753.0,0.0,327100.0,254535.0,Rejected
1930,2,Graduate,No,2428665.0,2120000.0,18,633,17523424.0,0.0,963124.0,1123897.0,Rejected
1931,3,Graduate,No,480000.0,340000.0,18,610,1908467.0,0.0,98280.0,556043.0,Approved
1932,0,Not Graduate,No,858789.0,470000.0,24,513,6780205.0,0.0,566809.0,794464.0,Approved
1933,4,Not Graduate,No,727836.0,900000.0,6,536,2005025.0,0.0,521666.0,1249907.0,Rejected
1934,1,Graduate,No,876982.0,910000.0,12,688,2597330.0,0.0,1066757.0,126864.0,Approved
1935,0,Not Graduate,No,1952670.0,3960000.0,60,411,7302569.0,0.0,1405650.0,1222148.0,Approved
1936,0,Graduate,No,911950.0,1580000.0,24,596,2625923.0,0.0,1271997.0,1566555.0,Approved
1937,4,Not Graduate,No,1539668.0,4800000.0,12,623,12000159.0,0.0,2168421.0,189422.0,Approved
1938,3,Not Graduate,Yes,1356125.0,1170000.0,36,644,5046504.0,1719474.0,956577.0,2255606.0,Approved
1939,1,Not Graduate,No,684313.0,410000.0,36,588,1879617.0,0.0,820697.0,1080528.0,Approved
1940,3,Not Graduate,Yes,1003095.0,2430000.0,24,745,4718733.0,725525.0,370406.0,523100.0,Approved
1941,3,Graduate,No,1447610.0,1730000.0,12,532,6368224.0,0.0,1309951.0,2222569.0,Approved
1942,4,Graduate,Yes,1630477.0,2200000.0,48,509,12317801.0,3390238.0,1447680.0,2191245.0,Approved
1943,1,Graduate,No,5080802.0,8900000.0,12,740,30551557.0,0.0,629145.0,8319769.0,Approved
1944,4,Graduate,No,1590423.0,1110000.0,24,411,4668722.0,0.0,1737118.0,2942178.0,Approved
1945,2,Not Graduate,No,1903486.0,4860000.0,24,566,3464469.0,0.0,2575429.0,1504023.0,Approved
1946,0,Not Graduate,No,507015.0,830000.0,12,539,2914241.0,0.0,50000.0,58266.0,Approved
1947,1,Not Graduate,No,7278628.0,12620000.0,24,604,36648740.0,0.0,4419036.0,8008952.0,Approved
1948,4,Graduate,Yes,926618.0,980000.0,12,572,2394673.0,144121.0,71352.0,859004.0,Approved
1949,3,Graduate,Yes,2091324.0,1950000.0,24,582,11657526.0,1898387.0,167264.0,806004.0,Approved
1950,3,Graduate,No,1494940.0,3410000.0,24,678,10232334.0,0.0,1191164.0,1734904.0,Approved
1951,2,Not Graduate,No,1005148.0,930000.0,6,802,5372186.0,0.0,308657.0,455773.0,Approved
1952,0,Not Graduate,No,522027.0,1460000.0,48,731,1427628.0,0.0,552327.0,350051.0,Approved
1953,2,Not Graduate,No,1511942.0,3580000.0,6,451,6347365.0,0.0,1449359.0,1874880.0,Approved
1954,1,Graduate,No,1173674.0,1470000.0,6,612,5295875.0,0.0,321433.0,151327.0,Approved
1955,0,Not Graduate,Yes,488873.0,520000.0,6,478,3758632.0,1398351.0,208939.0,757986.0,Approved
1956,4,Not Graduate,No,1324644.0,2620000.0,24,672,1021607.0,0.0,1771460.0,1771475.0,Rejected
1957,0,Graduate,Yes,1007473.0,1520000.0,24,578,5677667.0,3713636.0,737603.0,456028.0,Rejected
1958,2,Not Graduate,No,3624439.0,5610000.0,36,573,4365409.0,0.0,4375635.0,4210294.0,Approved
1959,1,Graduate,No,915524.0,1210000.0,18,676,2889550.0,0.0,527887.0,439505.0,Approved
1960,2,Graduate,No,1487751.0,3160000.0,24,487,6393566.0,0.0,2044409.0,1620144.0,Rejected
1961,1,Not Graduate,No,901571.0,790000.0,12,791,7085440.0,0.0,933587.0,618514.0,Approved
1962,0,Graduate,No,976171.0,1050000.0,12,604,3255229.0,0.0,227424.0,1503228.0,Approved
1963,0,Not Graduate,No,641300.0,210000.0,12,501,2494852.0,0.0,660345.0,1239977.0,Approved
1964,1,Not Graduate,No,945507.0,2720000.0,6,848,7540319.0,0.0,1315265.0,1422061.0,Approved
1965,3,Not Graduate,Yes,1227557.0,2830000.0,24,716,6499771.0,751341.0,673422.0,451143.0,Approved
1966,1,Graduate,No,487788.0,1290000.0,18,495,1149101.0,0.0,643961.0,692070.0,Approved
1967,0,Not Graduate,No,1175510.0,2960000.0,60,695,5302318.0,0.0,531511.0,1568633.0,Approved
1968,0,Graduate,No,891737.0,1460000.0,12,566,5699197.0,0.0,269066.0,942984.0,Approved
1969,0,Graduate,No,1050227.0,1410000.0,60,455,6610514.0,0.0,605607.0,1387275.0,Rejected
1970,2,Not Graduate,No,2073359.0,2950000.0,36,547,11789156.0,0.0,201842.0,1748138.0,Approved
1971,2,Not Graduate,No,758157.0,1210000.0,24,900,1238726.0,0.0,65083.0,1180975.0,Approved
1972,2,Not Graduate,Yes,1559210.0,2920000.0,24,598,6829289.0,2645402.0,351511.0,2227073.0,Approved
1973,2,Graduate,Yes,922039.0,1820000.0,36,628,5390277.0,2608981.0,1132372.0,230428.0,Rejected
1974,2,Not Graduate,Yes,2334245.0,5420000.0,24,659,11857180.0,5471452.0,3143049.0,1900209.0,Approved
1975,1,Not Graduate,No,1620247.0,780000.0,6,496,12565108.0,0.0,1801216.0,1243725.0,Approved
1976,1,Graduate,No,4379827.0,8710000.0,36,283,14909144.0,0.0,1773110.0,6137443.0,Rejected
1977,2,Graduate,Yes,480000.0,920000.0,12,643,858507.0,52124.0,96167.0,575370.0,Rejected
1978,1,Not Graduate,No,600275.0,720000.0,24,711,1781425.0,0.0,359992.0,168369.0,Approved
1979,0,Not Graduate,No,1257804.0,3610000.0,6,493,1024711.0,0.0,141688.0,2053625.0,Approved
1980,2,Not Graduate,No,1672676.0,1940000.0,24,460,10701056.0,0.0,105032.0,1903988.0,Approved
1981,1,Graduate,No,1138678.0,1020000.0,36,601,2634252.0,0.0,808738.0,634325.0,Approved
1982,0,Not Graduate,Yes,1039155.0,640000.0,6,727,8038837.0,1540749.0,233863.0,1583251.0,Approved
1983,4,Graduate,Yes,1038017.0,1050000.0,12,574,547701.0,3473756.0,275306.0,1754830.0,Approved
1984,2,Not Graduate,No,706732.0,430000.0,60,601,3508062.0,0.0,460430.0,909904.0,Approved
1985,4,Graduate,No,480000.0,600000.0,12,607,358296.0,0.0,433465.0,271217.0,Approved
1986,1,Graduate,No,1044726.0,2130000.0,24,696,3496421.0,0.0,570013.0,1413645.0,Approved
1987,0,Not Graduate,Yes,2178740.0,4920000.0,6,569,10882976.0,7361181.0,2844492.0,2675185.0,Approved
1988,2,Not Graduate,No,1412869.0,1200000.0,36,441,9500578.0,0.0,1422572.0,2111041.0,Rejected
1989,1,Not Graduate,Yes,480000.0,310000.0,12,631,392491.0,322628.0,539002.0,445978.0,Approved
1990,1,Not Graduate,No,480000.0,670000.0,12,639,3590405.0,0.0,63554.0,642183.0,Approved
1991,1,Not Graduate,Yes,1472021.0,1420000.0,24,367,6341567.0,5313243.0,434085.0,732228.0,Rejected
1992,2,Graduate,No,2692597.0,7380000.0,18,708,19897916.0,0.0,1351189.0,2630127.0,Approved
1993,1,Graduate,No,1013149.0,1860000.0,12,809,5268874.0,0.0,82652.0,838533.0,Approved
1994,0,Graduate,Yes,1506984.0,1090000.0,12,662,1041355.0,503347.0,905304.0,2987802.0,Approved
1995,2,Not Graduate,Yes,2170523.0,5550000.0,24,552,11761145.0,1035467.0,2185379.0,2903983.0,Rejected
1996,2,Not Graduate,No,785851.0,1450000.0,18,650,5310956.0,0.0,300640.0,675939.0,Approved
1997,0,Graduate,No,480000.0,730000.0,36,744,1899975.0,0.0,474359.0,439910.0,Approved
1998,3,Graduate,Yes,977202.0,710000.0,24,663,3841012.0,2899470.0,628849.0,926074.0,Approved
1999,3,Not Graduate,No,883534.0,430000.0,36,606,2579830.0,0.0,165208.0,1736384.0,Approved
2000,1,Not Graduate,No,1861798.0,3210000.0,24,691,14134009.0,0.0,1726326.0,2404286.0,Approved
2001,1,Not Graduate,No,2488373.0,4480000.0,18,571,8289883.0,0.0,2644325.0,3330223.0,Approved
2002,1,Graduate,No,567539.0,960000.0,60,476,1730362.0,0.0,480481.0,143056.0,Rejected
2003,1,Not Graduate,No,743534.0,1620000.0,60,753,815160.0,0.0,1071208.0,210434.0,Approved
2004,1,Graduate,No,1769856.0,3470000.0,18,563,5043888.0,0.0,1780848.0,932894.0,Rejected
2005,1,Not Graduate,No,677048.0,350000.0,24,641,4451626.0,0.0,403202.0,891910.0,Approved
2006,2,Not Graduate,No,1631339.0,1050000.0,24,566,12236795.0,0.0,587310.0,1150812.0,Approved
2007,0,Not Graduate,No,480000.0,220000.0,60,646,1649429.0,0.0,467291.0,83168.0,Rejected
2008,3,Not Graduate,No,1258959.0,2560000.0,12,689,2769159.0,0.0,524413.0,2079202.0,Approved
2009,2,Graduate,No,1426760.0,3940000.0,48,486,3921415.0,0.0,169510.0,1730607.0,Approved
2010,0,Not Graduate,No,605969.0,680000.0,18,755,3705859.0,0.0,235101.0,503004.0,Approved
2011,0,Not Graduate,Yes,1412510.0,1000000.0,6,582,5288773.0,707399.0,1709234.0,2006742.0,Rejected
2012,2,Graduate,No,1693789.0,1210000.0,48,467,7009360.0,0.0,1336417.0,2705321.0,Rejected
2013,4,Graduate,No,570886.0,770000.0,24,640,3147674.0,0.0,830183.0,1105992.0,Approved
2014,3,Not Graduate,No,1631210.0,720000.0,24,250,4790348.0,0.0,1509792.0,2458977.0,Rejected
2015,2,Graduate,No,806825.0,1160000.0,18,577,2735379.0,0.0,630998.0,1543304.0,Approved
2016,2,Not Graduate,No,563906.0,360000.0,24,689,1865949.0,0.0,96918.0,723944.0,Approved
2017,2,Not Graduate,No,893812.0,1700000.0,24,569,3472420.0,0.0,784454.0,1481756.0,Approved
2018,1,Graduate,Yes,2470948.0,5870000.0,12,520,7246985.0,657823.0,3310126.0,1745926.0,Rejected
2019,1,Graduate,No,1150323.0,2900000.0,24,564,1831057.0,0.0,491900.0,1945644.0,Rejected
2020,1,Graduate,Yes,1028262.0,2200000.0,6,684,2450495.0,1070448.0,580241.0,1423116.0,Rejected
2021,2,Graduate,No,2368270.0,5560000.0,36,451,17753364.0,0.0,1431772.0,3036621.0,Rejected
2022,1,Not Graduate,No,529178.0,610000.0,18,584,3472835.0,0.0,647253.0,459464.0,Approved
2023,2,Graduate,No,1783922.0,2660000.0,12,587,2182804.0,0.0,1082626.0,1380822.0,Approved
2024,1,Graduate,No,1137778.0,2430000.0,18,743,1168622.0,0.0,153978.0,1981176.0,Approved
2025,0,Not Graduate,No,505268.0,980000.0,12,742,658585.0,0.0,708447.0,989594.0,Approved
2026,1,Graduate,No,480000.0,290000.0,36,704,1237864.0,0.0,307348.0,248078.0,Approved
2027,1,Graduate,No,1121522.0,3100000.0,6,607,8556320.0,0.0,1414665.0,2188557.0,Rejected
2028,0,Not Graduate,No,1115189.0,1310000.0,36,677,4711416.0,0.0,605100.0,463154.0,Approved
2029,2,Graduate,No,705190.0,340000.0,18,680,1447938.0,0.0,553986.0,85830.0,Approved
2030,0,Not Graduate,Yes,1414009.0,1760000.0,12,834,7862165.0,3334963.0,1233816.0,1135485.0,Approved
2031,3,Not Graduate,Yes,1423042.0,3040000.0,12,730,7411916.0,4024337.0,1026545.0,172759.0,Rejected
2032,2,Graduate,No,1618353.0,3640000.0,36,734,7181433.0,0.0,195908.0,2754801.0,Approved
2033,1,Not Graduate,No,652359.0,960000.0,36,450,1031005.0,0.0,799032.0,963372.0,Rejected
2034,1,Graduate,No,808515.0,730000.0,48,614,4611997.0,0.0,1023033.0,1260085.0,Approved
2035,4,Not Graduate,No,480000.0,520000.0,6,599,3731628.0,0.0,447509.0,434014.0,Rejected
2036,2,Not Graduate,No,1669156.0,540000.0,12,519,11250710.0,0.0,375506.0,2067212.0,Approved
2037,2,Not Graduate,Yes,1670609.0,3500000.0,12,327,9507566.0,4205051.0,886735.0,2641491.0,Rejected
2038,3,Not Graduate,No,1831786.0,3480000.0,24,649,14461200.0,0.0,444747.0,266952.0,Approved
2039,3,Graduate,No,811382.0,1540000.0,12,755,4294954.0,0.0,365542.0,343603.0,Rejected
2040,1,Not Graduate,No,490885.0,1030000.0,24,502,1498326.0,0.0,271559.0,439212.0,Rejected
2041,3,Not Graduate,Yes,1895213.0,3190000.0,12,547,7522735.0,2728368.0,2788346.0,364722.0,Approved
2042,3,Graduate,No,1106373.0,1020000.0,24,683,7542447.0,0.0,1184087.0,2204803.0,Approved
2043,0,Graduate,No,1146187.0,2390000.0,24,523,3059322.0,0.0,215217.0,2136438.0,Rejected
2044,1,Not Graduate,Yes,644333.0,1260000.0,24,524,451357.0,937126.0,676191.0,892405.0,Rejected
2045,0,Not Graduate,Yes,1425518.0,2620000.0,60,644,6908242.0,4173002.0,1402507.0,2117965.0,Approved
2046,1,Graduate,No,656554.0,240000.0,12,754,1320492.0,0.0,754879.0,690135.0,Approved
2047,2,Not Graduate,No,1287541.0,3150000.0,24,681,3685022.0,0.0,1719822.0,287638.0,Rejected
2048,3,Not Graduate,Yes,848968.0,960000.0,12,662,3671797.0,225346.0,120669.0,464649.0,Approved
2049,2,Not Graduate,No,1083409.0,1110000.0,48,586,5193902.0,0.0,952189.0,1370309.0,Rejected
2050,1,Not Graduate,No,874367.0,380000.0,36,553,6500118.0,0.0,837670.0,761394.0,Approved
2051,0,Not Graduate,No,955744.0,1200000.0,12,773,6363246.0,0.0,50000.0,1419078.0,Approved
2052,3,Graduate,Yes,1965777.0,4450000.0,12,522,5282775.0,997101.0,1399920.0,2957238.0,Rejected
2053,2,Not Graduate,Yes,591925.0,1290000.0,6,636,1813688.0,1090313.0,850550.0,356644.0,Approved
2054,0,Graduate,No,1280559.0,1180000.0,12,702,4457039.0,0.0,440247.0,1803525.0,Approved
2055,1,Not Graduate,No,480000.0,900000.0,12,535,638551.0,0.0,319330.0,721941.0,Approved
2056,4,Not Graduate,No,661699.0,350000.0,36,661,626999.0,0.0,428205.0,753133.0,Approved
2057,0,Not Graduate,Yes,1946698.0,5240000.0,60,661,4085197.0,4264813.0,203261.0,392182.0,Approved
2058,2,Not Graduate,No,784597.0,350000.0,6,518,4169082.0,0.0,994684.0,826038.0,Approved
2059,1,Not Graduate,Yes,731410.0,1130000.0,12,601,1190127.0,487155.0,585569.0,983070.0,Rejected
2060,0,Graduate,No,1049872.0,880000.0,48,622,4610848.0,0.0,526719.0,1375834.0,Approved
2061,1,Graduate,No,1083668.0,1300000.0,48,666,962057.0,0.0,300636.0,1251878.0,Approved
2062,1,Not Graduate,No,1318158.0,490000.0,24,502,9241258.0,0.0,1520620.0,2080226.0,Approved
2063,3,Graduate,No,1063544.0,450000.0,24,561,7714459.0,0.0,810258.0,1707523.0,Approved
2064,1,Graduate,No,1769709.0,3070000.0,60,653,5464267.0,0.0,1143901.0,2638323.0,Approved
2065,0,Not Graduate,No,1175790.0,2150000.0,18,562,5822798.0,0.0,850742.0,306342.0,Rejected
2066,4,Graduate,Yes,1357527.0,1290000.0,24,540,6233847.0,3641946.0,1050805.0,2298143.0,Rejected
2067,2,Not Graduate,No,737718.0,1980000.0,24,571,4823047.0,0.0,571079.0,1349425.0,Approved
2068,1,Graduate,No,1877756.0,2370000.0,24,535,2855489.0,0.0,1229746.0,2666713.0,Approved
2069,3,Not Graduate,No,1024631.0,1910000.0,18,581,6186722.0,0.0,1088759.0,1262872.0,Rejected
2070,2,Graduate,Yes,1782536.0,3300000.0,12,616,12697085.0,2902097.0,2616921.0,1239662.0,Rejected
2071,2,Not Graduate,No,912223.0,620000.0,24,804,6549951.0,0.0,1048083.0,275745.0,Approved
2072,0,Not Graduate,No,1333417.0,850000.0,18,754,10296164.0,0.0,1895125.0,1340836.0,Approved
2073,1,Not Graduate,No,1406764.0,3750000.0,6,763,914019.0,0.0,1946241.0,1368635.0,Approved
2074,2,Graduate,No,1181208.0,1420000.0,12,573,3866372.0,0.0,944176.0,2345326.0,Approved
2075,2,Graduate,No,1727861.0,2250000.0,36,549,5472342.0,0.0,508626.0,1930316.0,Approved
2076,1,Graduate,Yes,1407937.0,920000.0,12,708,8295353.0,2449197.0,253734.0,1209276.0,Approved
2077,0,Graduate,No,540446.0,910000.0,24,515,2037624.0,0.0,82537.0,1046278.0,Approved
2078,3,Not Graduate,No,2952404.0,5880000.0,6,687,16123552.0,0.0,3489025.0,1312636.0,Approved
2079,2,Graduate,No,1847340.0,860000.0,36,429,7786943.0,0.0,781041.0,1462970.0,Rejected
2080,1,Graduate,No,2947083.0,1080000.0,18,572,7989311.0,0.0,2322158.0,1818619.0,Approved
2081,0,Graduate,No,1117253.0,900000.0,36,727,7720198.0,0.0,1127868.0,657015.0,Approved
2082,3,Graduate,No,966223.0,1400000.0,12,505,3449141.0,0.0,1146514.0,710957.0,Rejected
2083,3,Not Graduate,No,2569725.0,860000.0,24,770,10911183.0,0.0,3741553.0,2484038.0,Approved
2084,0,Graduate,No,589039.0,270000.0,24,614,2714742.0,0.0,177724.0,1114315.0,Approved
2085,1,Graduate,Yes,743792.0,350000.0,36,590,4170603.0,613433.0,553720.0,332580.0,Approved
2086,1,Not Graduate,No,844291.0,660000.0,18,661,1723707.0,0.0,685792.0,291828.0,Rejected
2087,1,Graduate,No,7809999.0,19730000.0,24,863,43663972.0,0.0,5704759.0,6207415.0,Approved
2088,2,Graduate,No,759622.0,2160000.0,12,631,4334348.0,0.0,98624.0,854835.0,Rejected
2089,1,Graduate,Yes,949832.0,1400000.0,6,514,2343943.0,1060276.0,946732.0,504093.0,Approved
2090,1,Not Graduate,No,1828342.0,4650000.0,12,524,12446243.0,0.0,994458.0,3010480.0,Rejected
2091,1,Not Graduate,No,1352304.0,3760000.0,18,712,9670579.0,0.0,1607199.0,878514.0,Approved
2092,3,Not Graduate,Yes,1076366.0,1080000.0,60,672,5010069.0,3001753.0,776471.0,838890.0,Rejected
2093,3,Not Graduate,No,2158934.0,4680000.0,12,615,16873361.0,0.0,2983866.0,2120750.0,Approved
2094,3,Graduate,Yes,1285243.0,2770000.0,48,702,3041019.0,532045.0,1234895.0,1748124.0,Approved
2095,0,Graduate,No,1643318.0,940000.0,48,391,3285095.0,0.0,1046489.0,611949.0,Rejected
2096,0,Graduate,No,799599.0,1840000.0,48,617,1370316.0,0.0,1003933.0,322008.0,Approved
2097,1,Graduate,No,817901.0,1150000.0,48,685,3755381.0,0.0,557937.0,179590.0,Approved
2098,0,Not Graduate,No,1281495.0,1340000.0,36,683,4794412.0,0.0,574281.0,2561525.0,Approved
2099,3,Graduate,Yes,897828.0,1880000.0,18,586,4273985.0,1796301.0,423051.0,991153.0,Rejected
2100,2,Graduate,Yes,969733.0,2510000.0,48,540,3928283.0,101081.0,1088415.0,1776261.0,Approved
2101,1,Not Graduate,Yes,3310361.0,7990000.0,24,727,15772974.0,10094834.0,541103.0,4836533.0,Approved
2102,0,Graduate,No,2830974.0,4810000.0,36,504,17895294.0,0.0,2308428.0,3966103.0,Approved
2103,0,Graduate,No,1154418.0,1910000.0,48,799,2123681.0,0.0,1382853.0,1095172.0,Approved
2104,3,Graduate,No,1624494.0,2690000.0,24,541,11658425.0,0.0,935634.0,2085673.0,Approved
2105,4,Graduate,No,664374.0,670000.0,18,632,3829331.0,0.0,487052.0,178826.0,Approved
2106,0,Graduate,Yes,1906465.0,2860000.0,12,410,12824558.0,2762049.0,1674411.0,543195.0,Approved
2107,4,Graduate,No,1023727.0,1550000.0,6,542,4875441.0,0.0,160484.0,1509503.0,Rejected
2108,3,Graduate,No,973182.0,1610000.0,6,597,3256530.0,0.0,131151.0,630658.0,Rejected
2109,2,Graduate,No,2898248.0,6020000.0,6,629,1905243.0,0.0,2852216.0,2639000.0,Approved
2110,1,Not Graduate,No,1181568.0,1420000.0,24,534,8587937.0,0.0,119167.0,1533511.0,Rejected
2111,2,Not Graduate,Yes,1316452.0,3080000.0,24,560,10339879.0,2168133.0,1595072.0,2449827.0,Approved
2112,2,Not Graduate,No,804242.0,390000.0,12,728,3930065.0,0.0,153689.0,1286188.0,Approved
2113,1,Graduate,No,2010379.0,4660000.0,36,697,10510606.0,0.0,2165488.0,2249265.0,Approved
2114,2,Not Graduate,No,1493206.0,1180000.0,18,633,4561584.0,0.0,695100.0,958738.0,Approved
2115,0,Graduate,No,2114373.0,5430000.0,48,604,5062786.0,0.0,2529112.0,895758.0,Rejected
2116,1,Not Graduate,No,1755987.0,2970000.0,24,647,8866887.0,0.0,152543.0,1523447.0,Rejected
2117,0,Not Graduate,Yes,681470.0,250000.0,48,681,2934153.0,1839434.0,404193.0,1254924.0,Approved
2118,4,Not Graduate,No,1980049.0,2850000.0,48,760,3577999.0,0.0,1128970.0,1311565.0,Rejected
2119,2,Graduate,No,534463.0,1210000.0,24,674,1665014.0,0.0,697332.0,144043.0,Approved
2120,0,Graduate,No,973664.0,450000.0,36,816,1189239.0,0.0,143065.0,885852.0,Approved
2121,0,Graduate,No,1501669.0,4470000.0,12,554,9997402.0,0.0,1882865.0,947025.0,Approved
2122,2,Not Graduate,Yes,628614.0,1480000.0,60,669,3394996.0,201190.0,517248.0,544770.0,Approved
2123,2,Not Graduate,No,1541530.0,2760000.0,36,575,7672620.0,0.0,392894.0,915044.0,Rejected
2124,0,Not Graduate,Yes,2036571.0,2030000.0,24,654,13755714.0,7437341.0,2736089.0,1548383.0,Approved
2125,1,Not Graduate,No,1400845.0,1020000.0,18,665,3022067.0,0.0,674590.0,915837.0,Approved
2126,1,Graduate,No,1517523.0,630000.0,12,296,7194863.0,0.0,2029488.0,1614665.0,Rejected
2127,0,Graduate,No,642321.0,1190000.0,12,679,389027.0,0.0,656305.0,684594.0,Approved
2128,1,Graduate,Yes,2141602.0,6180000.0,12,609,7600502.0,3399492.0,1755219.0,3747248.0,Approved
2129,0,Not Graduate,No,1927801.0,2060000.0,18,520,2255470.0,0.0,2476711.0,2802610.0,Rejected
2130,2,Not Graduate,No,931807.0,1710000.0,6,600,3325412.0,0.0,209397.0,1226836.0,Approved
2131,3,Not Graduate,No,529223.0,1180000.0,36,597,1089916.0,0.0,119602.0,751063.0,Rejected
2132,0,Not Graduate,No,560484.0,410000.0,6,635,2601753.0,0.0,269238.0,73669.0,Approved
2133,0,Graduate,Yes,1244978.0,2530000.0,18,687,1738258.0,2469686.0,1435747.0,986179.0,Approved
2134,1,Graduate,No,3114038.0,3130000.0,24,667,15217464.0,0.0,3961228.0,2337260.0,Approved
2135,1,Not Graduate,No,679939.0,1570000.0,24,474,5159215.0,0.0,996460.0,552298.0,Rejected
2136,1,Graduate,No,1474843.0,3530000.0,18,518,7704616.0,0.0,250413.0,267209.0,Rejected
2137,1,Not Graduate,Yes,1531461.0,3660000.0,18,756,9543658.0,494361.0,836642.0,2907939.0,Approved
2138,1,Not Graduate,No,776867.0,1770000.0,36,576,2927235.0,0.0,835268.0,1149993.0,Rejected
2139,0,Graduate,Yes,974366.0,330000.0,60,808,6545356.0,2238028.0,1113248.0,498820.0,Approved
2140,3,Not Graduate,No,480000.0,1110000.0,36,636,2187539.0,0.0,618271.0,724299.0,Approved
2141,0,Graduate,Yes,766290.0,1430000.0,48,510,5712523.0,903238.0,782427.0,379559.0,Rejected
2142,1,Graduate,No,480000.0,260000.0,48,551,1644631.0,0.0,233337.0,888080.0,Approved
2143,2,Not Graduate,No,2176301.0,5700000.0,12,578,3243284.0,0.0,499745.0,3960619.0,Rejected
2144,3,Not Graduate,No,480000.0,590000.0,48,511,2949372.0,0.0,264343.0,154043.0,Approved
2145,2,Graduate,No,480000.0,1030000.0,12,505,1358751.0,0.0,460684.0,242402.0,Rejected
2146,3,Graduate,No,994310.0,540000.0,24,599,2112412.0,0.0,679353.0,228960.0,Approved
2147,1,Graduate,Yes,713490.0,2150000.0,48,762,2200615.0,410757.0,1013276.0,941971.0,Approved
2148,2,Graduate,Yes,922924.0,950000.0,18,580,6666929.0,1910903.0,1181439.0,977039.0,Approved
2149,1,Not Graduate,No,668542.0,750000.0,48,780,488688.0,0.0,974926.0,1178019.0,Approved
2150,1,Graduate,Yes,2376891.0,4760000.0,36,731,5575817.0,461641.0,360535.0,3286382.0,Approved
2151,1,Graduate,No,3335620.0,2280000.0,6,484,4509250.0,0.0,838533.0,431130.0,Rejected
2152,1,Graduate,No,1389468.0,1900000.0,48,722,10535380.0,0.0,1568812.0,666596.0,Approved
2153,0,Graduate,No,3569266.0,4580000.0,6,431,16730892.0,0.0,4691237.0,6394113.0,Rejected
2154,0,Not Graduate,Yes,1246773.0,1460000.0,18,749,9138570.0,4225070.0,150262.0,947761.0,Approved
2155,2,Graduate,No,898441.0,560000.0,12,749,5616969.0,0.0,1312879.0,978514.0,Approved
2156,1,Not Graduate,No,480000.0,710000.0,18,724,839250.0,0.0,494095.0,950212.0,Approved
2157,3,Graduate,No,527377.0,1300000.0,6,520,2697361.0,0.0,280720.0,862700.0,Rejected
2158,0,Graduate,No,1095868.0,620000.0,60,792,2977774.0,0.0,1421392.0,1400936.0,Approved
2159,1,Graduate,Yes,1268076.0,3390000.0,36,510,2560281.0,552952.0,1420826.0,276316.0,Approved
2160,1,Graduate,No,3000462.0,2950000.0,12,686,17205677.0,0.0,4208915.0,2039251.0,Approved
2161,1,Not Graduate,Yes,2126922.0,5420000.0,12,704,15847991.0,8075980.0,1867939.0,3691488.0,Approved
2162,0,Graduate,No,480000.0,550000.0,12,480,1390219.0,0.0,709542.0,178084.0,Rejected
2163,0,Graduate,No,1508540.0,1070000.0,48,745,10758138.0,0.0,1177311.0,2276138.0,Approved
2164,0,Not Graduate,No,1143362.0,1350000.0,24,805,4510728.0,0.0,1158208.0,209726.0,Approved
2165,0,Graduate,Yes,2426293.0,3440000.0,12,900,4306414.0,6728646.0,3009500.0,850369.0,Approved
2166,3,Graduate,No,564250.0,990000.0,18,591,2498203.0,0.0,379538.0,730176.0,Rejected
2167,0,Not Graduate,No,1177766.0,590000.0,24,530,1554964.0,0.0,1624888.0,1137668.0,Approved
2168,1,Graduate,No,2507376.0,4610000.0,12,494,18994950.0,0.0,1664779.0,3249225.0,Approved
2169,0,Graduate,No,480000.0,970000.0,48,466,285774.0,0.0,81412.0,556025.0,Rejected
2170,1,Not Graduate,No,630658.0,820000.0,12,730,568624.0,0.0,731127.0,469534.0,Approved
2171,0,Not Graduate,No,1278844.0,2560000.0,36,320,6503490.0,0.0,1027899.0,2210454.0,Rejected
2172,2,Graduate,No,2599783.0,1960000.0,18,554,5223351.0,0.0,1374065.0,3723387.0,Approved
2173,0,Not Graduate,Yes,480000.0,730000.0,36,398,672121.0,1695425.0,250230.0,742857.0,Rejected
2174,0,Graduate,No,2252587.0,1950000.0,60,758,13294365.0,0.0,787741.0,1268733.0,Approved
2175,3,Graduate,No,664944.0,710000.0,12,626,5041189.0,0.0,860210.0,589326.0,Approved
2176,1,Graduate,No,1413176.0,2510000.0,36,670,8370595.0,0.0,368164.0,2174716.0,Approved
2177,1,Not Graduate,Yes,2198004.0,6270000.0,18,606,2704899.0,8505709.0,2787115.0,3504805.0,Approved
2178,0,Not Graduate,No,942893.0,910000.0,60,708,543317.0,0.0,1150184.0,318783.0,Approved
2179,2,Not Graduate,No,960359.0,2390000.0,18,831,4611839.0,0.0,406509.0,908687.0,Approved
2180,2,Not Graduate,No,984516.0,920000.0,12,535,1073152.0,0.0,525047.0,923582.0,Approved
2181,2,Graduate,Yes,1475898.0,4510000.0,12,653,4458835.0,4185123.0,2201825.0,181723.0,Approved
2182,1,Not Graduate,No,590063.0,930000.0,18,674,1734184.0,0.0,671207.0,778448.0,Approved
2183,1,Graduate,No,1394740.0,1530000.0,36,658,7806536.0,0.0,779855.0,2424472.0,Approved
2184,1,Graduate,Yes,697548.0,240000.0,12,645,601826.0,2475312.0,711627.0,356833.0,Approved
2185,4,Not Graduate,Yes,1731008.0,1440000.0,48,720,3960120.0,4665479.0,729870.0,2043178.0,Approved
2186,1,Graduate,Yes,1381289.0,1150000.0,48,668,2170289.0,706964.0,1793858.0,2537689.0,Approved
2187,1,Graduate,Yes,655547.0,880000.0,24,573,749627.0,1836806.0,885410.0,87459.0,Approved
2188,0,Not Graduate,Yes,843249.0,1900000.0,12,551,4972293.0,1016865.0,1083358.0,1310583.0,Rejected
2189,4,Graduate,No,1398622.0,3180000.0,12,478,2486850.0,0.0,434278.0,398654.0,Approved
2190,0,Graduate,Yes,727466.0,1730000.0,12,744,5765784.0,2580920.0,430523.0,843207.0,Approved
2191,0,Graduate,No,1007024.0,980000.0,12,693,5311112.0,0.0,760044.0,1808714.0,Approved
2192,2,Graduate,No,2577921.0,5130000.0,18,510,2840082.0,0.0,2955594.0,3196697.0,Approved
2193,0,Not Graduate,No,1369604.0,4020000.0,48,419,3332018.0,0.0,515575.0,1433597.0,Rejected
2194,0,Not Graduate,No,882127.0,1740000.0,12,552,5782534.0,0.0,496660.0,1633658.0,Rejected
2195,0,Graduate,Yes,1960533.0,1600000.0,12,647,4664663.0,6900913.0,944843.0,1018414.0,Approved
2196,1,Graduate,No,773067.0,1540000.0,12,641,1143459.0,0.0,110763.0,1030305.0,Approved
2197,2,Not Graduate,No,717848.0,1510000.0,12,429,2260859.0,0.0,662721.0,527390.0,Approved
2198,2,Graduate,No,1399644.0,3600000.0,48,870,11051257.0,0.0,499770.0,328263.0,Approved
2199,3,Not Graduate,No,1562984.0,3020000.0,24,490,10838730.0,0.0,1174468.0,693216.0,Approved
2200,1,Not Graduate,No,959714.0,640000.0,18,654,5911882.0,0.0,125556.0,905824.0,Approved
2201,0,Not Graduate,Yes,1775402.0,4620000.0,24,606,13611994.0,4109463.0,390865.0,3132278.0,Rejected
2202,2,Not Graduate,No,1240921.0,3580000.0,24,445,5756625.0,0.0,1647952.0,1519017.0,Rejected
2203,1,Not Graduate,Yes,1809036.0,3850000.0,48,675,9023090.0,2213776.0,961933.0,2148716.0,Rejected
2204,2,Graduate,No,647366.0,1320000.0,18,700,3935401.0,0.0,950227.0,752456.0,Approved
2205,2,Graduate,No,835778.0,830000.0,12,584,1447598.0,0.0,925560.0,886103.0,Approved
2206,0,Not Graduate,No,1616299.0,4070000.0,6,692,5555230.0,0.0,1905383.0,2924309.0,Approved
2207,0,Graduate,No,2338092.0,3120000.0,6,605,1906835.0,0.0,2871737.0,1947522.0,Approved
2208,2,Not Graduate,No,1112551.0,2590000.0,6,686,8743600.0,0.0,205106.0,1851059.0,Rejected
2209,0,Not Graduate,No,480000.0,1000000.0,36,589,3480611.0,0.0,556245.0,744744.0,Approved
2210,0,Not Graduate,No,855224.0,1450000.0,48,838,2687953.0,0.0,50000.0,810081.0,Approved
2211,4,Graduate,No,695255.0,830000.0,18,629,2901604.0,0.0,322770.0,584985.0,Approved
2212,2,Graduate,No,1252585.0,1880000.0,18,518,2329183.0,0.0,1607750.0,1082520.0,Approved
2213,3,Not Graduate,No,1446997.0,2290000.0,6,698,1657223.0,0.0,1674181.0,2627854.0,Approved
2214,4,Graduate,No,2443796.0,4170000.0,48,747,7615215.0,0.0,3172811.0,1484253.0,Approved
2215,2,Not Graduate,No,602026.0,830000.0,12,587,3370800.0,0.0,506136.0,1117079.0,Approved
2216,2,Graduate,No,3088709.0,3410000.0,24,731,21371351.0,0.0,3517613.0,5958274.0,Approved
2217,1,Not Graduate,No,727190.0,1980000.0,6,542,2154486.0,0.0,206975.0,1239616.0,Rejected
2218,2,Not Graduate,Yes,1287107.0,4010000.0,36,609,7340044.0,819611.0,74564.0,2032653.0,Rejected
2219,1,Graduate,No,516737.0,840000.0,12,516,803557.0,0.0,659440.0,461377.0,Approved
2220,4,Not Graduate,No,1550721.0,3460000.0,12,561,7424343.0,0.0,1461355.0,1112207.0,Rejected
2221,1,Not Graduate,No,1100193.0,1320000.0,24,422,1834966.0,0.0,1426165.0,1689321.0,Rejected
2222,0,Not Graduate,No,1043418.0,2070000.0,48,489,2765028.0,0.0,790291.0,1627391.0,Rejected
2223,3,Graduate,No,1716327.0,4560000.0,12,561,4563200.0,0.0,486442.0,988529.0,Rejected
2224,2,Graduate,Yes,953060.0,380000.0,48,621,3968802.0,2693562.0,1232589.0,138535.0,Approved
2225,0,Not Graduate,No,480000.0,1140000.0,18,635,3423377.0,0.0,674227.0,246135.0,Rejected
2226,0,Graduate,No,1449717.0,490000.0,24,695,5226342.0,0.0,1061400.0,1078220.0,Approved
2227,1,Graduate,Yes,1329224.0,480000.0,12,587,8567217.0,5293648.0,221754.0,2431289.0,Rejected
2228,0,Graduate,No,488930.0,1410000.0,24,657,3717025.0,0.0,66599.0,651044.0,Approved
2229,3,Graduate,Yes,586469.0,750000.0,18,440,4088387.0,1802181.0,315437.0,629402.0,Rejected
2230,2,Graduate,No,1279668.0,1240000.0,36,665,3031142.0,0.0,293635.0,1608488.0,Approved
2231,1,Graduate,Yes,2048346.0,1950000.0,36,525,11882301.0,5471862.0,2065509.0,4045281.0,Approved
2232,3,Graduate,Yes,983610.0,2360000.0,24,599,2126857.0,260334.0,1160708.0,1309724.0,Rejected
2233,1,Graduate,No,1494678.0,1510000.0,48,843,11208855.0,0.0,238802.0,901890.0,Approved
2234,0,Not Graduate,No,547761.0,940000.0,6,537,2107241.0,0.0,678122.0,672865.0,Rejected
2235,0,Graduate,No,872769.0,410000.0,6,698,3178377.0,0.0,292094.0,1182308.0,Approved
2236,2,Graduate,No,1075672.0,1550000.0,24,662,1122633.0,0.0,964609.0,1102544.0,Approved
2237,1,Graduate,No,607681.0,670000.0,36,697,4674768.0,0.0,609215.0,567972.0,Approved
2238,0,Graduate,No,480000.0,1010000.0,24,399,280157.0,0.0,651542.0,120933.0,Rejected
2239,1,Not Graduate,No,869378.0,910000.0,12,562,2173151.0,0.0,159662.0,858152.0,Rejected
2240,3,Graduate,No,2174803.0,4020000.0,48,471,7683194.0,0.0,2332205.0,3192642.0,Approved
2241,2,Not Graduate,Yes,509652.0,400000.0,18,648,2125021.0,1669989.0,543660.0,826176.0,Approved
2242,4,Graduate,No,900774.0,1100000.0,12,697,4330630.0,0.0,469876.0,268029.0,Approved
2243,3,Graduate,No,528655.0,730000.0,36,523,2283205.0,0.0,715940.0,84246.0,Rejected
2244,3,Graduate,No,1379067.0,2290000.0,36,703,7649273.0,0.0,435619.0,295722.0,Approved
2245,3,Not Graduate,Yes,1788952.0,1140000.0,12,726,12420777.0,5241213.0,230631.0,1202028.0,Approved
2246,2,Not Graduate,No,1274549.0,3300000.0,24,661,9898268.0,0.0,803260.0,1384609.0,Rejected
2247,1,Not Graduate,No,912914.0,2350000.0,24,503,5098799.0,0.0,974138.0,355952.0,Rejected
2248,1,Not Graduate,No,630718.0,1210000.0,36,673,2964200.0,0.0,229436.0,672184.0,Approved
2249,0,Not Graduate,No,609770.0,1680000.0,12,613,2073594.0,0.0,553440.0,665398.0,Rejected
2250,1,Not Graduate,No,3228056.0,4530000.0,12,509,18441547.0,0.0,2321930.0,1693224.0,Approved
2251,4,Graduate,No,3446173.0,5470000.0,48,610,23452361.0,0.0,1829788.0,6566140.0,Rejected
2252,1,Not Graduate,No,480000.0,390000.0,6,644,3414524.0,0.0,78063.0,77091.0,Approved
2253,1,Not Graduate,No,2363611.0,1290000.0,60,526,3204986.0,0.0,3021161.0,1312108.0,Approved
2254,1,Not Graduate,No,1581284.0,4430000.0,12,396,5791877.0,0.0,639924.0,1717143.0,Rejected
2255,4,Graduate,No,480000.0,260000.0,36,625,2225555.0,0.0,503520.0,243630.0,Approved
2256,0,Graduate,No,1025884.0,530000.0,36,484,2603767.0,0.0,1057554.0,839458.0,Rejected
2257,0,Not Graduate,No,480000.0,340000.0,6,701,1747865.0,0.0,353225.0,821013.0,Rejected
2258,1,Not Graduate,No,1504596.0,1630000.0,24,477,1219209.0,0.0,214238.0,738314.0,Rejected
2259,1,Not Graduate,No,1311778.0,3480000.0,6,517,7455694.0,0.0,860933.0,462942.0,Rejected
2260,3,Not Graduate,No,571947.0,640000.0,24,740,2110112.0,0.0,674217.0,165721.0,Approved
2261,2,Not Graduate,Yes,3850666.0,9170000.0,36,454,14473219.0,15373749.0,5752509.0,859630.0,Rejected
2262,3,Not Graduate,No,1275412.0,3480000.0,24,735,1460991.0,0.0,1096201.0,1625253.0,Approved
2263,0,Not Graduate,No,610713.0,420000.0,18,722,840297.0,0.0,200700.0,817794.0,Approved
2264,2,Not Graduate,No,1518556.0,1650000.0,18,569,1400403.0,0.0,665026.0,2089999.0,Rejected
2265,0,Not Graduate,Yes,1807497.0,2320000.0,24,531,3871553.0,5927182.0,2268879.0,420085.0,Approved
2266,1,Not Graduate,Yes,872397.0,1680000.0,18,605,2532009.0,1971140.0,1050319.0,1381499.0,Approved
2267,2,Not Graduate,Yes,3443362.0,6350000.0,24,676,22686025.0,7520171.0,2485683.0,403564.0,Approved
2268,1,Graduate,No,554460.0,540000.0,24,466,3389370.0,0.0,760562.0,594935.0,Approved
2269,1,Graduate,No,1238033.0,1770000.0,12,576,5958754.0,0.0,67889.0,2293619.0,Approved
2270,2,Graduate,No,1277762.0,2010000.0,12,782,6706443.0,0.0,935529.0,1270872.0,Approved
2271,0,Graduate,No,2012857.0,4720000.0,36,765,1795406.0,0.0,1800279.0,2327438.0,Approved
2272,2,Not Graduate,No,504749.0,630000.0,48,524,2578167.0,0.0,357287.0,445594.0,Approved
2273,2,Graduate,No,621513.0,1710000.0,18,765,3499385.0,0.0,59655.0,741440.0,Approved
2274,2,Not Graduate,Yes,1166971.0,600000.0,36,757,8426332.0,2201651.0,1192817.0,924627.0,Approved
2275,1,Graduate,No,529335.0,790000.0,18,838,3969617.0,0.0,219113.0,728772.0,Approved
2276,2,Not Graduate,Yes,608581.0,1160000.0,18,407,1730788.0,533945.0,360341.0,239287.0,Rejected
2277,3,Not Graduate,No,1005474.0,390000.0,36,891,4550806.0,0.0,766354.0,526682.0,Approved
2278,2,Graduate,No,753717.0,1140000.0,18,408,4348256.0,0.0,337816.0,1009528.0,Rejected
2279,2,Graduate,Yes,2024071.0,3850000.0,36,668,13268658.0,7371446.0,1525551.0,2861323.0,Approved
2280,0,Not Graduate,Yes,526601.0,1200000.0,12,510,617338.0,1223140.0,744995.0,86605.0,Rejected
2281,1,Not Graduate,No,1140695.0,1110000.0,36,501,8122027.0,0.0,1028737.0,741370.0,Approved
2282,2,Not Graduate,No,654819.0,2030000.0,18,606,3384935.0,0.0,826645.0,553229.0,Rejected
2283,3,Graduate,No,2456175.0,6440000.0,60,527,6756362.0,0.0,826191.0,4823219.0,Approved
2284,0,Graduate,Yes,1359743.0,2000000.0,18,629,8438792.0,1257711.0,1001891.0,2405505.0,Rejected
2285,2,Graduate,No,542817.0,820000.0,12,513,3314800.0,0.0,365394.0,820111.0,Approved
2286,1,Graduate,Yes,798710.0,860000.0,12,491,2652493.0,2524837.0,132734.0,1026022.0,Rejected
2287,1,Graduate,No,895728.0,1670000.0,18,759,2996516.0,0.0,120339.0,825749.0,Rejected
2288,2,Not Graduate,No,1058431.0,1770000.0,18,367,7814995.0,0.0,322857.0,1180124.0,Rejected
2289,2,Graduate,No,8148723.0,6870000.0,24,573,27898746.0,0.0,1153576.0,1082412.0,Approved
2290,1,Not Graduate,No,480000.0,620000.0,48,800,536860.0,0.0,214026.0,580620.0,Approved
2291,1,Not Graduate,No,950385.0,2180000.0,36,567,2759514.0,0.0,592810.0,635880.0,Rejected
2292,1,Graduate,No,2750458.0,6760000.0,12,609,8929710.0,0.0,3181051.0,4201859.0,Approved
2293,2,Graduate,No,1318020.0,1900000.0,12,652,9142364.0,0.0,1177490.0,177378.0,Approved
2294,3,Not Graduate,No,906150.0,2070000.0,24,559,1538828.0,0.0,453723.0,944552.0,Rejected
2295,2,Graduate,No,3278706.0,8870000.0,24,686,15296114.0,0.0,4339856.0,6046270.0,Approved
2296,2,Graduate,Yes,1398033.0,2530000.0,12,572,3058148.0,4838762.0,1667612.0,1540131.0,Approved
2297,1,Graduate,No,1205001.0,860000.0,18,490,1289809.0,0.0,111799.0,1533321.0,Rejected
2298,3,Graduate,Yes,2102718.0,4570000.0,18,594,8429345.0,3022372.0,2881983.0,2206051.0,Approved
2299,3,Graduate,No,1243040.0,2290000.0,24,676,9781315.0,0.0,1301833.0,1076919.0,Approved
2300,2,Graduate,No,1525132.0,1440000.0,6,727,10651534.0,0.0,505407.0,2717493.0,Approved
2301,0,Graduate,No,879692.0,400000.0,18,533,6660977.0,0.0,648840.0,1417877.0,Approved
2302,3,Not Graduate,No,966009.0,490000.0,18,844,2327444.0,0.0,522932.0,885621.0,Approved
2303,1,Graduate,No,1650304.0,3300000.0,6,574,7380594.0,0.0,624674.0,2660805.0,Approved
2304,1,Not Graduate,No,958701.0,2200000.0,60,626,5160506.0,0.0,1000856.0,302688.0,Approved
2305,0,Graduate,No,1026007.0,2480000.0,18,498,879634.0,0.0,642583.0,1465332.0,Rejected
2306,3,Not Graduate,No,480000.0,520000.0,6,610,796647.0,0.0,616396.0,328761.0,Approved
2307,3,Graduate,No,1152209.0,3130000.0,12,640,6052562.0,0.0,880735.0,1974496.0,Rejected
2308,1,Not Graduate,No,501667.0,1310000.0,12,447,1388725.0,0.0,241444.0,689799.0,Rejected
2309,1,Graduate,No,2613213.0,5950000.0,18,661,19863480.0,0.0,3872804.0,4721532.0,Approved
2310,3,Not Graduate,No,2804032.0,2130000.0,36,803,22113303.0,0.0,3574149.0,2938676.0,Rejected
2311,1,Graduate,No,798299.0,1970000.0,12,744,2078731.0,0.0,923843.0,856896.0,Approved
2312,2,Not Graduate,No,750740.0,640000.0,24,527,3723528.0,0.0,900186.0,124285.0,Approved
2313,1,Not Graduate,No,551622.0,390000.0,18,595,1460850.0,0.0,206475.0,869991.0,Approved
2314,1,Not Graduate,No,480000.0,1450000.0,36,580,3719463.0,0.0,693364.0,782104.0,Rejected
2315,3,Not Graduate,No,1543791.0,880000.0,36,560,2368008.0,0.0,1471432.0,2587072.0,Rejected
2316,0,Not Graduate,Yes,1144942.0,1780000.0,18,663,6314010.0,4427865.0,808207.0,506601.0,Rejected
2317,2,Graduate,Yes,2394808.0,5590000.0,60,636,1809622.0,4892548.0,342589.0,1691115.0,Approved
2318,3,Not Graduate,No,1617096.0,2910000.0,24,454,6332013.0,0.0,1203791.0,1859737.0,Rejected
2319,0,Not Graduate,No,1446062.0,1220000.0,36,627,4748923.0,0.0,1127218.0,1848342.0,Approved
2320,1,Graduate,Yes,2007409.0,1440000.0,60,469,13422618.0,5458617.0,1551280.0,3073131.0,Rejected
2321,0,Graduate,No,824674.0,340000.0,12,632,4158759.0,0.0,433406.0,906131.0,Approved
2322,0,Graduate,No,2815814.0,920000.0,18,690,9528580.0,0.0,431341.0,1970240.0,Approved
2323,0,Graduate,No,1835744.0,2380000.0,24,586,13972218.0,0.0,852515.0,1394337.0,Approved
2324,0,Graduate,Yes,1148880.0,730000.0,6,765,8852283.0,2053614.0,628014.0,1762957.0,Approved
2325,1,Not Graduate,No,1704717.0,4350000.0,12,641,6845965.0,0.0,1723909.0,802395.0,Rejected
2326,2,Graduate,Yes,908211.0,1670000.0,48,759,991298.0,2484321.0,1321600.0,1595627.0,Approved
2327,2,Graduate,No,480000.0,480000.0,36,511,2315959.0,0.0,447991.0,175934.0,Rejected
2328,3,Not Graduate,No,2347882.0,4940000.0,12,626,2702487.0,0.0,1433557.0,3045149.0,Approved
2329,3,Graduate,Yes,1066685.0,980000.0,6,487,7504900.0,991080.0,1504681.0,789619.0,Rejected
2330,1,Graduate,No,1188316.0,1050000.0,12,610,3033505.0,0.0,1332536.0,615313.0,Approved
2331,3,Not Graduate,No,1013288.0,3130000.0,18,616,3337012.0,0.0,1112132.0,999776.0,Rejected
2332,2,Graduate,No,1706992.0,4060000.0,60,473,2682641.0,0.0,467409.0,2955919.0,Approved
2333,1,Graduate,No,480000.0,1490000.0,24,774,3349218.0,0.0,50000.0,188591.0,Approved
2334,2,Not Graduate,No,784202.0,390000.0,12,667,4125869.0,0.0,753595.0,94394.0,Approved
2335,2,Graduate,Yes,871148.0,2180000.0,18,741,5316732.0,3469119.0,358992.0,247358.0,Approved
2336,3,Graduate,No,1843510.0,4790000.0,36,551,9988410.0,0.0,1194318.0,1077745.0,Rejected
2337,1,Not Graduate,No,1049942.0,2740000.0,24,425,8279368.0,0.0,1253375.0,1147841.0,Rejected
2338,3,Not Graduate,Yes,1029289.0,470000.0,24,778,1336547.0,3286436.0,53147.0,1391431.0,Approved
2339,1,Not Graduate,No,914954.0,2310000.0,12,540,1676542.0,0.0,916278.0,514064.0,Approved
2340,0,Graduate,Yes,549399.0,550000.0,24,844,1312298.0,2146560.0,807562.0,170839.0,Approved
2341,1,Graduate,No,1064803.0,1740000.0,18,622,4304129.0,0.0,1345070.0,2083330.0,Rejected
2342,4,Graduate,No,1338922.0,2040000.0,12,511,6209012.0,0.0,1404892.0,1784225.0,Rejected
2343,4,Not Graduate,No,940612.0,1630000.0,24,628,3535969.0,0.0,706910.0,897759.0,Approved
2344,1,Graduate,No,894395.0,510000.0,24,632,3490901.0,0.0,393382.0,178660.0,Approved
2345,2,Graduate,No,1574888.0,1020000.0,36,687,7441332.0,0.0,536491.0,2943852.0,Approved
2346,2,Not Graduate,No,480000.0,1330000.0,18,597,3165338.0,0.0,227789.0,692466.0,Rejected
2347,0,Graduate,No,1201021.0,2730000.0,24,540,8636783.0,0.0,1394691.0,2264889.0,Rejected
2348,0,Not Graduate,Yes,1474467.0,4420000.0,36,539,1614831.0,2174842.0,633725.0,1388168.0,Rejected
2349,0,Graduate,No,1220383.0,2500000.0,6,723,7925248.0,0.0,162411.0,1903527.0,Approved
2350,0,Not Graduate,No,2107867.0,700000.0,60,452,7965256.0,0.0,1790715.0,2656258.0,Rejected
2351,2,Not Graduate,No,968797.0,2470000.0,36,573,4761980.0,0.0,249352.0,303722.0,Rejected
2352,2,Graduate,Yes,1903544.0,4900000.0,24,726,12820640.0,7205465.0,2773683.0,3626470.0,Approved
2353,1,Graduate,Yes,909068.0,2750000.0,36,612,3041164.0,1427054.0,914465.0,1736783.0,Rejected
2354,3,Graduate,No,1980743.0,2550000.0,24,691,9368717.0,0.0,386142.0,3013043.0,Approved
2355,1,Not Graduate,No,1286953.0,2120000.0,12,631,3756508.0,0.0,98047.0,1301006.0,Approved
2356,4,Graduate,No,1597285.0,2110000.0,36,662,11785205.0,0.0,1013726.0,1788807.0,Approved
2357,1,Graduate,Yes,1914917.0,1390000.0,18,532,3894356.0,6340078.0,95922.0,1972848.0,Approved
2358,2,Graduate,No,1780728.0,4400000.0,36,728,6999318.0,0.0,396235.0,797545.0,Approved
2359,3,Graduate,No,657058.0,770000.0,24,568,1303502.0,0.0,366754.0,349743.0,Rejected
2360,1,Not Graduate,No,1153011.0,2370000.0,24,391,8755143.0,0.0,1441688.0,1570736.0,Rejected
2361,1,Not Graduate,No,999892.0,900000.0,36,598,5266798.0,0.0,50104.0,722399.0,Approved
2362,2,Graduate,Yes,480000.0,960000.0,36,828,355019.0,737809.0,464408.0,437682.0,Approved
2363,0,Not Graduate,No,1986492.0,5290000.0,36,442,6378124.0,0.0,1520590.0,2629419.0,Rejected
2364,0,Not Graduate,Yes,3356057.0,7920000.0,12,626,18434533.0,4279542.0,1123112.0,6002339.0,Rejected
2365,3,Not Graduate,No,1015097.0,2290000.0,24,564,3680768.0,0.0,976576.0,997102.0,Rejected
2366,3,Graduate,No,1095727.0,2360000.0,18,617,2571515.0,0.0,693475.0,2072085.0,Rejected
2367,3,Not Graduate,No,480000.0,660000.0,48,568,2545624.0,0.0,531116.0,648656.0,Approved
2368,0,Graduate,No,1040278.0,2550000.0,24,715,5279979.0,0.0,1511396.0,1314245.0,Approved
2369,2,Not Graduate,No,528262.0,770000.0,24,481,2476224.0,0.0,159587.0,178434.0,Rejected
2370,2,Not Graduate,No,1515095.0,820000.0,12,684,7008832.0,0.0,1637196.0,2722886.0,Approved
2371,1,Graduate,Yes,521359.0,310000.0,12,664,1029138.0,1124795.0,476292.0,769040.0,Approved
2372,2,Not Graduate,Yes,1547536.0,2420000.0,24,629,11147965.0,4933846.0,1535882.0,2727334.0,Rejected
2373,2,Not Graduate,No,1143878.0,2670000.0,18,583,781676.0,0.0,1707261.0,2047368.0,Approved
2374,0,Not Graduate,No,1528567.0,4250000.0,24,870,7749694.0,0.0,1386662.0,1744298.0,Approved
2375,0,Graduate,Yes,1192670.0,770000.0,6,628,4730103.0,1169520.0,361224.0,2323542.0,Rejected
2376,2,Not Graduate,No,880461.0,970000.0,12,574,5866618.0,0.0,245932.0,319250.0,Approved
2377,2,Graduate,No,588674.0,680000.0,12,632,1084821.0,0.0,231247.0,787584.0,Rejected
2378,1,Graduate,No,1430299.0,3580000.0,24,657,5349560.0,0.0,2122698.0,428124.0,Rejected
2379,2,Graduate,Yes,1012132.0,2540000.0,48,633,6464031.0,875020.0,320735.0,750228.0,Approved
2380,4,Not Graduate,No,1632784.0,2910000.0,36,474,11535029.0,0.0,1413754.0,2138764.0,Approved
2381,3,Graduate,No,679494.0,2010000.0,24,899,-83143.0,0.0,665758.0,1150047.0,Approved
2382,4,Not Graduate,No,1119124.0,480000.0,18,712,6276858.0,0.0,356005.0,874350.0,Approved
2383,2,Graduate,No,1197464.0,1750000.0,18,642,1958682.0,0.0,95516.0,502669.0,Approved
2384,0,Not Graduate,Yes,480000.0,810000.0,36,560,2673264.0,12912.0,75194.0,610320.0,Approved
2385,2,Graduate,No,595517.0,1440000.0,12,631,2391905.0,0.0,663288.0,436486.0,Approved
2386,2,Graduate,Yes,3125722.0,3850000.0,24,559,23335416.0,767393.0,1061331.0,3151380.0,Approved
2387,2,Not Graduate,No,584015.0,970000.0,18,656,4462297.0,0.0,363894.0,840030.0,Approved
2388,0,Not Graduate,No,912342.0,1090000.0,48,881,795794.0,0.0,616243.0,1197552.0,Approved
2389,1,Graduate,Yes,1859573.0,3480000.0,24,493,9042245.0,3621055.0,486638.0,218310.0,Approved
2390,3,Not Graduate,No,787940.0,1470000.0,24,589,4886123.0,0.0,522961.0,1382434.0,Rejected
2391,2,Not Graduate,No,703707.0,1170000.0,36,599,475286.0,0.0,331904.0,818374.0,Approved
2392,1,Not Graduate,No,2496856.0,4110000.0,48,389,14371984.0,0.0,1794323.0,2144764.0,Approved
2393,0,Graduate,No,1884637.0,2550000.0,12,682,8884639.0,0.0,1750290.0,1260597.0,Approved
2394,1,Graduate,No,1107170.0,2210000.0,24,811,4774654.0,0.0,1228113.0,1885070.0,Approved
2395,1,Graduate,No,804899.0,2430000.0,12,627,5802197.0,0.0,368895.0,222736.0,Approved
2396,1,Graduate,No,1091098.0,1850000.0,24,729,1215368.0,0.0,338769.0,752276.0,Approved
2397,3,Graduate,No,1368083.0,2070000.0,36,611,4579608.0,0.0,1619658.0,1787639.0,Rejected
2398,2,Graduate,No,1587244.0,840000.0,18,708,3683732.0,0.0,1965289.0,1431021.0,Approved
2399,1,Graduate,Yes,2051024.0,1550000.0,12,691,8311043.0,3405665.0,1685406.0,456595.0,Approved
2400,1,Not Graduate,No,4080711.0,4810000.0,48,553,3703343.0,0.0,1001419.0,1587154.0,Rejected
2401,4,Graduate,No,1080655.0,3080000.0,48,757,5345234.0,0.0,1518751.0,504379.0,Approved
2402,1,Graduate,No,574018.0,1140000.0,36,618,4308284.0,0.0,98341.0,176051.0,Approved
2403,2,Graduate,No,2610458.0,6350000.0,24,534,17069185.0,0.0,1098429.0,2412775.0,Rejected
2404,3,Not Graduate,No,548900.0,240000.0,36,488,1279037.0,0.0,513212.0,316731.0,Approved
2405,0,Not Graduate,Yes,1537814.0,1400000.0,36,605,3937928.0,525094.0,504699.0,747073.0,Approved
2406,3,Not Graduate,No,559763.0,830000.0,12,503,2803928.0,0.0,472267.0,721116.0,Approved
2407,1,Graduate,No,2376435.0,3010000.0,48,752,9287309.0,0.0,2215147.0,1895929.0,Rejected
2408,1,Graduate,No,732821.0,980000.0,48,562,3010608.0,0.0,853456.0,219116.0,Approved
2409,1,Graduate,Yes,1462572.0,1870000.0,24,539,4182669.0,4572895.0,453537.0,2265346.0,Approved
2410,2,Graduate,No,2744233.0,4150000.0,12,757,13090930.0,0.0,3722047.0,3390984.0,Approved
2411,3,Not Graduate,Yes,1634429.0,3040000.0,36,568,4720400.0,5849165.0,2187191.0,1521196.0,Approved
2412,4,Not Graduate,No,1671921.0,940000.0,6,719,4735233.0,0.0,348377.0,1717265.0,Approved
2413,0,Graduate,No,1059482.0,1920000.0,24,620,1664465.0,0.0,1092437.0,987815.0,Approved
2414,1,Graduate,Yes,728403.0,1900000.0,18,514,2256527.0,2657749.0,403396.0,86047.0,Rejected
2415,1,Graduate,No,1590673.0,1130000.0,48,683,1972840.0,0.0,994969.0,1600807.0,Approved
2416,2,Not Graduate,No,2650474.0,6170000.0,18,662,4630890.0,0.0,3005252.0,3513619.0,Approved
2417,1,Not Graduate,No,883573.0,1580000.0,18,734,3322403.0,0.0,393131.0,589361.0,Approved
2418,3,Graduate,No,1711186.0,1490000.0,12,714,12807973.0,0.0,2444104.0,3136764.0,Approved
2419,0,Graduate,No,1001017.0,1480000.0,36,830,1542740.0,0.0,81261.0,701152.0,Approved
2420,0,Graduate,No,480000.0,990000.0,60,605,658113.0,0.0,704996.0,60078.0,Approved
2421,2,Not Graduate,No,1807145.0,1900000.0,12,711,4702218.0,0.0,530169.0,2492423.0,Approved
2422,2,Graduate,No,1261136.0,2490000.0,24,794,4478703.0,0.0,1784866.0,1111082.0,Approved
2423,0,Not Graduate,No,2145221.0,4750000.0,60,680,17044258.0,0.0,385821.0,3928048.0,Rejected
2424,2,Graduate,No,825188.0,2010000.0,18,413,4987863.0,0.0,844505.0,997598.0,Rejected
2425,0,Not Graduate,No,1184567.0,1100000.0,48,694,2129810.0,0.0,409598.0,2070060.0,Approved
2426,4,Graduate,No,1010009.0,2690000.0,36,753,6911696.0,0.0,210366.0,1687180.0,Rejected
2427,0,Graduate,Yes,1588188.0,2730000.0,6,433,1967706.0,1686286.0,1358489.0,2996618.0,Rejected
2428,4,Not Graduate,No,1386073.0,3830000.0,6,834,8973409.0,0.0,98312.0,2408180.0,Approved
2429,1,Graduate,No,584676.0,1760000.0,12,619,3014648.0,0.0,346155.0,1138689.0,Approved
2430,2,Graduate,Yes,666143.0,760000.0,24,863,4861779.0,644785.0,404505.0,575603.0,Approved
2431,2,Graduate,Yes,975011.0,1030000.0,6,636,4488743.0,3857250.0,1172953.0,669668.0,Rejected
2432,0,Not Graduate,Yes,1725351.0,1590000.0,36,521,3679131.0,479806.0,1143945.0,1947312.0,Rejected
2433,1,Not Graduate,No,1924420.0,3850000.0,36,662,9410183.0,0.0,900656.0,3229316.0,Approved
2434,1,Not Graduate,No,1491446.0,4320000.0,36,606,1598908.0,0.0,274659.0,1214113.0,Approved
2435,1,Not Graduate,No,1027544.0,2350000.0,48,371,1330649.0,0.0,372172.0,1498293.0,Approved
2436,2,Graduate,No,3608181.0,3640000.0,36,653,23288587.0,0.0,433270.0,4953051.0,Approved
2437,4,Not Graduate,Yes,2010167.0,2350000.0,48,618,9777953.0,5945674.0,933883.0,1333938.0,Rejected
2438,2,Graduate,No,1117117.0,1390000.0,24,479,6328261.0,0.0,594605.0,1457016.0,Approved
2439,1,Graduate,No,1276724.0,3010000.0,6,470,4116843.0,0.0,371607.0,156208.0,Approved
2440,1,Not Graduate,No,964428.0,1830000.0,36,473,2419291.0,0.0,833056.0,823836.0,Rejected
2441,1,Graduate,No,480000.0,1050000.0,24,523,2751089.0,0.0,554835.0,711331.0,Approved
2442,0,Graduate,Yes,774311.0,1670000.0,60,621,5096120.0,1181585.0,608230.0,1045721.0,Rejected
2443,1,Not Graduate,No,842461.0,960000.0,24,659,3859398.0,0.0,421451.0,1592527.0,Approved
2444,0,Graduate,Yes,538642.0,1350000.0,24,669,1016640.0,1334575.0,647861.0,458062.0,Rejected
2445,0,Not Graduate,Yes,882638.0,930000.0,12,465,3613486.0,2957200.0,227246.0,1350536.0,Rejected
2446,2,Not Graduate,No,2878434.0,5200000.0,24,845,15877176.0,0.0,3496615.0,2451102.0,Approved
2447,0,Not Graduate,Yes,1153126.0,3040000.0,6,498,2832426.0,2012041.0,57949.0,2133278.0,Rejected
2448,1,Not Graduate,Yes,1205833.0,550000.0,60,473,4549721.0,4161604.0,724730.0,993727.0,Approved
2449,1,Graduate,No,502986.0,1050000.0,18,524,3500329.0,0.0,367432.0,229376.0,Rejected
2450,0,Not Graduate,No,785279.0,330000.0,24,520,680479.0,0.0,177658.0,229189.0,Rejected
2451,2,Not Graduate,No,1380210.0,900000.0,12,737,10685919.0,0.0,1197052.0,1950574.0,Rejected
2452,1,Graduate,No,556366.0,250000.0,24,662,2141827.0,0.0,265298.0,1079554.0,Approved
2453,2,Graduate,No,1012178.0,390000.0,12,575,3282530.0,0.0,1252613.0,488771.0,Approved
2454,0,Graduate,No,2972845.0,6360000.0,18,498,19276934.0,0.0,1647276.0,5266600.0,Approved
2455,1,Graduate,No,1551680.0,3780000.0,12,765,11382033.0,0.0,1013471.0,2239143.0,Approved
2456,1,Not Graduate,No,1509655.0,1810000.0,48,629,3570346.0,0.0,1006733.0,813207.0,Approved
2457,2,Not Graduate,No,1101493.0,1620000.0,24,483,8077792.0,0.0,428558.0,1421777.0,Approved
2458,0,Not Graduate,Yes,634358.0,500000.0,60,631,570574.0,759304.0,420902.0,270323.0,Approved
2459,0,Graduate,No,994018.0,1560000.0,12,682,2342997.0,0.0,1162694.0,648978.0,Approved
2460,2,Graduate,Yes,1192866.0,790000.0,12,610,5838104.0,2271874.0,959003.0,721169.0,Approved
2461,2,Graduate,No,1282322.0,960000.0,24,564,3931143.0,0.0,1133129.0,1209854.0,Approved
2462,0,Not Graduate,Yes,1612360.0,3910000.0,18,663,11594840.0,1819654.0,94348.0,600909.0,Approved
2463,2,Graduate,Yes,884306.0,550000.0,12,826,3881231.0,30190.0,848243.0,413434.0,Approved
2464,1,Not Graduate,Yes,513697.0,250000.0,48,561,1627119.0,1229754.0,545398.0,702124.0,Approved
2465,4,Not Graduate,No,691262.0,280000.0,12,698,3966031.0,0.0,803184.0,814966.0,Approved
2466,1,Graduate,Yes,1165211.0,2740000.0,24,511,3811578.0,2969267.0,317780.0,1386351.0,Approved
2467,2,Graduate,Yes,480000.0,190000.0,48,735,855401.0,1686270.0,461723.0,451190.0,Approved
2468,0,Not Graduate,No,2084159.0,5120000.0,12,516,16065954.0,0.0,1918886.0,1661002.0,Rejected
2469,1,Graduate,Yes,1291384.0,3840000.0,12,658,4170031.0,2632726.0,1097940.0,2464691.0,Approved
2470,0,Not Graduate,No,2361711.0,3910000.0,12,642,2483640.0,0.0,2775612.0,2451006.0,Approved
2471,1,Not Graduate,No,925332.0,790000.0,12,489,4096361.0,0.0,1165868.0,787332.0,Rejected
2472,1,Graduate,No,714903.0,900000.0,18,617,710203.0,0.0,331832.0,103510.0,Approved
2473,2,Graduate,No,817978.0,760000.0,18,518,2528920.0,0.0,871124.0,1411849.0,Approved
2474,1,Graduate,No,541425.0,240000.0,18,499,1514222.0,0.0,362731.0,273272.0,Approved
2475,4,Graduate,No,2185340.0,5000000.0,12,528,5690981.0,0.0,408372.0,3705955.0,Approved
2476,1,Graduate,No,781132.0,320000.0,36,719,2990108.0,0.0,357979.0,671009.0,Approved
2477,0,Not Graduate,Yes,518288.0,1410000.0,18,622,473869.0,382757.0,381717.0,234481.0,Approved
2478,1,Graduate,No,480000.0,1240000.0,12,593,1181780.0,0.0,211757.0,244494.0,Rejected
2479,1,Not Graduate,No,2629013.0,6200000.0,24,695,2252220.0,0.0,1982769.0,382080.0,Rejected
2480,3,Not Graduate,No,1076261.0,2370000.0,36,642,7081280.0,0.0,648880.0,1358012.0,Rejected
2481,0,Not Graduate,No,1415591.0,4130000.0,12,631,1476208.0,0.0,1687311.0,1872234.0,Approved
2482,1,Graduate,No,704554.0,580000.0,24,437,1831043.0,0.0,390109.0,898424.0,Approved
2483,1,Not Graduate,No,1071021.0,3310000.0,24,675,753977.0,0.0,285294.0,765710.0,Approved
2484,0,Not Graduate,No,838093.0,2110000.0,36,795,6318344.0,0.0,1176979.0,1497776.0,Approved
2485,3,Graduate,Yes,1180110.0,2270000.0,60,669,7399427.0,3391882.0,899220.0,1522063.0,Approved
2486,1,Not Graduate,No,1130112.0,560000.0,24,797,7034035.0,0.0,1356818.0,2137139.0,Approved
2487,2,Graduate,No,971763.0,1300000.0,12,395,4108306.0,0.0,904486.0,1207568.0,Rejected
2488,2,Not Graduate,Yes,1343161.0,1020000.0,18,557,7816045.0,3273914.0,495458.0,1688413.0,Approved
2489,0,Graduate,No,961101.0,2300000.0,24,499,750895.0,0.0,545242.0,1236284.0,Rejected
2490,2,Not Graduate,No,493381.0,700000.0,12,708,1223323.0,0.0,64397.0,188719.0,Approved
2491,4,Graduate,No,480000.0,1170000.0,12,502,3712014.0,0.0,108154.0,881932.0,Rejected
2492,1,Graduate,No,1466183.0,3660000.0,24,605,8380503.0,0.0,970848.0,2129741.0,Approved
2493,2,Graduate,Yes,2154236.0,3760000.0,12,683,12858809.0,6242963.0,561093.0,2760279.0,Approved
2494,0,Graduate,Yes,1537512.0,2400000.0,6,775,2337180.0,4827865.0,1798853.0,1972186.0,Approved
2495,0,Graduate,Yes,1893235.0,4730000.0,6,599,8189413.0,464209.0,2144186.0,1596548.0,Approved
2496,0,Not Graduate,No,706543.0,1060000.0,12,536,2059049.0,0.0,1027675.0,661995.0,Approved
2497,4,Not Graduate,No,1198892.0,1920000.0,12,713,4246650.0,0.0,289092.0,1233983.0,Approved
2498,0,Not Graduate,No,991994.0,2500000.0,48,638,1673949.0,0.0,294411.0,582518.0,Approved
2499,1,Not Graduate,No,1986017.0,5810000.0,60,618,2659386.0,0.0,376426.0,1523427.0,Rejected
2500,2,Graduate,No,2358390.0,920000.0,24,694,12235787.0,0.0,1566890.0,384234.0,Rejected
2501,1,Graduate,No,1405789.0,2390000.0,48,551,7699041.0,0.0,1422024.0,719835.0,Approved
2502,0,Graduate,Yes,1232807.0,940000.0,36,466,3855173.0,4776866.0,73737.0,1775784.0,Approved
2503,2,Graduate,No,488924.0,1330000.0,12,716,1689589.0,0.0,524433.0,560812.0,Approved
2504,1,Graduate,No,575879.0,1690000.0,36,455,2175132.0,0.0,726310.0,777460.0,Rejected
2505,2,Not Graduate,Yes,1042481.0,1600000.0,18,762,3953776.0,3637392.0,290004.0,1498246.0,Approved
2506,3,Graduate,Yes,1298587.0,3340000.0,36,754,9685980.0,4370069.0,887023.0,1400132.0,Approved
2507,2,Graduate,No,1262330.0,2190000.0,18,657,6845931.0,0.0,629333.0,1831088.0,Approved
2508,3,Graduate,No,2038167.0,4140000.0,18,530,4468386.0,0.0,2861344.0,948526.0,Rejected
2509,2,Not Graduate,No,971477.0,560000.0,18,661,688568.0,0.0,578788.0,399600.0,Approved
2510,0,Graduate,No,1565141.0,2900000.0,48,611,9287351.0,0.0,704424.0,1806872.0,Approved
2511,2,Not Graduate,Yes,2024602.0,3600000.0,60,642,8685340.0,270624.0,863992.0,2846618.0,Approved
2512,2,Not Graduate,Yes,1529386.0,1140000.0,18,448,4939847.0,56114.0,1417876.0,556002.0,Approved
2513,2,Not Graduate,Yes,1524374.0,970000.0,12,640,10616861.0,2479370.0,248054.0,1171229.0,Approved
2514,1,Not Graduate,No,1388825.0,640000.0,36,475,2020913.0,0.0,1346893.0,1880910.0,Rejected
2515,1,Graduate,Yes,1098578.0,1900000.0,36,524,8003466.0,3857778.0,1090947.0,279839.0,Approved
2516,2,Graduate,No,533359.0,920000.0,36,619,2847953.0,0.0,411569.0,363221.0,Approved
2517,1,Graduate,No,1004580.0,730000.0,36,610,1370820.0,0.0,1158843.0,1244623.0,Approved
2518,2,Not Graduate,Yes,1123890.0,1330000.0,48,425,1587415.0,2783727.0,767717.0,2067247.0,Rejected
2519,2,Not Graduate,No,926113.0,1920000.0,18,562,1732919.0,0.0,1092473.0,663588.0,Approved
2520,3,Not Graduate,No,785619.0,2040000.0,6,635,5378764.0,0.0,485876.0,393797.0,Approved
2521,2,Not Graduate,No,787355.0,1560000.0,18,658,3730292.0,0.0,996336.0,1437072.0,Approved
2522,0,Not Graduate,No,1625863.0,3880000.0,36,455,8371238.0,0.0,1396534.0,219984.0,Rejected
2523,0,Not Graduate,No,1352954.0,3200000.0,12,581,3999187.0,0.0,215085.0,1984685.0,Rejected
2524,4,Not Graduate,No,682700.0,1700000.0,6,683,626486.0,0.0,357833.0,475850.0,Approved
2525,0,Not Graduate,No,1093002.0,1010000.0,18,769,3872547.0,0.0,1622304.0,1023692.0,Approved
2526,0,Not Graduate,No,480000.0,330000.0,24,640,2281969.0,0.0,287247.0,948828.0,Approved
2527,0,Graduate,No,751001.0,1770000.0,36,638,4536228.0,0.0,1078521.0,848641.0,Approved
2528,3,Not Graduate,No,1855008.0,1460000.0,60,622,1372920.0,0.0,1126381.0,1666061.0,Approved
2529,1,Not Graduate,No,784232.0,320000.0,24,569,902534.0,0.0,590002.0,114410.0,Approved
2530,1,Not Graduate,No,500916.0,710000.0,12,415,2045606.0,0.0,312114.0,997360.0,Approved
2531,1,Not Graduate,Yes,1313878.0,1020000.0,48,679,9743514.0,4975625.0,1952101.0,243391.0,Approved
2532,1,Graduate,Yes,1087308.0,2570000.0,24,459,2724540.0,3636461.0,1023962.0,421007.0,Approved
2533,1,Not Graduate,Yes,1450423.0,2850000.0,12,722,5910540.0,4598849.0,834333.0,1631684.0,Approved
2534,2,Graduate,No,480000.0,950000.0,48,616,2925372.0,0.0,144462.0,764617.0,Approved
2535,2,Graduate,Yes,858248.0,1810000.0,24,772,5652297.0,783883.0,986313.0,481973.0,Approved
2536,0,Graduate,No,652488.0,610000.0,12,653,3550296.0,0.0,291079.0,988733.0,Approved
2537,1,Graduate,No,1407793.0,4020000.0,6,606,8437532.0,0.0,593714.0,749882.0,Approved
2538,1,Not Graduate,No,1390288.0,2540000.0,12,441,10082814.0,0.0,709424.0,892511.0,Rejected
2539,2,Graduate,Yes,824509.0,2470000.0,18,784,896128.0,884227.0,738288.0,152721.0,Approved
2540,0,Graduate,No,908058.0,1160000.0,24,594,6619366.0,0.0,225489.0,434721.0,Rejected
2541,0,Graduate,Yes,1716870.0,1510000.0,12,402,4059908.0,5134655.0,1216458.0,980922.0,Approved
2542,0,Graduate,No,1881590.0,3500000.0,12,495,2662943.0,0.0,114155.0,1909764.0,Rejected
2543,4,Not Graduate,No,1242660.0,3440000.0,6,703,5946937.0,0.0,1524541.0,1827658.0,Approved
2544,3,Graduate,No,1207083.0,2800000.0,12,634,730778.0,0.0,771371.0,141261.0,Rejected
2545,1,Graduate,Yes,480000.0,400000.0,24,582,2021142.0,1698544.0,64211.0,550722.0,Approved
2546,3,Not Graduate,No,839225.0,820000.0,18,692,3544071.0,0.0,1158875.0,1054637.0,Rejected
2547,3,Graduate,Yes,1155418.0,640000.0,24,593,4323456.0,8373.0,952823.0,1045125.0,Approved
2548,0,Not Graduate,No,1777422.0,5420000.0,6,581,8354599.0,0.0,225171.0,3030089.0,Approved
2549,2,Graduate,No,1549655.0,1430000.0,12,439,3906798.0,0.0,281827.0,3082666.0,Rejected
2550,0,Graduate,No,1038224.0,2540000.0,6,609,978693.0,0.0,785259.0,234075.0,Approved
2551,0,Not Graduate,No,1142636.0,1330000.0,36,641,8559126.0,0.0,753275.0,590694.0,Approved
2552,2,Not Graduate,No,1407438.0,740000.0,24,759,4622338.0,0.0,705491.0,1030632.0,Approved
2553,0,Not Graduate,Yes,883977.0,1500000.0,60,562,5687812.0,2791544.0,939332.0,945551.0,Rejected
2554,0,Not Graduate,No,2238615.0,1360000.0,18,579,15133761.0,0.0,2720860.0,597817.0,Rejected
2555,1,Not Graduate,No,1893613.0,4780000.0,24,639,9445418.0,0.0,1091466.0,2997154.0,Rejected
2556,4,Not Graduate,No,605802.0,1060000.0,36,651,2606219.0,0.0,583207.0,729060.0,Approved
2557,0,Not Graduate,No,1173743.0,2830000.0,36,809,2722459.0,0.0,763819.0,1043211.0,Rejected
2558,1,Graduate,No,480000.0,1370000.0,60,644,2706108.0,0.0,271079.0,775799.0,Approved
2559,0,Not Graduate,No,1828922.0,4740000.0,48,723,11278708.0,0.0,2546218.0,1771915.0,Approved
2560,0,Not Graduate,No,536921.0,1330000.0,36,441,2261407.0,0.0,642715.0,324171.0,Approved
2561,0,Graduate,No,812373.0,1230000.0,36,685,1012165.0,0.0,53982.0,1405447.0,Approved
2562,3,Not Graduate,Yes,772869.0,1020000.0,12,685,1893574.0,912862.0,710495.0,729503.0,Approved
2563,2,Graduate,No,4834312.0,12000000.0,48,653,31292350.0,0.0,6306172.0,8582373.0,Approved
2564,3,Not Graduate,Yes,632382.0,710000.0,12,669,3751087.0,725379.0,508045.0,1050892.0,Rejected
2565,3,Not Graduate,No,1458595.0,3960000.0,48,702,4554556.0,0.0,1569631.0,2603873.0,Approved
2566,3,Not Graduate,No,1028617.0,1800000.0,12,834,1285943.0,0.0,831594.0,1427018.0,Approved
2567,1,Graduate,Yes,1541145.0,740000.0,18,543,8135793.0,4610089.0,2307805.0,2966172.0,Approved
2568,3,Not Graduate,No,785197.0,780000.0,12,772,2109392.0,0.0,1079175.0,1101429.0,Approved
2569,0,Graduate,Yes,2275685.0,4100000.0,24,397,1837660.0,7418434.0,3316077.0,1860764.0,Approved
2570,2,Not Graduate,No,1986526.0,5400000.0,18,626,8662428.0,0.0,2129384.0,1724326.0,Approved
2571,0,Graduate,Yes,643498.0,1340000.0,12,502,5050034.0,588752.0,447680.0,138557.0,Rejected
2572,0,Graduate,No,954066.0,2620000.0,24,641,6210180.0,0.0,316585.0,758993.0,Approved
2573,2,Graduate,No,1279688.0,970000.0,12,900,2244351.0,0.0,1366481.0,2355024.0,Approved
2574,0,Graduate,No,1485327.0,4090000.0,24,684,3288563.0,0.0,1551541.0,2654504.0,Rejected
2575,0,Not Graduate,No,1094705.0,720000.0,18,574,6778202.0,0.0,1134264.0,820236.0,Approved
2576,1,Not Graduate,Yes,631262.0,410000.0,12,805,386807.0,1536811.0,50000.0,1059343.0,Approved
2577,1,Graduate,No,1017296.0,1580000.0,24,444,7383339.0,0.0,1454903.0,375864.0,Rejected
2578,0,Graduate,Yes,480000.0,1220000.0,48,672,3644223.0,348248.0,68644.0,65731.0,Approved
2579,1,Graduate,No,1295523.0,3350000.0,12,587,6149521.0,0.0,1044014.0,313173.0,Approved
2580,1,Not Graduate,No,2060723.0,2390000.0,48,796,14281724.0,0.0,1340913.0,683707.0,Approved
2581,0,Graduate,No,837210.0,2080000.0,12,701,1609765.0,0.0,831269.0,387477.0,Approved
2582,2,Not Graduate,Yes,2338499.0,1750000.0,24,666,12315790.0,2137255.0,272692.0,598938.0,Approved
2583,2,Not Graduate,No,866318.0,2290000.0,24,773,3290414.0,0.0,532727.0,95955.0,Approved
2584,0,Not Graduate,No,740296.0,1920000.0,12,591,3633241.0,0.0,784814.0,555957.0,Approved
2585,1,Not Graduate,No,687816.0,1210000.0,24,743,4363162.0,0.0,1007051.0,512004.0,Approved
2586,1,Graduate,No,1073614.0,1800000.0,24,499,3483697.0,0.0,313777.0,541151.0,Approved
2587,2,Graduate,Yes,1252269.0,1550000.0,60,605,4894541.0,592187.0,80950.0,1640559.0,Rejected
2588,2,Graduate,No,480000.0,1090000.0,60,564,3640490.0,0.0,337231.0,711748.0,Rejected
2589,0,Graduate,No,692244.0,770000.0,18,614,3002391.0,0.0,865391.0,312752.0,Approved
2590,4,Graduate,Yes,1443499.0,3830000.0,24,797,9915558.0,1532553.0,897957.0,2646609.0,Approved
2591,4,Graduate,No,700782.0,2100000.0,18,644,1442625.0,0.0,173403.0,1310434.0,Rejected
2592,0,Not Graduate,No,1932215.0,3230000.0,12,587,10248847.0,0.0,415352.0,821540.0,Approved
2593,1,Not Graduate,No,1029776.0,2710000.0,36,652,7689523.0,0.0,140126.0,1807877.0,Approved
2594,2,Graduate,No,1759682.0,1020000.0,6,453,9901274.0,0.0,494521.0,2095579.0,Rejected
2595,1,Graduate,No,2055161.0,4220000.0,48,525,8765955.0,0.0,2360437.0,2478919.0,Rejected
2596,1,Not Graduate,Yes,1658094.0,670000.0,36,652,7323337.0,745051.0,579526.0,544785.0,Approved
2597,3,Not Graduate,Yes,1787583.0,3010000.0,36,564,7787558.0,6372740.0,547902.0,3017834.0,Rejected
2598,0,Graduate,Yes,1968767.0,1570000.0,18,459,14551696.0,2633869.0,1092915.0,2846711.0,Rejected
2599,0,Graduate,No,1088557.0,2590000.0,48,721,933269.0,0.0,1556634.0,684099.0,Approved
2600,1,Not Graduate,No,1343477.0,1530000.0,18,441,6694546.0,0.0,1097645.0,1725114.0,Approved
2601,1,Not Graduate,No,2032485.0,1960000.0,24,750,6854325.0,0.0,147765.0,564236.0,Rejected
2602,0,Graduate,No,796358.0,2320000.0,6,493,4140549.0,0.0,513743.0,1132828.0,Approved
2603,0,Not Graduate,Yes,1044085.0,2800000.0,24,562,7265527.0,86753.0,317491.0,300178.0,Approved
2604,2,Not Graduate,No,1363036.0,1400000.0,36,579,2064240.0,0.0,1883597.0,680848.0,Approved
2605,1,Not Graduate,No,503378.0,540000.0,18,515,-32419.0,0.0,559735.0,140310.0,Rejected
2606,2,Not Graduate,Yes,1481987.0,3660000.0,12,438,1500509.0,2280993.0,1806868.0,2915278.0,Rejected
2607,2,Graduate,No,2072536.0,1560000.0,60,536,12268547.0,0.0,892629.0,1956376.0,Approved
2608,3,Not Graduate,Yes,802075.0,650000.0,24,643,5969768.0,2440972.0,771274.0,1193551.0,Approved
2609,2,Graduate,No,580944.0,240000.0,24,699,466435.0,0.0,563741.0,793588.0,Approved
2610,1,Not Graduate,No,480000.0,300000.0,12,610,1025380.0,0.0,177278.0,400992.0,Approved
2611,1,Not Graduate,No,946546.0,1580000.0,18,683,7302807.0,0.0,1181231.0,506517.0,Approved
2612,1,Graduate,Yes,1092471.0,2460000.0,6,484,2010707.0,1428759.0,1335077.0,850673.0,Approved
2613,0,Graduate,Yes,1414303.0,3070000.0,12,612,3364164.0,5079936.0,629290.0,2229355.0,Approved
2614,2,Not Graduate,No,1206710.0,2210000.0,36,527,1381055.0,0.0,439163.0,880654.0,Rejected
2615,0,Not Graduate,No,865234.0,710000.0,12,498,2921381.0,0.0,635704.0,296601.0,Rejected
2616,2,Not Graduate,Yes,3266283.0,8370000.0,24,670,7333126.0,4194240.0,529608.0,3326499.0,Approved
2617,2,Not Graduate,No,1361517.0,2280000.0,12,571,5796476.0,0.0,129772.0,1369199.0,Rejected
2618,1,Graduate,No,1450985.0,740000.0,6,476,9502078.0,0.0,1054293.0,2480669.0,Rejected
2619,0,Graduate,No,755330.0,1260000.0,60,578,5706416.0,0.0,340994.0,1230697.0,Approved
2620,2,Graduate,No,1490802.0,1330000.0,18,732,8027326.0,0.0,1706763.0,2417511.0,Approved
2621,4,Not Graduate,No,1026457.0,1680000.0,36,502,3119007.0,0.0,220157.0,667703.0,Rejected
2622,2,Not Graduate,No,765428.0,970000.0,6,714,4587664.0,0.0,1021975.0,1148807.0,Approved
2623,0,Graduate,No,1004337.0,2110000.0,12,557,4959296.0,0.0,333612.0,1589530.0,Approved
2624,2,Not Graduate,Yes,533270.0,910000.0,12,712,3242474.0,806372.0,105954.0,273535.0,Approved
2625,3,Not Graduate,No,1403164.0,1660000.0,24,785,10777121.0,0.0,657519.0,1404719.0,Approved
2626,0,Graduate,Yes,726285.0,1380000.0,12,683,1622399.0,1667107.0,824771.0,478091.0,Approved
2627,3,Not Graduate,No,549470.0,1420000.0,18,469,3432392.0,0.0,592353.0,849534.0,Rejected
2628,0,Not Graduate,No,1162660.0,2220000.0,36,693,8452894.0,0.0,1275726.0,1093935.0,Rejected
2629,0,Graduate,No,1814859.0,5180000.0,12,625,3023954.0,0.0,647777.0,1583766.0,Approved
2630,2,Not Graduate,No,1247441.0,1960000.0,24,525,9154523.0,0.0,1203601.0,447546.0,Rejected
2631,2,Not Graduate,No,694720.0,500000.0,12,855,3431397.0,0.0,263222.0,529938.0,Approved
2632,0,Not Graduate,No,1506852.0,2660000.0,48,557,5590303.0,0.0,1527275.0,203439.0,Approved
2633,2,Not Graduate,No,531403.0,570000.0,18,462,3471071.0,0.0,50000.0,114307.0,Rejected
2634,0,Graduate,No,563454.0,1320000.0,36,569,754098.0,0.0,116076.0,1024023.0,Approved
2635,1,Not Graduate,No,1097072.0,2030000.0,60,633,2940128.0,0.0,1443999.0,151780.0,Rejected
2636,0,Graduate,No,574325.0,1080000.0,48,363,2568316.0,0.0,645076.0,253063.0,Rejected
2637,2,Not Graduate,Yes,744696.0,550000.0,48,683,5759570.0,1717498.0,108596.0,346161.0,Approved
2638,0,Graduate,Yes,885908.0,1290000.0,18,695,3315391.0,194137.0,1110775.0,108804.0,Approved
2639,1,Not Graduate,No,1444872.0,2410000.0,12,800,9931849.0,0.0,1649483.0,1063360.0,Approved
2640,2,Not Graduate,No,1037071.0,460000.0,6,734,3456321.0,0.0,1542220.0,1182372.0,Approved
2641,2,Not Graduate,Yes,996678.0,1690000.0,48,743,646696.0,3224707.0,1019632.0,1544478.0,Approved
2642,2,Not Graduate,No,1289353.0,2340000.0,12,506,4176443.0,0.0,1589647.0,1149554.0,Approved
2643,3,Graduate,No,1252450.0,540000.0,24,818,9834220.0,0.0,1826424.0,2192781.0,Approved
2644,1,Graduate,No,543788.0,1600000.0,12,771,2217855.0,0.0,74142.0,907836.0,Rejected
2645,2,Graduate,No,1368003.0,3500000.0,12,583,7121169.0,0.0,1676403.0,1454440.0,Approved
2646,1,Graduate,Yes,1589768.0,2470000.0,18,696,6834903.0,4966642.0,476829.0,915429.0,Approved
2647,2,Not Graduate,No,487488.0,1100000.0,18,470,1161357.0,0.0,483977.0,259806.0,Approved
2648,0,Graduate,No,1734572.0,2150000.0,12,824,10826092.0,0.0,1709304.0,710016.0,Approved
2649,0,Graduate,No,480000.0,960000.0,18,458,638620.0,0.0,373997.0,554101.0,Approved
2650,1,Graduate,No,619161.0,290000.0,48,630,3928258.0,0.0,71544.0,672566.0,Approved
2651,1,Graduate,No,2415413.0,3650000.0,18,764,4057186.0,0.0,1247693.0,661791.0,Approved
2652,2,Not Graduate,Yes,798576.0,460000.0,12,639,2036441.0,2460270.0,814088.0,329789.0,Approved
2653,2,Graduate,No,933520.0,350000.0,36,536,5605109.0,0.0,1328440.0,1866780.0,Approved
2654,1,Not Graduate,No,2398205.0,1650000.0,36,670,18099093.0,0.0,1817948.0,1489554.0,Approved
2655,1,Not Graduate,No,837915.0,270000.0,12,510,1662862.0,0.0,1163861.0,1650783.0,Approved
2656,2,Not Graduate,No,1080168.0,2900000.0,12,719,4425308.0,0.0,71258.0,1782828.0,Approved
2657,0,Not Graduate,No,1730733.0,3330000.0,12,652,11243281.0,0.0,1911662.0,926863.0,Approved
2658,2,Graduate,No,580997.0,1090000.0,60,497,2842663.0,0.0,737646.0,1088728.0,Approved
2659,1,Not Graduate,No,994913.0,2440000.0,48,657,5795018.0,0.0,319614.0,1835908.0,Approved
2660,2,Not Graduate,No,2055834.0,1550000.0,12,731,10152558.0,0.0,1503314.0,1978020.0,Approved
2661,2,Not Graduate,No,1578930.0,590000.0,18,408,9375649.0,0.0,537582.0,1961074.0,Rejected
2662,2,Graduate,No,664083.0,410000.0,48,468,1278238.0,0.0,958774.0,993939.0,Rejected
2663,0,Not Graduate,No,1580411.0,3410000.0,36,491,5813677.0,0.0,1151618.0,1093969.0,Rejected
2664,1,Not Graduate,No,555375.0,1230000.0,24,599,310134.0,0.0,261014.0,291735.0,Rejected
2665,2,Not Graduate,No,825720.0,1820000.0,60,650,5864337.0,0.0,1067411.0,1078856.0,Rejected
2666,0,Not Graduate,No,480000.0,640000.0,18,718,964477.0,0.0,102449.0,885048.0,Approved
2667,1,Not Graduate,Yes,1143408.0,460000.0,12,585,3191082.0,407592.0,273808.0,800465.0,Approved
2668,2,Graduate,No,556195.0,180000.0,60,498,689373.0,0.0,648952.0,735617.0,Approved
2669,0,Not Graduate,No,766326.0,1510000.0,60,900,4109391.0,0.0,51430.0,765228.0,Approved
2670,2,Graduate,No,1475234.0,2700000.0,18,538,8081091.0,0.0,569915.0,892202.0,Approved
2671,1,Not Graduate,Yes,890798.0,2040000.0,60,710,5151305.0,3405754.0,912371.0,1749595.0,Approved
2672,0,Not Graduate,No,561932.0,1000000.0,12,619,944767.0,0.0,280103.0,440338.0,Approved
2673,3,Not Graduate,No,2831773.0,1230000.0,36,540,5253790.0,0.0,3747358.0,3467454.0,Approved
2674,2,Graduate,Yes,2065978.0,930000.0,48,695,14236123.0,561569.0,957654.0,2575529.0,Approved
2675,4,Graduate,No,669247.0,1390000.0,12,478,1642276.0,0.0,799735.0,945253.0,Approved
2676,2,Not Graduate,Yes,480000.0,480000.0,48,443,3067357.0,807914.0,169152.0,354328.0,Approved
2677,0,Graduate,No,1674403.0,3470000.0,12,639,3198834.0,0.0,919637.0,1424153.0,Approved
2678,1,Graduate,No,2289055.0,1910000.0,24,498,5748463.0,0.0,469542.0,2858774.0,Approved
2679,0,Graduate,No,1177471.0,2510000.0,24,515,6311251.0,0.0,1154849.0,2349470.0,Rejected
2680,1,Graduate,No,1749078.0,2410000.0,18,750,13411091.0,0.0,138496.0,2970419.0,Approved
2681,2,Graduate,Yes,1621856.0,2030000.0,24,712,10584447.0,6269666.0,2432452.0,657986.0,Approved
2682,3,Not Graduate,No,551032.0,520000.0,24,540,3967046.0,0.0,204078.0,407633.0,Approved
2683,0,Graduate,No,2713213.0,4020000.0,60,568,5288839.0,0.0,3693821.0,4014596.0,Approved
2684,2,Not Graduate,No,1525961.0,3540000.0,24,692,7151100.0,0.0,1994434.0,1480085.0,Approved
2685,3,Not Graduate,No,597180.0,1320000.0,18,603,4429672.0,0.0,173995.0,884694.0,Approved
2686,2,Graduate,No,1311170.0,3760000.0,12,539,4583938.0,0.0,360289.0,1203498.0,Approved
2687,3,Graduate,No,480000.0,240000.0,36,419,2260214.0,0.0,698024.0,272699.0,Approved
2688,0,Graduate,No,1183042.0,2740000.0,24,640,8726598.0,0.0,355267.0,1869587.0,Rejected
2689,0,Not Graduate,No,2567233.0,3820000.0,18,644,15752406.0,0.0,2607655.0,1167895.0,Approved
2690,0,Graduate,No,755719.0,790000.0,6,782,828179.0,0.0,794824.0,847426.0,Approved
2691,2,Not Graduate,No,480000.0,710000.0,24,570,773131.0,0.0,138831.0,294909.0,Rejected
2692,2,Graduate,Yes,1582831.0,2360000.0,6,475,12533328.0,5416755.0,91989.0,2854056.0,Rejected
2693,3,Graduate,No,480000.0,880000.0,12,508,3313228.0,0.0,240209.0,160495.0,Approved
2694,0,Not Graduate,No,1087927.0,1280000.0,36,570,7612059.0,0.0,1482960.0,1958665.0,Approved
2695,0,Not Graduate,No,835789.0,1370000.0,36,622,4944743.0,0.0,1068103.0,159638.0,Approved
2696,1,Not Graduate,No,1029434.0,1690000.0,18,709,8114648.0,0.0,1014554.0,1774502.0,Approved
2697,2,Graduate,No,996247.0,2110000.0,60,624,2195042.0,0.0,912860.0,959749.0,Rejected
2698,1,Not Graduate,No,693216.0,2090000.0,36,543,2510002.0,0.0,759423.0,733659.0,Rejected
2699,3,Graduate,Yes,596453.0,1290000.0,12,558,4646550.0,199711.0,615035.0,608401.0,Approved
2700,1,Not Graduate,No,1157363.0,1350000.0,48,675,1302508.0,0.0,828821.0,1131259.0,Approved
2701,1,Graduate,No,1877957.0,4940000.0,18,553,11532386.0,0.0,1329186.0,1521261.0,Approved
2702,0,Graduate,No,1021048.0,580000.0,24,691,4715853.0,0.0,864283.0,929821.0,Approved
2703,1,Graduate,Yes,879306.0,600000.0,18,813,6827684.0,1277494.0,310588.0,735340.0,Approved
2704,4,Not Graduate,No,872194.0,2110000.0,6,658,3124706.0,0.0,384409.0,252457.0,Approved
2705,2,Not Graduate,No,480000.0,530000.0,12,537,1862540.0,0.0,83059.0,146048.0,Approved
2706,2,Not Graduate,No,1156534.0,2520000.0,6,462,2974960.0,0.0,1283296.0,985868.0,Rejected
2707,3,Not Graduate,Yes,649898.0,1380000.0,12,598,1136741.0,332997.0,876606.0,1256787.0,Approved
2708,4,Graduate,No,497763.0,340000.0,18,511,2568591.0,0.0,730060.0,427205.0,Approved
2709,0,Graduate,Yes,1226875.0,830000.0,24,473,7237885.0,3117852.0,904052.0,636194.0,Rejected
2710,4,Graduate,No,1212415.0,2550000.0,18,578,5114628.0,0.0,1228288.0,503826.0,Approved
2711,1,Graduate,Yes,1566189.0,3940000.0,36,787,4415726.0,5775589.0,790425.0,512340.0,Rejected
2712,1,Graduate,No,1246591.0,1550000.0,24,522,6111862.0,0.0,1775716.0,1743185.0,Rejected
2713,1,Graduate,Yes,2115164.0,5730000.0,24,572,2762871.0,4578652.0,2133719.0,1270004.0,Rejected
2714,2,Not Graduate,No,1730355.0,3990000.0,36,606,4892059.0,0.0,833568.0,567582.0,Approved
2715,4,Not Graduate,No,742994.0,830000.0,36,610,2034693.0,0.0,115771.0,540395.0,Approved
2716,1,Not Graduate,Yes,2620044.0,4960000.0,36,716,20667237.0,6416341.0,2737182.0,1146701.0,Approved
2717,1,Graduate,No,1007892.0,2140000.0,12,590,7606189.0,0.0,680712.0,557837.0,Rejected
2718,0,Not Graduate,No,4004830.0,8410000.0,36,853,2756524.0,0.0,2363064.0,7461443.0,Approved
2719,1,Not Graduate,Yes,1350297.0,1120000.0,24,626,1566354.0,3325337.0,1007029.0,2655053.0,Approved
2720,1,Graduate,No,1552758.0,3220000.0,24,423,9658725.0,0.0,845205.0,256574.0,Rejected
2721,2,Not Graduate,No,1969057.0,5210000.0,36,555,5770336.0,0.0,845039.0,3004605.0,Rejected
2722,2,Graduate,No,1593568.0,2850000.0,12,528,8966500.0,0.0,82796.0,2829583.0,Approved
2723,4,Graduate,No,1112141.0,1580000.0,18,812,3513259.0,0.0,1308940.0,1862026.0,Approved
2724,3,Not Graduate,No,1255991.0,1320000.0,12,650,-125711.0,0.0,176927.0,1010909.0,Approved
2725,2,Graduate,No,1197046.0,2230000.0,18,418,2868963.0,0.0,1585965.0,255831.0,Rejected
2726,1,Not Graduate,Yes,661409.0,550000.0,36,633,3601280.0,554225.0,408396.0,489990.0,Approved
2727,1,Not Graduate,No,670508.0,1350000.0,48,780,3527678.0,0.0,229632.0,862397.0,Approved
2728,3,Not Graduate,No,1915865.0,1670000.0,24,722,13679964.0,0.0,2850186.0,3258811.0,Approved
2729,0,Not Graduate,No,939119.0,730000.0,12,492,4580742.0,0.0,489387.0,116299.0,Rejected
2730,3,Graduate,No,589681.0,720000.0,12,620,1636286.0,0.0,762419.0,277545.0,Approved
2731,3,Graduate,Yes,884177.0,1100000.0,12,657,5321028.0,703648.0,870143.0,1027682.0,Approved
2732,1,Not Graduate,No,1476189.0,2690000.0,12,735,11320184.0,0.0,507217.0,1596590.0,Approved
2733,1,Graduate,No,1021202.0,1220000.0,48,585,3102071.0,0.0,887733.0,948638.0,Rejected
2734,2,Not Graduate,No,480000.0,810000.0,6,641,2554370.0,0.0,195631.0,267247.0,Approved
2735,2,Not Graduate,Yes,480000.0,300000.0,18,566,3018900.0,59182.0,443636.0,339922.0,Approved
2736,4,Not Graduate,Yes,1673709.0,2480000.0,6,600,6884024.0,5327546.0,447299.0,3195046.0,Rejected
2737,2,Graduate,No,843289.0,610000.0,18,564,1913006.0,0.0,501734.0,815331.0,Approved
2738,2,Graduate,No,480000.0,620000.0,6,677,3503429.0,0.0,187886.0,770794.0,Approved
2739,2,Not Graduate,No,1645499.0,3160000.0,6,608,1088380.0,0.0,1562559.0,619544.0,Approved
2740,2,Not Graduate,No,1254873.0,3570000.0,6,715,5705086.0,0.0,922910.0,543904.0,Approved
2741,1,Graduate,No,874286.0,410000.0,24,411,4182817.0,0.0,967902.0,799971.0,Approved
2742,2,Not Graduate,No,1988271.0,2660000.0,18,760,1397179.0,0.0,1349036.0,2734259.0,Approved
2743,4,Not Graduate,No,1352680.0,1690000.0,6,714,6960296.0,0.0,518905.0,1849052.0,Approved
2744,0,Not Graduate,No,480000.0,980000.0,12,656,870136.0,0.0,466460.0,635109.0,Approved
2745,1,Not Graduate,No,480000.0,1100000.0,18,869,2360812.0,0.0,599297.0,383573.0,Approved
2746,2,Not Graduate,Yes,2474009.0,5180000.0,6,690,2213453.0,2111127.0,2129160.0,615343.0,Approved
2747,1,Not Graduate,No,753283.0,580000.0,24,676,4167149.0,0.0,1126246.0,904876.0,Approved
2748,2,Not Graduate,No,666379.0,740000.0,24,663,4302175.0,0.0,768192.0,381187.0,Approved
2749,0,Graduate,No,655684.0,1090000.0,18,597,3675956.0,0.0,896021.0,439843.0,Rejected
2750,2,Not Graduate,No,1180746.0,2330000.0,18,637,9280076.0,0.0,1531576.0,437160.0,Approved
2751,0,Not Graduate,No,1014913.0,1420000.0,60,736,2418599.0,0.0,741091.0,565803.0,Approved
2752,2,Not Graduate,No,508513.0,550000.0,36,505,2170388.0,0.0,633243.0,672293.0,Approved
2753,2,Graduate,No,561819.0,540000.0,36,598,2153067.0,0.0,340310.0,383702.0,Approved
2754,4,Graduate,Yes,3531338.0,6960000.0,6,799,17182718.0,591591.0,2906799.0,2077982.0,Rejected
2755,1,Graduate,Yes,843748.0,1060000.0,36,538,3006087.0,718520.0,488034.0,1456266.0,Approved
2756,0,Graduate,Yes,659701.0,590000.0,36,495,1744237.0,1317934.0,505179.0,472805.0,Approved
2757,3,Not Graduate,Yes,986726.0,530000.0,24,449,4097830.0,1947862.0,386817.0,327561.0,Rejected
2758,2,Not Graduate,No,1290664.0,1010000.0,12,618,8035469.0,0.0,1841822.0,594271.0,Approved
2759,2,Graduate,No,3453842.0,1280000.0,24,619,2615111.0,0.0,2338574.0,4898479.0,Approved
2760,2,Not Graduate,No,984688.0,2930000.0,12,773,2138064.0,0.0,1469288.0,767132.0,Approved
2761,0,Graduate,No,730048.0,930000.0,36,604,2844550.0,0.0,316990.0,356922.0,Approved
2762,0,Graduate,Yes,1313229.0,2630000.0,36,725,10491329.0,2643038.0,463551.0,1840951.0,Approved
2763,2,Graduate,No,1948559.0,4250000.0,24,547,15341910.0,0.0,2157491.0,2538064.0,Approved
2764,1,Not Graduate,Yes,1237430.0,690000.0,18,562,6964943.0,2138227.0,911613.0,1982896.0,Approved
2765,3,Graduate,No,480000.0,1400000.0,60,710,3192821.0,0.0,322546.0,126851.0,Approved
2766,3,Graduate,No,3048151.0,1380000.0,24,582,11246004.0,0.0,3404198.0,1215072.0,Approved
2767,0,Graduate,No,1066633.0,520000.0,6,689,3403767.0,0.0,726427.0,456839.0,Approved
2768,1,Not Graduate,No,1854993.0,3350000.0,24,432,4100284.0,0.0,1429099.0,543029.0,Approved
2769,1,Not Graduate,Yes,775315.0,640000.0,24,691,4209105.0,2421276.0,880479.0,84392.0,Approved
2770,0,Graduate,Yes,3108485.0,3560000.0,36,613,16709291.0,12051620.0,1999251.0,2010107.0,Approved
2771,2,Graduate,No,973084.0,600000.0,18,527,4161517.0,0.0,336105.0,1748486.0,Approved
2772,0,Graduate,No,480000.0,180000.0,6,588,2384885.0,0.0,323982.0,503641.0,Rejected
2773,1,Not Graduate,No,908667.0,920000.0,48,491,6762399.0,0.0,62075.0,1310955.0,Rejected
2774,0,Graduate,Yes,480000.0,220000.0,12,834,2496508.0,202455.0,634909.0,188762.0,Approved
2775,4,Not Graduate,No,924562.0,1440000.0,18,685,3907829.0,0.0,1174242.0,1249310.0,Approved
2776,2,Graduate,No,1076795.0,790000.0,6,589,7076959.0,0.0,731597.0,1484215.0,Rejected
2777,0,Graduate,No,823190.0,1400000.0,6,723,1169870.0,0.0,135123.0,273903.0,Approved
2778,3,Graduate,No,1488990.0,3520000.0,24,612,8055145.0,0.0,1801233.0,2487132.0,Approved
2779,2,Graduate,Yes,598263.0,770000.0,18,378,1882389.0,1185451.0,293805.0,341352.0,Rejected
2780,0,Graduate,No,756080.0,1140000.0,18,492,4553142.0,0.0,1017254.0,400051.0,Approved
2781,3,Graduate,No,2265649.0,3230000.0,18,651,1316301.0,0.0,2123486.0,1678617.0,Approved
2782,3,Graduate,No,1599904.0,1090000.0,36,695,3387506.0,0.0,2357397.0,1527571.0,Approved
2783,2,Graduate,No,480000.0,1170000.0,18,545,2041569.0,0.0,517212.0,370183.0,Approved
2784,0,Not Graduate,No,1085055.0,750000.0,18,519,6866622.0,0.0,911008.0,1147763.0,Approved
2785,1,Graduate,No,906893.0,1950000.0,12,456,864129.0,0.0,85150.0,896773.0,Approved
2786,0,Graduate,Yes,1048930.0,530000.0,6,469,1713740.0,2902245.0,1143630.0,1699911.0,Rejected
2787,0,Not Graduate,Yes,2678621.0,2870000.0,36,410,2359903.0,3667404.0,2974727.0,4035474.0,Approved
2788,2,Graduate,Yes,1730398.0,1580000.0,18,332,3208527.0,822208.0,2516238.0,1179081.0,Approved
2789,2,Not Graduate,No,480000.0,1160000.0,18,579,270508.0,0.0,68427.0,639171.0,Approved
2790,1,Not Graduate,Yes,1163967.0,650000.0,24,789,2460387.0,2562824.0,75108.0,147842.0,Rejected
2791,0,Graduate,Yes,896933.0,2250000.0,12,611,3757384.0,2231340.0,1131880.0,1336739.0,Approved
2792,0,Not Graduate,No,993669.0,1500000.0,12,575,5253333.0,0.0,1121846.0,1416248.0,Approved
2793,1,Graduate,No,1090246.0,1110000.0,36,744,1643735.0,0.0,1571880.0,2032645.0,Approved
2794,2,Graduate,Yes,718397.0,390000.0,24,708,4899416.0,481592.0,321088.0,168517.0,Approved
2795,2,Not Graduate,No,994375.0,1910000.0,12,836,1418583.0,0.0,389893.0,1879720.0,Approved
2796,1,Graduate,No,1757707.0,960000.0,48,816,9441332.0,0.0,2164069.0,1266933.0,Approved
2797,2,Graduate,No,497052.0,450000.0,12,543,2970615.0,0.0,604697.0,706458.0,Rejected
2798,1,Graduate,No,1733850.0,1250000.0,12,458,9574978.0,0.0,135449.0,3157024.0,Approved
2799,3,Not Graduate,Yes,611400.0,810000.0,18,651,2204392.0,1201256.0,50000.0,607566.0,Approved
2800,0,Not Graduate,No,724567.0,590000.0,36,402,1750249.0,0.0,717892.0,846782.0,Approved
2801,0,Graduate,Yes,2419796.0,5790000.0,12,678,8737978.0,8264710.0,1924898.0,2897603.0,Approved
2802,1,Graduate,Yes,1417415.0,3070000.0,12,597,7279366.0,2070478.0,1234662.0,1765975.0,Rejected
2803,0,Not Graduate,No,538560.0,1240000.0,18,346,2410441.0,0.0,101478.0,954233.0,Rejected
2804,0,Not Graduate,No,811674.0,630000.0,12,559,6134964.0,0.0,543997.0,783134.0,Rejected
2805,0,Not Graduate,No,2089952.0,5000000.0,36,635,2716896.0,0.0,325346.0,2833318.0,Rejected
2806,0,Graduate,No,995616.0,1520000.0,24,357,5632328.0,0.0,1040689.0,1235174.0,Rejected
2807,1,Graduate,Yes,1193903.0,440000.0,36,664,1328274.0,836703.0,825471.0,1313392.0,Approved
2808,1,Graduate,Yes,1505990.0,4320000.0,48,606,8530300.0,5314550.0,1195905.0,2654315.0,Approved
2809,2,Not Graduate,No,2316152.0,4360000.0,24,828,2305446.0,0.0,153664.0,2208547.0,Approved
2810,1,Not Graduate,Yes,795192.0,1740000.0,18,696,4607924.0,1316731.0,878862.0,125500.0,Approved
2811,2,Not Graduate,No,3251739.0,3400000.0,36,781,21120396.0,0.0,2213164.0,1644785.0,Approved
2812,1,Not Graduate,No,1199289.0,760000.0,12,656,3330422.0,0.0,1709473.0,214176.0,Approved
2813,2,Not Graduate,No,2130935.0,2900000.0,12,690,9718859.0,0.0,2250914.0,3565074.0,Approved
2814,2,Graduate,No,483718.0,1210000.0,6,476,643503.0,0.0,630290.0,273093.0,Rejected
2815,1,Graduate,No,586714.0,540000.0,36,722,3826504.0,0.0,178899.0,598854.0,Approved
2816,3,Graduate,Yes,1208442.0,1570000.0,12,531,6017681.0,1586610.0,1503740.0,1721550.0,Approved
2817,1,Graduate,No,1378131.0,3060000.0,36,614,1611398.0,0.0,1391623.0,2071189.0,Approved
2818,4,Graduate,Yes,785151.0,780000.0,6,769,4559025.0,2037410.0,922900.0,1188802.0,Approved
2819,1,Graduate,Yes,782208.0,1100000.0,48,807,591055.0,1549854.0,516982.0,1225477.0,Approved
2820,1,Not Graduate,No,480000.0,560000.0,24,561,3634689.0,0.0,603261.0,493066.0,Approved
2821,2,Graduate,Yes,690135.0,1170000.0,36,596,1623901.0,2252281.0,793058.0,132256.0,Approved
2822,2,Not Graduate,No,1144681.0,1480000.0,48,861,1977491.0,0.0,742195.0,1768876.0,Approved
2823,3,Graduate,No,960008.0,1680000.0,6,649,3085834.0,0.0,1396569.0,955049.0,Approved
2824,3,Graduate,No,568914.0,550000.0,12,625,736917.0,0.0,213027.0,876849.0,Approved
2825,0,Graduate,No,1596859.0,3760000.0,36,555,3270179.0,0.0,572079.0,333925.0,Approved
2826,1,Not Graduate,No,1408068.0,2800000.0,48,739,7350545.0,0.0,771417.0,205292.0,Rejected
2827,1,Graduate,No,1197568.0,1260000.0,48,647,1509263.0,0.0,250654.0,2072769.0,Approved
2828,1,Graduate,Yes,2062648.0,1200000.0,48,601,1265985.0,2261142.0,409611.0,314710.0,Approved
2829,3,Graduate,No,1898260.0,2970000.0,48,586,-88140.0,0.0,459870.0,3592667.0,Approved
2830,0,Graduate,Yes,713695.0,1700000.0,12,786,4037668.0,2278445.0,456646.0,355939.0,Approved
2831,2,Graduate,No,480000.0,1350000.0,48,597,3099413.0,0.0,231867.0,525289.0,Approved
2832,2,Not Graduate,No,2592095.0,6590000.0,18,641,8146659.0,0.0,1303286.0,2645701.0,Approved
2833,0,Not Graduate,No,1482699.0,2090000.0,24,579,7525588.0,0.0,1108393.0,608274.0,Approved
2834,1,Not Graduate,No,1487876.0,650000.0,36,609,3655477.0,0.0,2104499.0,1371521.0,Rejected
2835,3,Not Graduate,No,636791.0,1420000.0,18,678,3295972.0,0.0,285321.0,580208.0,Approved
2836,4,Graduate,No,1308980.0,2380000.0,18,591,4182726.0,0.0,345419.0,1502642.0,Approved
2837,2,Not Graduate,No,1482224.0,3490000.0,36,688,11698104.0,0.0,1812266.0,1796893.0,Approved
2838,2,Graduate,Yes,923395.0,2000000.0,48,681,6567162.0,2520435.0,602236.0,198553.0,Rejected
2839,1,Not Graduate,No,930458.0,1160000.0,12,663,2707046.0,0.0,629029.0,1681967.0,Approved
2840,1,Graduate,No,1214095.0,2430000.0,12,688,3821209.0,0.0,794193.0,1417709.0,Approved
2841,0,Graduate,No,1048735.0,2310000.0,6,735,-98208.0,0.0,436795.0,1991796.0,Approved
2842,0,Graduate,Yes,824670.0,1750000.0,24,666,1039016.0,2972955.0,1008629.0,1170693.0,Approved
2843,0,Not Graduate,Yes,867775.0,870000.0,48,509,4958172.0,1268270.0,712478.0,248203.0,Rejected
2844,2,Not Graduate,No,1725848.0,2490000.0,36,613,7213311.0,0.0,2397963.0,2708576.0,Rejected
2845,1,Graduate,No,875626.0,1390000.0,12,551,3122748.0,0.0,1200434.0,494717.0,Rejected
2846,1,Graduate,No,1250972.0,1180000.0,6,631,8307656.0,0.0,422126.0,2057533.0,Approved
2847,2,Graduate,No,2272413.0,3530000.0,18,603,1186878.0,0.0,215831.0,1281619.0,Approved
2848,4,Not Graduate,No,868868.0,1390000.0,36,718,4912496.0,0.0,1037211.0,1388009.0,Approved
2849,1,Graduate,No,638885.0,460000.0,12,740,1976647.0,0.0,562493.0,759908.0,Approved
2850,1,Not Graduate,No,1627466.0,3840000.0,24,756,11077598.0,0.0,143338.0,2178887.0,Approved
2851,3,Graduate,No,877878.0,610000.0,12,680,6406167.0,0.0,125094.0,465601.0,Approved
2852,2,Not Graduate,No,853715.0,2080000.0,48,495,4079061.0,0.0,480078.0,642814.0,Approved
2853,0,Graduate,Yes,2627920.0,3490000.0,12,663,14307985.0,9064545.0,1693382.0,983137.0,Approved
2854,3,Graduate,Yes,1034362.0,1380000.0,24,853,4128800.0,1348566.0,1191209.0,1293378.0,Approved
2855,1,Graduate,No,1707209.0,3800000.0,24,583,2433996.0,0.0,1435964.0,773655.0,Approved
2856,4,Graduate,Yes,1251843.0,3020000.0,48,529,2039100.0,3466940.0,1729811.0,2210246.0,Rejected
2857,0,Not Graduate,Yes,931918.0,1440000.0,24,565,5214704.0,3508244.0,1172574.0,650331.0,Rejected
2858,4,Graduate,No,2469922.0,1880000.0,24,670,15729311.0,0.0,1730878.0,2211775.0,Rejected
2859,3,Graduate,No,2013153.0,5270000.0,48,396,14290359.0,0.0,2574190.0,2930624.0,Rejected
2860,1,Not Graduate,No,1100076.0,1590000.0,48,447,954494.0,0.0,649861.0,1227286.0,Approved
2861,0,Not Graduate,No,480000.0,1200000.0,12,481,264397.0,0.0,312032.0,403259.0,Rejected
2862,2,Not Graduate,No,1165563.0,2710000.0,24,618,5634733.0,0.0,444977.0,781797.0,Approved
2863,1,Not Graduate,No,1171652.0,530000.0,48,633,3696414.0,0.0,1567545.0,686683.0,Approved
2864,2,Graduate,No,1023342.0,1170000.0,12,597,2512837.0,0.0,174682.0,1033000.0,Approved
2865,0,Not Graduate,No,792603.0,1320000.0,48,614,5923902.0,0.0,778466.0,202776.0,Approved
2866,2,Not Graduate,No,1724847.0,2250000.0,48,711,1721024.0,0.0,1748808.0,176703.0,Rejected
2867,2,Graduate,No,1541680.0,3270000.0,48,543,2713656.0,0.0,1482049.0,937314.0,Rejected
2868,2,Not Graduate,No,1369236.0,640000.0,12,640,5458827.0,0.0,1588801.0,2472645.0,Approved
2869,2,Graduate,Yes,2306760.0,2080000.0,24,319,2122767.0,6438589.0,1104499.0,1491136.0,Approved
2870,0,Not Graduate,No,1031915.0,1550000.0,12,610,7384048.0,0.0,745567.0,390660.0,Approved
2871,1,Graduate,No,1365883.0,1900000.0,18,390,2210482.0,0.0,700300.0,1954180.0,Rejected
2872,0,Graduate,No,518824.0,1220000.0,24,534,849629.0,0.0,503619.0,651660.0,Rejected
2873,2,Not Graduate,No,658074.0,2020000.0,48,828,2026407.0,0.0,852532.0,730481.0,Approved
2874,0,Graduate,No,1124247.0,2320000.0,60,672,7998657.0,0.0,1008027.0,653356.0,Approved
2875,0,Not Graduate,No,981269.0,1020000.0,18,605,1180418.0,0.0,1067767.0,1240572.0,Rejected
2876,3,Graduate,No,1715752.0,920000.0,24,862,5939838.0,0.0,550586.0,1417347.0,Approved
2877,4,Graduate,No,1294561.0,900000.0,48,518,6017622.0,0.0,521677.0,932847.0,Rejected
2878,0,Not Graduate,No,1113481.0,2200000.0,12,764,7980709.0,0.0,589220.0,1647592.0,Approved
2879,1,Not Graduate,Yes,590218.0,210000.0,24,665,1341316.0,598299.0,749758.0,674239.0,Approved
2880,0,Graduate,No,1110116.0,1300000.0,24,519,1938623.0,0.0,1147861.0,211424.0,Approved
2881,1,Graduate,Yes,932461.0,560000.0,6,612,3013079.0,2759615.0,598739.0,1674990.0,Approved
2882,1,Not Graduate,Yes,911664.0,920000.0,36,639,880961.0,150814.0,851724.0,542352.0,Rejected
2883,4,Graduate,No,2047637.0,3820000.0,6,529,1255747.0,0.0,1845451.0,3177347.0,Approved
2884,2,Graduate,No,1489960.0,3200000.0,24,692,4983729.0,0.0,1775817.0,1375673.0,Approved
2885,1,Not Graduate,No,1855319.0,1800000.0,48,776,3502413.0,0.0,205744.0,3180406.0,Rejected
2886,0,Graduate,Yes,818840.0,1770000.0,24,578,1150497.0,2656017.0,719959.0,193228.0,Approved
2887,1,Graduate,Yes,881613.0,720000.0,12,725,5971043.0,418253.0,516645.0,892804.0,Approved
2888,3,Graduate,No,484974.0,1300000.0,12,683,1157304.0,0.0,183742.0,555749.0,Approved
2889,2,Not Graduate,No,1639994.0,1360000.0,12,745,6159351.0,0.0,2117918.0,1462327.0,Approved
2890,2,Not Graduate,No,770605.0,410000.0,12,608,3214995.0,0.0,170910.0,260091.0,Approved
2891,1,Not Graduate,No,628474.0,600000.0,24,710,3458458.0,0.0,50000.0,350082.0,Approved
2892,2,Graduate,No,1362540.0,3140000.0,18,698,7019800.0,0.0,2001090.0,1249897.0,Approved
2893,2,Graduate,No,1719488.0,810000.0,24,734,6267741.0,0.0,641363.0,931023.0,Approved
2894,0,Graduate,No,1566751.0,3190000.0,12,616,10205107.0,0.0,378633.0,1414464.0,Approved
2895,1,Graduate,No,605519.0,1140000.0,48,677,2584017.0,0.0,59016.0,139336.0,Approved
2896,1,Not Graduate,No,1216350.0,1590000.0,12,607,7068273.0,0.0,197288.0,1501360.0,Approved
2897,4,Not Graduate,No,2324224.0,5480000.0,18,655,16892356.0,0.0,2190116.0,923174.0,Approved
2898,1,Not Graduate,No,2109555.0,5280000.0,18,516,5687181.0,0.0,1718803.0,3126980.0,Rejected
2899,0,Not Graduate,Yes,1205231.0,2560000.0,18,456,4959758.0,2095605.0,1206304.0,290833.0,Approved
2900,1,Graduate,No,501422.0,1010000.0,18,690,3244626.0,0.0,111505.0,872388.0,Approved
2901,1,Not Graduate,Yes,945354.0,1940000.0,36,485,4448408.0,2928095.0,873903.0,1006902.0,Approved
2902,3,Graduate,No,1040528.0,2060000.0,6,636,2362634.0,0.0,412136.0,317007.0,Rejected
2903,1,Not Graduate,Yes,480000.0,1260000.0,48,682,1759103.0,1718975.0,301672.0,541702.0,Approved
2904,1,Graduate,Yes,1505195.0,1630000.0,12,823,11690780.0,1930128.0,337649.0,204245.0,Approved
2905,1,Not Graduate,No,906543.0,2530000.0,6,480,3658202.0,0.0,824060.0,336827.0,Rejected
2906,4,Graduate,No,1308396.0,1870000.0,24,557,5525273.0,0.0,1812221.0,1339103.0,Rejected
2907,1,Not Graduate,No,480000.0,460000.0,12,642,1414665.0,0.0,87404.0,782950.0,Approved
2908,0,Not Graduate,No,691315.0,1980000.0,36,484,2188218.0,0.0,1013291.0,753608.0,Approved
2909,1,Not Graduate,No,480000.0,980000.0,12,824,3768739.0,0.0,506879.0,926921.0,Approved
2910,0,Graduate,No,1117352.0,1430000.0,12,657,6052355.0,0.0,414984.0,425682.0,Approved
2911,2,Graduate,Yes,761776.0,780000.0,6,605,2612265.0,1642767.0,710358.0,479813.0,Approved
2912,1,Not Graduate,Yes,941764.0,1550000.0,12,635,6513488.0,827821.0,1220138.0,1644396.0,Approved
2913,0,Not Graduate,No,903993.0,1880000.0,36,640,3145828.0,0.0,179090.0,583595.0,Approved
2914,1,Not Graduate,No,646170.0,890000.0,6,479,2348227.0,0.0,818013.0,753780.0,Rejected
2915,3,Graduate,No,831507.0,970000.0,18,761,4253148.0,0.0,833129.0,1134406.0,Approved
2916,2,Graduate,No,2213514.0,2560000.0,24,462,14111533.0,0.0,2241925.0,3845617.0,Approved
2917,0,Not Graduate,Yes,853449.0,1620000.0,12,475,4358630.0,2716908.0,87020.0,1023540.0,Rejected
2918,2,Not Graduate,No,777343.0,1100000.0,36,493,3682200.0,0.0,187104.0,1537973.0,Approved
2919,1,Not Graduate,No,499463.0,650000.0,6,447,3974424.0,0.0,674005.0,822480.0,Rejected
2920,2,Graduate,No,1073340.0,1590000.0,12,643,1593302.0,0.0,474012.0,429930.0,Rejected
2921,0,Graduate,Yes,3604347.0,10270000.0,48,362,5898710.0,5169068.0,4559970.0,6559593.0,Approved
2922,2,Graduate,No,702394.0,750000.0,12,511,4883825.0,0.0,232373.0,695123.0,Rejected
2923,1,Not Graduate,No,480000.0,1110000.0,18,428,2098105.0,0.0,717477.0,646317.0,Rejected
2924,2,Not Graduate,No,2329210.0,5630000.0,18,507,16594006.0,0.0,1484604.0,1769847.0,Rejected
2925,1,Not Graduate,Yes,1066863.0,1150000.0,18,518,-105345.0,3001646.0,447115.0,1496276.0,Rejected
2926,0,Graduate,Yes,1647616.0,2020000.0,36,671,1095047.0,1060548.0,759553.0,2898579.0,Approved
2927,3,Graduate,Yes,649898.0,1380000.0,12,695,2625227.0,1381324.0,314857.0,668277.0,Approved
2928,0,Not Graduate,No,2976772.0,4310000.0,18,539,8487640.0,0.0,2088524.0,3198158.0,Rejected
2929,1,Not Graduate,No,819124.0,2190000.0,24,503,1769945.0,0.0,65778.0,787270.0,Rejected
2930,2,Not Graduate,No,2430128.0,2150000.0,6,651,5808190.0,0.0,2213963.0,2925924.0,Approved
2931,1,Not Graduate,No,1191626.0,3160000.0,6,596,1449592.0,0.0,735668.0,1135027.0,Rejected
2932,2,Not Graduate,Yes,1194531.0,960000.0,12,702,3818699.0,3959987.0,1584918.0,160221.0,Approved
2933,0,Graduate,No,650480.0,1520000.0,48,641,517209.0,0.0,276798.0,378412.0,Approved
2934,2,Not Graduate,No,773335.0,880000.0,60,555,428339.0,0.0,334552.0,1064300.0,Approved
2935,2,Graduate,No,644970.0,420000.0,36,627,3166875.0,0.0,768493.0,378090.0,Approved
2936,2,Graduate,Yes,817183.0,1110000.0,12,751,2552016.0,2548473.0,1175442.0,532577.0,Approved
2937,2,Graduate,No,2133239.0,3560000.0,12,534,9192486.0,0.0,276050.0,2198881.0,Rejected
2938,0,Graduate,No,1981825.0,1380000.0,18,636,7905858.0,0.0,1991616.0,838298.0,Approved
2939,4,Not Graduate,Yes,1313239.0,2920000.0,24,371,4581572.0,5039673.0,1000835.0,2357661.0,Rejected
2940,0,Graduate,Yes,1265981.0,1610000.0,36,379,7435760.0,2017393.0,1354570.0,834393.0,Rejected
2941,0,Graduate,No,1203792.0,760000.0,24,463,6015987.0,0.0,803391.0,754105.0,Rejected
2942,3,Graduate,No,1889351.0,3160000.0,48,506,8349521.0,0.0,1391600.0,2533794.0,Approved
2943,2,Not Graduate,No,1771722.0,5580000.0,48,769,1504806.0,0.0,1165937.0,412591.0,Rejected
2944,1,Not Graduate,Yes,788126.0,850000.0,12,503,1483387.0,928538.0,317290.0,1171807.0,Approved
2945,1,Not Graduate,No,993163.0,1640000.0,12,614,5364693.0,0.0,1484434.0,437026.0,Approved
2946,3,Not Graduate,Yes,1258115.0,2350000.0,6,516,8444189.0,2106489.0,824313.0,1272685.0,Rejected
2947,1,Graduate,No,1147605.0,1030000.0,12,827,7737596.0,0.0,1358752.0,402869.0,Approved
2948,0,Graduate,No,1402492.0,2560000.0,18,610,8700302.0,0.0,1766863.0,2014874.0,Approved
2949,0,Graduate,No,1811363.0,3870000.0,12,646,2737027.0,0.0,2288811.0,3293091.0,Approved
2950,3,Graduate,No,904194.0,1160000.0,6,636,4450218.0,0.0,86853.0,899623.0,Rejected
2951,0,Graduate,Yes,1444042.0,3830000.0,36,495,3244260.0,2896851.0,1615684.0,410689.0,Approved
2952,3,Graduate,Yes,852245.0,1800000.0,60,665,6500657.0,2204351.0,945432.0,1139071.0,Rejected
2953,2,Graduate,No,1833207.0,4340000.0,18,609,6281335.0,0.0,2514443.0,2905251.0,Approved
2954,2,Not Graduate,No,1176038.0,1450000.0,36,668,3576565.0,0.0,420275.0,1135064.0,Approved
2955,0,Not Graduate,No,1791476.0,3170000.0,36,749,14088616.0,0.0,2205522.0,1685236.0,Approved
2956,1,Not Graduate,No,1599894.0,2040000.0,24,687,3665517.0,0.0,501620.0,527587.0,Approved
2957,1,Graduate,No,1475163.0,1230000.0,24,708,7146969.0,0.0,680660.0,650405.0,Approved
2958,2,Graduate,No,1686113.0,3690000.0,6,549,8262628.0,0.0,501333.0,883827.0,Approved
2959,4,Not Graduate,No,1548831.0,1040000.0,48,772,8065324.0,0.0,312531.0,929747.0,Approved
2960,0,Not Graduate,No,1542895.0,4170000.0,36,480,8727042.0,0.0,78964.0,917122.0,Approved
2961,2,Not Graduate,Yes,733963.0,240000.0,36,678,3441834.0,175971.0,527972.0,602853.0,Approved
2962,1,Not Graduate,No,1417691.0,2860000.0,12,667,2003270.0,0.0,496087.0,1783179.0,Approved
2963,3,Not Graduate,Yes,669921.0,1450000.0,24,702,4221979.0,124852.0,1002005.0,552998.0,Approved
2964,1,Not Graduate,Yes,2365592.0,3280000.0,24,516,8463607.0,7832359.0,3098244.0,3005926.0,Approved
2965,0,Graduate,Yes,794232.0,690000.0,12,571,5027936.0,2532427.0,1001932.0,778943.0,Approved
2966,2,Not Graduate,No,480000.0,190000.0,12,663,3174695.0,0.0,578862.0,136658.0,Approved
2967,0,Graduate,No,1477924.0,3390000.0,12,350,5870413.0,0.0,170912.0,2718641.0,Rejected
2968,2,Graduate,No,1664434.0,2940000.0,18,900,8533210.0,0.0,628881.0,1542984.0,Approved
2969,0,Not Graduate,Yes,966213.0,410000.0,36,830,1693912.0,3768300.0,897857.0,195643.0,Approved
2970,3,Not Graduate,No,3288144.0,5320000.0,48,623,22349401.0,0.0,4893410.0,1771019.0,Approved
2971,1,Graduate,Yes,919956.0,490000.0,48,683,1613917.0,69225.0,1142334.0,1432830.0,Approved
2972,0,Not Graduate,Yes,2810609.0,7890000.0,18,650,18268586.0,10931633.0,2368767.0,3293931.0,Approved
2973,0,Not Graduate,No,919074.0,1500000.0,48,567,5174296.0,0.0,862923.0,1502140.0,Rejected
2974,0,Graduate,No,1688034.0,1190000.0,18,657,11629440.0,0.0,954761.0,1562803.0,Approved
2975,1,Not Graduate,No,1777849.0,5440000.0,12,742,6025725.0,0.0,456096.0,2999961.0,Approved
2976,0,Graduate,Yes,1315594.0,1980000.0,12,498,2526076.0,5188143.0,638721.0,1525071.0,Approved
2977,1,Not Graduate,Yes,2814722.0,6630000.0,48,531,3138769.0,10309829.0,1487374.0,2509729.0,Approved
2978,0,Not Graduate,Yes,480000.0,780000.0,36,575,1497539.0,1906610.0,593211.0,728477.0,Rejected
2979,0,Graduate,No,2451146.0,2920000.0,48,396,12175934.0,0.0,339169.0,1042393.0,Rejected
2980,2,Not Graduate,No,1950785.0,1230000.0,36,727,5002347.0,0.0,2512822.0,3378431.0,Approved
2981,0,Graduate,No,731949.0,2150000.0,12,578,2795716.0,0.0,294165.0,361760.0,Approved
2982,0,Graduate,Yes,514627.0,360000.0,12,672,383273.0,1193072.0,455724.0,401200.0,Approved
2983,1,Not Graduate,No,853049.0,690000.0,48,586,2108692.0,0.0,1088345.0,973641.0,Approved
2984,2,Not Graduate,Yes,1044445.0,1050000.0,12,593,1634433.0,216961.0,1360396.0,1067126.0,Approved
2985,0,Graduate,No,1180890.0,1870000.0,24,839,4878686.0,0.0,380593.0,1532300.0,Approved
2986,0,Not Graduate,Yes,1914070.0,940000.0,36,550,14466734.0,6829209.0,2870519.0,2945851.0,Approved
2987,1,Graduate,No,1509556.0,520000.0,12,665,11293849.0,0.0,1721952.0,2026519.0,Approved
2988,1,Not Graduate,No,1228931.0,1850000.0,48,704,9139998.0,0.0,264599.0,2283533.0,Approved
2989,0,Graduate,No,2808276.0,4930000.0,48,600,8929698.0,0.0,2788387.0,1716573.0,Approved
2990,1,Graduate,No,3238800.0,3480000.0,18,358,5773245.0,0.0,3319557.0,363215.0,Rejected
2991,1,Not Graduate,Yes,1385924.0,1770000.0,6,720,9372008.0,3649714.0,1246017.0,1851261.0,Approved
2992,3,Not Graduate,No,1032088.0,2740000.0,18,480,5385828.0,0.0,1356680.0,896225.0,Rejected
2993,2,Graduate,Yes,1371418.0,2810000.0,12,586,5981708.0,2179043.0,604492.0,1342269.0,Rejected
2994,3,Not Graduate,Yes,623545.0,730000.0,24,895,4457646.0,661055.0,166871.0,992530.0,Approved
2995,0,Not Graduate,No,2466582.0,7310000.0,48,587,9469578.0,0.0,3202605.0,3231247.0,Approved
2996,0,Graduate,No,2120871.0,4500000.0,6,707,14481776.0,0.0,3090643.0,2426578.0,Approved
2997,0,Graduate,No,1402727.0,1470000.0,24,370,9103723.0,0.0,1669840.0,2145553.0,Rejected
2998,1,Not Graduate,Yes,947519.0,770000.0,24,431,-167324.0,296660.0,794966.0,1483036.0,Rejected
2999,3,Graduate,No,925563.0,2200000.0,24,641,2220012.0,0.0,642544.0,1392653.0,Rejected
3000,0,Graduate,No,881052.0,1770000.0,12,607,1111614.0,0.0,730736.0,1291986.0,Rejected
3001,0,Graduate,No,1774133.0,4000000.0,18,689,1970899.0,0.0,1547611.0,2523813.0,Approved
3002,1,Not Graduate,No,2865402.0,4810000.0,24,595,10097922.0,0.0,1850851.0,3727340.0,Rejected
3003,1,Graduate,No,1080597.0,1760000.0,24,791,2342578.0,0.0,148714.0,1423893.0,Approved
3004,4,Graduate,No,946911.0,2040000.0,6,570,1620383.0,0.0,164214.0,1140164.0,Approved
3005,0,Not Graduate,Yes,1094741.0,2980000.0,12,531,2682405.0,1091913.0,553675.0,223445.0,Approved
3006,3,Not Graduate,No,2051381.0,1730000.0,48,642,13444473.0,0.0,1611640.0,1194430.0,Approved
3007,3,Graduate,No,1058237.0,750000.0,12,775,5482410.0,0.0,898801.0,578311.0,Approved
3008,3,Graduate,Yes,480000.0,1030000.0,12,511,2117543.0,560304.0,458507.0,103125.0,Rejected
3009,0,Not Graduate,No,6205537.0,9470000.0,48,457,22199031.0,0.0,4911343.0,12218908.0,Approved
3010,3,Graduate,Yes,994547.0,880000.0,6,694,7368385.0,846358.0,695720.0,1481956.0,Approved
3011,4,Graduate,No,1202220.0,2190000.0,48,671,6097948.0,0.0,1165170.0,1372079.0,Approved
3012,0,Graduate,No,1056130.0,900000.0,48,606,3711664.0,0.0,1433151.0,179695.0,Approved
3013,0,Graduate,Yes,808412.0,1510000.0,12,582,2398376.0,3038942.0,911567.0,758066.0,Approved
3014,4,Graduate,Yes,1301406.0,3200000.0,18,770,10017188.0,1130410.0,592231.0,1370429.0,Approved
3015,3,Graduate,No,822728.0,1740000.0,24,581,2657401.0,0.0,698012.0,499113.0,Rejected
3016,3,Not Graduate,No,742713.0,2380000.0,12,536,915984.0,0.0,306992.0,753267.0,Rejected
3017,0,Not Graduate,No,1264290.0,1180000.0,24,658,8105617.0,0.0,1750638.0,1205076.0,Approved
3018,3,Not Graduate,Yes,1290363.0,2230000.0,48,657,3134777.0,115504.0,1704162.0,1874544.0,Approved
3019,0,Graduate,No,641307.0,1640000.0,36,671,4367241.0,0.0,224555.0,883100.0,Rejected
3020,1,Graduate,No,952658.0,1020000.0,18,535,6213119.0,0.0,1345295.0,1115124.0,Rejected
3021,0,Not Graduate,Yes,1854014.0,1230000.0,36,791,1514235.0,6065379.0,1113465.0,653237.0,Approved
3022,1,Not Graduate,No,1432342.0,2400000.0,12,743,8191755.0,0.0,1540061.0,2084431.0,Approved
3023,1,Not Graduate,No,1939685.0,3780000.0,24,581,12333176.0,0.0,697650.0,3539470.0,Approved
3024,1,Graduate,Yes,1239693.0,1270000.0,18,693,4863047.0,2897936.0,1488786.0,2015597.0,Approved
3025,1,Graduate,Yes,714082.0,470000.0,24,699,2972833.0,2467109.0,919830.0,950727.0,Approved
3026,1,Not Graduate,No,1221224.0,1590000.0,18,760,978536.0,0.0,976352.0,1725373.0,Approved
3027,3,Not Graduate,Yes,1118234.0,1760000.0,12,635,1857922.0,3687986.0,906506.0,1876929.0,Approved
3028,0,Not Graduate,Yes,1151618.0,1690000.0,18,715,7371849.0,3526104.0,623544.0,534919.0,Approved
3029,3,Graduate,No,480000.0,300000.0,12,624,1026938.0,0.0,113920.0,777702.0,Approved
3030,0,Graduate,No,2215966.0,5510000.0,36,464,10808081.0,0.0,1573510.0,1782266.0,Rejected
3031,1,Not Graduate,No,600463.0,280000.0,12,507,4788403.0,0.0,164157.0,1095926.0,Approved
3032,1,Graduate,No,1981223.0,4060000.0,18,635,10795895.0,0.0,978444.0,2072695.0,Approved
3033,1,Graduate,No,1851665.0,2030000.0,36,670,-110492.0,0.0,1872253.0,2049166.0,Approved
3034,2,Graduate,No,1055711.0,1890000.0,24,648,6155448.0,0.0,1565125.0,1570703.0,Approved
3035,3,Not Graduate,No,531752.0,1110000.0,36,765,1043368.0,0.0,434582.0,144055.0,Approved
3036,1,Not Graduate,No,1117164.0,840000.0,24,480,1447286.0,0.0,318955.0,1887028.0,Approved
3037,3,Graduate,Yes,1414821.0,3460000.0,24,477,4124162.0,4310522.0,1793476.0,655887.0,Rejected
3038,0,Graduate,No,480000.0,480000.0,24,609,952754.0,0.0,677281.0,480038.0,Rejected
3039,1,Not Graduate,No,480000.0,890000.0,12,900,1096483.0,0.0,200063.0,750307.0,Approved
3040,4,Graduate,No,1782435.0,3670000.0,24,782,12890892.0,0.0,591614.0,2040378.0,Approved
3041,2,Not Graduate,No,1130253.0,1830000.0,12,644,-126673.0,0.0,1059693.0,1718055.0,Approved
3042,2,Graduate,Yes,1000583.0,2140000.0,24,652,4438544.0,343117.0,56697.0,1038689.0,Rejected
3043,0,Not Graduate,No,480000.0,530000.0,60,666,2443047.0,0.0,443624.0,160923.0,Approved
3044,2,Graduate,No,2129676.0,5080000.0,24,693,13847297.0,0.0,1171124.0,2490027.0,Approved
3045,2,Graduate,No,1176515.0,2260000.0,6,434,7028456.0,0.0,468979.0,2006858.0,Rejected
3046,0,Graduate,No,564593.0,230000.0,48,601,2822564.0,0.0,428273.0,364270.0,Approved
3047,3,Not Graduate,No,1023844.0,820000.0,36,557,3283341.0,0.0,1017656.0,1183899.0,Rejected
3048,1,Graduate,No,2392967.0,2490000.0,18,682,17379588.0,0.0,2212135.0,4033976.0,Approved
3049,1,Not Graduate,No,530445.0,690000.0,24,800,1799126.0,0.0,454992.0,780970.0,Approved
3050,1,Not Graduate,No,2585611.0,3970000.0,24,677,7252209.0,0.0,3301426.0,2225268.0,Approved
3051,0,Graduate,No,480000.0,700000.0,12,538,1610784.0,0.0,497897.0,597848.0,Rejected
3052,1,Not Graduate,Yes,1411174.0,2680000.0,36,457,7389948.0,4721336.0,1455308.0,2812973.0,Rejected
3053,1,Graduate,No,1636969.0,3880000.0,6,638,2814921.0,0.0,189620.0,771800.0,Rejected
3054,0,Graduate,No,2077544.0,3700000.0,48,615,10962319.0,0.0,126887.0,2287488.0,Approved
3055,0,Graduate,No,578677.0,1420000.0,36,556,392780.0,0.0,243810.0,239560.0,Approved
3056,4,Graduate,No,2035383.0,3480000.0,12,638,11609220.0,0.0,2501939.0,1525223.0,Rejected
3057,0,Not Graduate,No,1893695.0,2230000.0,24,636,13250889.0,0.0,167260.0,454849.0,Approved
3058,1,Not Graduate,No,1367361.0,1430000.0,36,716,10392505.0,0.0,1371854.0,2543463.0,Approved
3059,1,Not Graduate,No,819511.0,1190000.0,6,626,3317189.0,0.0,234421.0,635390.0,Approved
3060,2,Not Graduate,No,1585196.0,3320000.0,24,556,8533529.0,0.0,1824371.0,545222.0,Approved
3061,2,Graduate,No,480000.0,280000.0,60,785,3563176.0,0.0,616516.0,885389.0,Approved
3062,0,Not Graduate,No,1284524.0,1190000.0,24,578,1045644.0,0.0,1392945.0,2029375.0,Rejected
3063,1,Graduate,No,2032836.0,4830000.0,12,549,5356643.0,0.0,1228276.0,2763527.0,Rejected
3064,2,Not Graduate,No,1437895.0,1630000.0,6,637,7628264.0,0.0,1017377.0,1113921.0,Approved
3065,1,Not Graduate,Yes,480000.0,220000.0,36,598,1449044.0,1282460.0,64541.0,193193.0,Approved
3066,1,Not Graduate,No,2630940.0,2570000.0,12,536,12741029.0,0.0,2941404.0,1859576.0,Approved
3067,1,Graduate,No,1872395.0,740000.0,48,431,12721387.0,0.0,1510028.0,1260788.0,Approved
3068,2,Graduate,Yes,871710.0,320000.0,24,663,4524283.0,1683933.0,74708.0,1637579.0,Approved
3069,0,Graduate,No,755114.0,2050000.0,36,640,4411199.0,0.0,242986.0,714862.0,Approved
3070,2,Graduate,No,1010548.0,2800000.0,18,601,6708061.0,0.0,212767.0,327736.0,Approved
3071,3,Not Graduate,No,953775.0,940000.0,6,655,5897745.0,0.0,283324.0,475992.0,Rejected
3072,0,Not Graduate,No,1070468.0,640000.0,12,713,3622846.0,0.0,906674.0,1711499.0,Approved
3073,0,Not Graduate,No,2132360.0,3620000.0,18,598,2216580.0,0.0,386140.0,317078.0,Rejected
3074,4,Graduate,No,655612.0,510000.0,24,608,3342293.0,0.0,244598.0,831132.0,Approved
3075,0,Graduate,No,1476321.0,3780000.0,12,643,2594873.0,0.0,1421645.0,1301308.0,Rejected
3076,1,Not Graduate,Yes,924220.0,520000.0,36,526,7352417.0,220190.0,166495.0,1652065.0,Approved
3077,1,Not Graduate,No,582546.0,260000.0,24,742,4298633.0,0.0,283936.0,758684.0,Approved
3078,4,Not Graduate,No,609316.0,1150000.0,24,699,2450724.0,0.0,237796.0,500840.0,Approved
3079,2,Graduate,Yes,1310631.0,2930000.0,24,704,3327258.0,2927679.0,954593.0,872176.0,Approved
3080,1,Graduate,No,480000.0,190000.0,24,547,3738842.0,0.0,365650.0,291131.0,Approved
3081,1,Not Graduate,No,1663135.0,5200000.0,12,551,1107023.0,0.0,1731002.0,1693101.0,Approved
3082,0,Graduate,No,1347788.0,3150000.0,12,522,2576957.0,0.0,1694733.0,2456725.0,Approved
3083,0,Not Graduate,No,811026.0,2100000.0,48,504,2502888.0,0.0,595178.0,1143380.0,Rejected
3084,0,Graduate,No,817067.0,1830000.0,12,771,5964438.0,0.0,68572.0,599807.0,Approved
3085,2,Graduate,No,673949.0,560000.0,48,441,4163778.0,0.0,205492.0,686971.0,Rejected
3086,2,Not Graduate,No,1708992.0,3540000.0,18,391,13283391.0,0.0,541083.0,1699069.0,Rejected
3087,0,Not Graduate,Yes,2289526.0,3210000.0,18,752,18124544.0,997250.0,3398889.0,2989996.0,Approved
3088,3,Graduate,No,932038.0,1470000.0,36,668,7238479.0,0.0,930900.0,404756.0,Approved
3089,0,Graduate,No,1173430.0,2260000.0,24,551,6620806.0,0.0,270438.0,1293228.0,Approved
3090,1,Graduate,No,1160880.0,2500000.0,24,479,4500915.0,0.0,923273.0,1587962.0,Rejected
3091,3,Graduate,No,1065561.0,760000.0,18,622,664954.0,0.0,1509922.0,1328852.0,Rejected
3092,0,Not Graduate,No,1332564.0,2440000.0,48,486,715681.0,0.0,699122.0,666699.0,Approved
3093,0,Not Graduate,No,2173669.0,6040000.0,18,640,17264101.0,0.0,1127596.0,2406099.0,Approved
3094,1,Graduate,Yes,2491127.0,5580000.0,12,588,16261527.0,2726682.0,299155.0,1905646.0,Rejected
3095,1,Graduate,Yes,930198.0,2600000.0,18,802,4744273.0,803615.0,70541.0,804672.0,Approved
3096,2,Graduate,No,823003.0,580000.0,12,618,784374.0,0.0,932051.0,1330001.0,Approved
3097,1,Not Graduate,No,944075.0,1060000.0,12,653,2560274.0,0.0,1163317.0,782535.0,Approved
3098,0,Not Graduate,No,1296062.0,1010000.0,12,649,1682366.0,0.0,1054829.0,516754.0,Approved
3099,2,Graduate,Yes,712832.0,1760000.0,18,617,4497638.0,2413754.0,144221.0,1422525.0,Approved
3100,3,Not Graduate,No,1552965.0,2720000.0,36,671,3466095.0,0.0,218129.0,223783.0,Approved
3101,0,Not Graduate,Yes,1766390.0,5560000.0,12,681,5966651.0,3819303.0,1698501.0,2432446.0,Approved
3102,0,Graduate,No,948056.0,2230000.0,18,606,499846.0,0.0,874233.0,305196.0,Approved
3103,0,Graduate,Yes,1058789.0,2530000.0,6,592,5423980.0,540570.0,1235256.0,426300.0,Approved
3104,2,Not Graduate,No,480000.0,1150000.0,36,651,3016587.0,0.0,308521.0,930462.0,Approved
3105,1,Graduate,Yes,1333154.0,2900000.0,24,327,875875.0,4185863.0,340805.0,2169159.0,Rejected
3106,1,Not Graduate,No,1605946.0,1180000.0,18,821,10637140.0,0.0,2272653.0,1545431.0,Approved
3107,1,Not Graduate,Yes,1343373.0,3480000.0,12,568,758821.0,1916758.0,1569543.0,1570036.0,Rejected
3108,1,Not Graduate,No,1861570.0,1130000.0,48,449,5715271.0,0.0,160399.0,2713668.0,Approved
3109,1,Not Graduate,Yes,2730086.0,7840000.0,36,648,5357894.0,10727045.0,2936855.0,920969.0,Approved
3110,1,Not Graduate,No,688866.0,1200000.0,24,299,1096294.0,0.0,985983.0,1225203.0,Rejected
3111,2,Graduate,No,805409.0,680000.0,18,785,2044459.0,0.0,234764.0,528904.0,Approved
3112,3,Graduate,No,554488.0,1230000.0,24,455,693852.0,0.0,346021.0,586974.0,Approved
3113,2,Graduate,No,1330616.0,600000.0,48,632,6924096.0,0.0,603668.0,1448443.0,Approved
3114,2,Graduate,No,835598.0,2470000.0,12,782,2490377.0,0.0,559001.0,1145317.0,Approved
3115,2,Graduate,No,3900836.0,3570000.0,18,772,30431201.0,0.0,4334989.0,2022765.0,Approved
3116,0,Graduate,No,2058894.0,3710000.0,12,479,3125836.0,0.0,857291.0,2833761.0,Rejected
3117,1,Graduate,No,1078420.0,2370000.0,18,761,5581815.0,0.0,572377.0,1032309.0,Approved
3118,0,Not Graduate,Yes,988535.0,3100000.0,24,728,3114882.0,3926952.0,531952.0,1311029.0,Approved
3119,1,Not Graduate,No,1451301.0,2080000.0,36,591,6195527.0,0.0,1559122.0,2515480.0,Approved
3120,1,Graduate,No,1826930.0,1720000.0,12,717,2700535.0,0.0,2161848.0,234409.0,Approved
3121,0,Graduate,Yes,525084.0,1040000.0,12,605,1815175.0,638320.0,444320.0,144070.0,Approved
3122,1,Graduate,Yes,974663.0,2720000.0,36,802,524687.0,979071.0,832072.0,312385.0,Approved
3123,3,Graduate,No,1676337.0,2150000.0,24,730,10157951.0,0.0,1710973.0,1705017.0,Approved
3124,3,Graduate,No,2155417.0,6200000.0,24,661,2393471.0,0.0,2598110.0,3643938.0,Rejected
3125,1,Graduate,Yes,1017021.0,1110000.0,36,484,759884.0,2992312.0,388959.0,820156.0,Rejected
3126,2,Not Graduate,Yes,660399.0,390000.0,12,724,2290752.0,1209886.0,243762.0,377693.0,Approved
3127,1,Not Graduate,Yes,1157883.0,2250000.0,24,624,5850884.0,698046.0,1059396.0,2289889.0,Approved
3128,1,Graduate,No,744707.0,680000.0,36,715,2168010.0,0.0,294068.0,902559.0,Approved
3129,1,Graduate,No,1104111.0,1010000.0,24,594,5137648.0,0.0,1079860.0,547871.0,Approved
3130,0,Not Graduate,No,899873.0,2570000.0,36,512,1912011.0,0.0,1195755.0,1717913.0,Approved
3131,1,Graduate,Yes,1459118.0,3050000.0,24,680,10305553.0,3051121.0,512058.0,2072297.0,Approved
3132,2,Not Graduate,No,791273.0,1520000.0,12,589,852544.0,0.0,227196.0,1083836.0,Approved
3133,2,Graduate,No,2082308.0,4090000.0,18,463,7826487.0,0.0,1905423.0,3980925.0,Rejected
3134,4,Graduate,Yes,664448.0,920000.0,60,566,2595051.0,746870.0,914248.0,421657.0,Approved
3135,0,Not Graduate,No,1284056.0,3610000.0,12,646,7277845.0,0.0,757206.0,2109702.0,Rejected
3136,3,Graduate,No,1466792.0,3860000.0,6,820,3734665.0,0.0,617475.0,1975278.0,Approved
3137,0,Not Graduate,No,1564907.0,4220000.0,24,767,1644976.0,0.0,1726219.0,1428584.0,Approved
3138,0,Not Graduate,No,918695.0,580000.0,12,583,2873263.0,0.0,1079795.0,897191.0,Approved
3139,0,Not Graduate,No,480000.0,690000.0,48,507,763614.0,0.0,564068.0,840197.0,Rejected
3140,2,Not Graduate,No,2543999.0,5510000.0,12,441,7007483.0,0.0,901835.0,3815991.0,Approved
3141,2,Not Graduate,Yes,1607624.0,1710000.0,12,491,8316971.0,2458335.0,438325.0,2406373.0,Rejected
3142,1,Not Graduate,No,589597.0,1180000.0,48,651,2022128.0,0.0,684844.0,434769.0,Rejected
3143,1,Graduate,No,1042220.0,2720000.0,12,668,4322498.0,0.0,398676.0,1089537.0,Approved
3144,0,Not Graduate,No,1704611.0,1120000.0,12,597,2525199.0,0.0,284036.0,1995442.0,Approved
3145,1,Not Graduate,No,1346937.0,2400000.0,24,705,8335805.0,0.0,110907.0,962452.0,Approved
3146,0,Graduate,Yes,1242875.0,2920000.0,12,826,4092168.0,4872225.0,1577450.0,798757.0,Approved
3147,2,Not Graduate,No,480000.0,600000.0,18,628,3274939.0,0.0,443266.0,889664.0,Approved
3148,1,Not Graduate,Yes,2801979.0,2850000.0,18,562,6334794.0,2174704.0,1763682.0,1877332.0,Rejected
3149,2,Not Graduate,No,486858.0,260000.0,12,703,2208268.0,0.0,697494.0,782714.0,Approved
3150,2,Not Graduate,Yes,504725.0,690000.0,36,568,3836285.0,956273.0,484594.0,400364.0,Approved
3151,0,Not Graduate,No,657564.0,550000.0,12,592,996115.0,0.0,657600.0,623432.0,Rejected
3152,0,Not Graduate,No,480000.0,820000.0,48,752,1407860.0,0.0,121197.0,702100.0,Approved
3153,2,Not Graduate,No,1284333.0,2510000.0,24,815,4299742.0,0.0,1848474.0,2182488.0,Approved
3154,1,Graduate,No,633111.0,470000.0,24,808,3687905.0,0.0,275628.0,480782.0,Approved
3155,0,Not Graduate,No,1289145.0,3320000.0,60,473,1590578.0,0.0,146715.0,1224009.0,Rejected
3156,3,Not Graduate,No,968467.0,910000.0,18,473,5135512.0,0.0,388722.0,338504.0,Approved
3157,1,Graduate,Yes,1264360.0,2230000.0,24,484,1548468.0,778701.0,1693334.0,622982.0,Rejected
3158,1,Graduate,No,915549.0,1820000.0,18,536,6447767.0,0.0,188822.0,768907.0,Rejected
3159,2,Not Graduate,No,905279.0,2190000.0,36,532,6562538.0,0.0,1109089.0,550296.0,Approved
3160,1,Not Graduate,Yes,1825524.0,3400000.0,18,709,3026564.0,4022600.0,1297152.0,997495.0,Rejected
3161,1,Graduate,No,567314.0,1470000.0,12,567,1317552.0,0.0,128289.0,140467.0,Rejected
3162,1,Not Graduate,No,677232.0,2060000.0,18,446,2410077.0,0.0,180748.0,1183053.0,Rejected
3163,2,Graduate,No,655699.0,810000.0,24,369,2660545.0,0.0,90178.0,683060.0,Rejected
3164,3,Graduate,Yes,605485.0,1680000.0,48,695,607555.0,2165619.0,126849.0,478208.0,Rejected
3165,0,Not Graduate,No,1960108.0,5310000.0,48,651,13813630.0,0.0,2227009.0,2407785.0,Approved
3166,0,Not Graduate,No,1297940.0,550000.0,6,643,5186643.0,0.0,305420.0,1913675.0,Approved
3167,2,Graduate,No,1261443.0,1430000.0,36,546,9740872.0,0.0,731593.0,1438024.0,Rejected
3168,1,Graduate,Yes,1148575.0,2260000.0,18,878,7977066.0,324564.0,231402.0,756153.0,Approved
3169,1,Not Graduate,No,1652292.0,3290000.0,48,612,6551541.0,0.0,1547035.0,2992811.0,Rejected
3170,2,Graduate,No,626831.0,1170000.0,36,661,3480033.0,0.0,128517.0,545508.0,Approved
3171,2,Graduate,Yes,518652.0,240000.0,48,733,727946.0,462202.0,281758.0,304975.0,Approved
3172,1,Graduate,No,790734.0,1270000.0,48,531,3754591.0,0.0,176897.0,1157793.0,Approved
3173,3,Graduate,No,520778.0,720000.0,48,720,2985309.0,0.0,712881.0,393989.0,Approved
3174,2,Not Graduate,Yes,969528.0,380000.0,48,522,6473160.0,1441081.0,715116.0,1135171.0,Approved
3175,1,Graduate,No,803361.0,970000.0,12,674,5605450.0,0.0,1199553.0,1324540.0,Approved
3176,2,Graduate,No,480000.0,970000.0,12,732,1781929.0,0.0,331060.0,746264.0,Approved
3177,1,Graduate,No,1450305.0,960000.0,18,557,6549091.0,0.0,2061831.0,1971917.0,Approved
3178,3,Graduate,No,587003.0,1460000.0,12,763,2595898.0,0.0,586290.0,241697.0,Approved
3179,0,Graduate,No,982194.0,1660000.0,24,526,5988778.0,0.0,74437.0,1129032.0,Approved
3180,2,Not Graduate,Yes,715572.0,580000.0,48,652,4103087.0,1452498.0,174802.0,1424713.0,Approved
3181,1,Not Graduate,No,1706893.0,2340000.0,12,572,9208357.0,0.0,1591823.0,687221.0,Rejected
3182,1,Graduate,No,1571567.0,3220000.0,18,900,3177510.0,0.0,378340.0,2208693.0,Approved
3183,1,Not Graduate,No,1507779.0,3430000.0,12,676,10095427.0,0.0,1427874.0,2787458.0,Approved
3184,1,Graduate,No,1557993.0,3810000.0,60,505,2770901.0,0.0,406907.0,1741938.0,Rejected
3185,1,Graduate,Yes,1808912.0,2230000.0,6,568,4869688.0,6267963.0,783604.0,2967010.0,Rejected
3186,1,Not Graduate,No,1293535.0,1240000.0,24,670,5024617.0,0.0,1562918.0,1936523.0,Approved
3187,3,Graduate,No,1584119.0,3710000.0,18,660,6284832.0,0.0,539022.0,2741546.0,Approved
3188,1,Graduate,No,596030.0,1490000.0,24,422,2273179.0,0.0,834742.0,930237.0,Rejected
3189,1,Graduate,Yes,950938.0,2380000.0,24,742,6414056.0,3752138.0,393215.0,570573.0,Approved
3190,2,Not Graduate,No,1311947.0,810000.0,18,726,5186565.0,0.0,108252.0,406712.0,Rejected
3191,0,Not Graduate,No,965893.0,650000.0,12,900,2239048.0,0.0,524975.0,1097604.0,Approved
3192,3,Graduate,No,2957789.0,4180000.0,12,626,1704421.0,0.0,1022929.0,1588938.0,Approved
3193,1,Graduate,No,921528.0,2420000.0,12,469,6293466.0,0.0,701592.0,1812691.0,Rejected
3194,1,Graduate,Yes,1011053.0,1590000.0,24,614,960337.0,971244.0,192171.0,450517.0,Rejected
3195,0,Not Graduate,No,669543.0,1000000.0,6,422,3893356.0,0.0,377225.0,749561.0,Rejected
3196,0,Not Graduate,Yes,2802966.0,6550000.0,12,568,9430718.0,2002072.0,1905467.0,4632994.0,Approved
3197,3,Not Graduate,No,1011879.0,1880000.0,6,284,2492772.0,0.0,778151.0,1123696.0,Rejected
3198,0,Graduate,No,1012595.0,1820000.0,12,695,1536791.0,0.0,957906.0,1527031.0,Approved
3199,1,Not Graduate,Yes,1864195.0,4800000.0,24,692,6551718.0,5876312.0,1175126.0,1028345.0,Approved
3200,3,Not Graduate,No,1099560.0,1750000.0,6,765,2091056.0,0.0,321894.0,1696484.0,Approved
3201,0,Graduate,No,543763.0,710000.0,48,730,3811008.0,0.0,252104.0,319131.0,Approved
3202,2,Graduate,No,1582591.0,4500000.0,60,444,4929147.0,0.0,1025030.0,495517.0,Rejected
3203,0,Graduate,No,2143228.0,5790000.0,24,877,11441139.0,0.0,2468449.0,3177908.0,Approved
3204,1,Not Graduate,No,2205516.0,5330000.0,24,629,8763846.0,0.0,1133003.0,2527679.0,Approved
3205,2,Not Graduate,No,811503.0,2060000.0,48,656,2537792.0,0.0,340438.0,1617711.0,Rejected
3206,1,Not Graduate,No,775691.0,670000.0,24,382,3919561.0,0.0,193731.0,1421013.0,Rejected
3207,0,Graduate,No,616031.0,940000.0,18,658,1451374.0,0.0,362743.0,1134944.0,Approved
3208,2,Not Graduate,No,1665897.0,1270000.0,24,609,2835649.0,0.0,2482700.0,2018550.0,Approved
3209,0,Graduate,No,609016.0,1160000.0,24,560,3438912.0,0.0,774398.0,928164.0,Approved
3210,1,Not Graduate,No,760298.0,430000.0,6,619,761309.0,0.0,219215.0,439678.0,Approved
3211,1,Graduate,No,1040774.0,1850000.0,12,546,4663033.0,0.0,408772.0,1674776.0,Rejected
3212,1,Graduate,No,585765.0,790000.0,12,743,2746090.0,0.0,299340.0,257923.0,Approved
3213,0,Graduate,Yes,1042445.0,1650000.0,18,561,-67343.0,660610.0,1098339.0,1623812.0,Rejected
3214,0,Not Graduate,No,1656206.0,1680000.0,18,542,1659432.0,0.0,873181.0,408430.0,Rejected
3215,3,Graduate,Yes,1155478.0,1620000.0,48,533,7979516.0,3060863.0,188274.0,2285345.0,Rejected
3216,1,Not Graduate,No,1654695.0,2780000.0,12,759,12657078.0,0.0,1652878.0,1759088.0,Approved
3217,2,Not Graduate,Yes,986329.0,2670000.0,12,785,4737502.0,3703947.0,171805.0,1951284.0,Rejected
3218,0,Not Graduate,Yes,2062400.0,2640000.0,12,515,12738071.0,1068291.0,2442798.0,2569545.0,Approved
3219,3,Not Graduate,No,1021999.0,2090000.0,6,650,1076975.0,0.0,145184.0,1432686.0,Approved
3220,2,Graduate,No,767593.0,1140000.0,48,615,1514937.0,0.0,618608.0,710554.0,Approved
3221,3,Not Graduate,No,526931.0,380000.0,48,795,394999.0,0.0,388308.0,623026.0,Approved
3222,0,Graduate,No,1561281.0,3590000.0,48,441,4090102.0,0.0,677698.0,1074959.0,Approved
3223,3,Not Graduate,No,942781.0,2400000.0,12,499,944253.0,0.0,286373.0,1768951.0,Approved
3224,4,Graduate,No,5118621.0,8590000.0,24,502,4718785.0,0.0,6849631.0,8916285.0,Rejected
3225,4,Graduate,No,1419119.0,2990000.0,6,437,6484546.0,0.0,502866.0,2103605.0,Approved
3226,2,Graduate,No,1282175.0,1130000.0,6,715,6808110.0,0.0,909146.0,689044.0,Approved
3227,0,Graduate,No,480000.0,720000.0,12,560,3603708.0,0.0,50000.0,634249.0,Rejected
3228,2,Not Graduate,Yes,2241339.0,4760000.0,6,633,13166586.0,6710128.0,1371789.0,3642943.0,Approved
3229,2,Not Graduate,No,1734069.0,4050000.0,36,452,3955924.0,0.0,1491939.0,2839841.0,Approved
3230,0,Graduate,Yes,1154432.0,1470000.0,36,563,596781.0,3346059.0,528094.0,578540.0,Rejected
3231,4,Graduate,Yes,680283.0,1690000.0,18,711,5039655.0,1792514.0,930034.0,1298208.0,Approved
3232,0,Graduate,No,480000.0,590000.0,60,578,2920174.0,0.0,514491.0,52684.0,Approved
3233,0,Not Graduate,No,712636.0,1740000.0,18,748,1791045.0,0.0,818447.0,385343.0,Approved
3234,1,Graduate,No,553535.0,830000.0,18,485,842160.0,0.0,175337.0,99275.0,Approved
3235,0,Graduate,No,1001773.0,1720000.0,36,670,5288276.0,0.0,769475.0,1897860.0,Approved
3236,1,Not Graduate,Yes,1359520.0,3400000.0,18,719,8009063.0,2344266.0,1718650.0,330782.0,Approved
3237,0,Not Graduate,No,1275514.0,2240000.0,12,803,5656138.0,0.0,636908.0,990572.0,Approved
3238,2,Not Graduate,No,1379891.0,4010000.0,60,707,4070848.0,0.0,1713948.0,2622546.0,Rejected
3239,2,Graduate,No,2115842.0,4210000.0,36,504,11837175.0,0.0,2799995.0,1415924.0,Rejected
3240,1,Not Graduate,Yes,934084.0,2250000.0,36,652,3581152.0,3273243.0,1122962.0,712142.0,Rejected
3241,0,Not Graduate,No,885847.0,1420000.0,18,740,5126344.0,0.0,969234.0,1061205.0,Approved
3242,1,Graduate,No,545953.0,1250000.0,18,531,2308748.0,0.0,558227.0,493222.0,Approved
3243,3,Not Graduate,No,891972.0,780000.0,18,528,1584407.0,0.0,81413.0,184605.0,Rejected
3244,0,Not Graduate,No,2673793.0,3860000.0,18,593,12739528.0,0.0,2414655.0,3986329.0,Approved
3245,0,Not Graduate,No,2501494.0,4710000.0,24,672,15168086.0,0.0,1251456.0,2830193.0,Approved
3246,1,Not Graduate,No,1087610.0,540000.0,12,556,2800304.0,0.0,65843.0,846122.0,Approved
3247,1,Graduate,No,599583.0,800000.0,24,555,1184052.0,0.0,354620.0,1153844.0,Approved
3248,2,Graduate,No,1292106.0,690000.0,60,789,7666754.0,0.0,946413.0,307159.0,Approved
3249,1,Not Graduate,No,631715.0,1360000.0,12,589,4279103.0,0.0,420785.0,65287.0,Rejected
3250,0,Not Graduate,No,874588.0,1640000.0,12,578,1551934.0,0.0,1236658.0,345292.0,Approved
3251,2,Graduate,No,2109078.0,4810000.0,24,417,9357382.0,0.0,2009511.0,3863271.0,Approved
3252,1,Not Graduate,Yes,509546.0,770000.0,6,705,2810702.0,1745877.0,254048.0,863640.0,Approved
3253,1,Not Graduate,Yes,633434.0,870000.0,60,632,2972981.0,1732568.0,523515.0,894236.0,Approved
3254,1,Not Graduate,No,480000.0,1040000.0,18,593,3239534.0,0.0,137123.0,366236.0,Rejected
3255,2,Not Graduate,No,2048706.0,3690000.0,24,631,5215373.0,0.0,2380421.0,752980.0,Approved
3256,0,Graduate,No,1314281.0,2300000.0,24,721,8165847.0,0.0,136426.0,1012029.0,Approved
3257,1,Not Graduate,No,1492606.0,1590000.0,12,601,9771586.0,0.0,297911.0,698413.0,Rejected
3258,2,Graduate,Yes,945688.0,2100000.0,36,557,3138956.0,3148146.0,130304.0,1845302.0,Rejected
3259,3,Graduate,Yes,2394516.0,4070000.0,18,473,2467187.0,4346713.0,2414034.0,4334269.0,Approved
3260,0,Graduate,No,1049629.0,2450000.0,24,519,3862057.0,0.0,53095.0,1086847.0,Approved
3261,2,Graduate,No,770161.0,1920000.0,36,822,878373.0,0.0,191149.0,1112874.0,Approved
3262,1,Not Graduate,No,636856.0,1960000.0,12,734,380351.0,0.0,75832.0,350158.0,Approved
3263,1,Not Graduate,No,1002835.0,2010000.0,12,551,974284.0,0.0,777755.0,1392433.0,Rejected
3264,0,Graduate,Yes,3867034.0,4480000.0,24,660,15958426.0,14886690.0,5603170.0,6007149.0,Approved
3265,2,Graduate,No,1128123.0,2240000.0,18,677,8012376.0,0.0,1451519.0,1136592.0,Approved
3266,0,Graduate,No,858974.0,1300000.0,6,578,5788400.0,0.0,1202410.0,887141.0,Approved
3267,0,Not Graduate,No,1763365.0,4570000.0,24,439,7881794.0,0.0,821355.0,2592198.0,Rejected
3268,2,Not Graduate,No,694442.0,1150000.0,12,615,1527931.0,0.0,93621.0,479382.0,Approved
3269,1,Not Graduate,No,1237525.0,1430000.0,24,694,8823771.0,0.0,511605.0,2406857.0,Approved
3270,2,Graduate,No,887252.0,2060000.0,6,800,1675887.0,0.0,564236.0,1534132.0,Rejected
3271,1,Not Graduate,No,1826194.0,720000.0,36,699,12564723.0,0.0,1052025.0,504877.0,Approved
3272,3,Not Graduate,No,2037768.0,2170000.0,6,474,13079158.0,0.0,256834.0,2076827.0,Approved
3273,0,Graduate,Yes,1346450.0,2200000.0,18,611,3223404.0,1677413.0,1094738.0,2078727.0,Approved
3274,3,Not Graduate,Yes,1809759.0,3320000.0,24,777,4539128.0,4644627.0,2358421.0,856555.0,Approved
3275,0,Graduate,No,1478719.0,810000.0,36,661,1467110.0,0.0,421391.0,2076900.0,Approved
3276,1,Not Graduate,No,654912.0,930000.0,36,700,2971597.0,0.0,719785.0,134419.0,Approved
3277,1,Not Graduate,Yes,1022191.0,1410000.0,48,606,4684161.0,2692423.0,422169.0,1882099.0,Approved
3278,0,Not Graduate,No,523747.0,560000.0,60,578,4009169.0,0.0,602518.0,578368.0,Approved
3279,0,Graduate,No,1199269.0,1440000.0,12,616,9304421.0,0.0,674638.0,175533.0,Rejected
3280,1,Not Graduate,No,1620339.0,2560000.0,24,758,4324751.0,0.0,977467.0,3182744.0,Approved
3281,3,Not Graduate,Yes,682388.0,1730000.0,36,793,5120212.0,579387.0,336429.0,1356235.0,Approved
3282,2,Not Graduate,No,1349701.0,880000.0,18,837,8733220.0,0.0,1322981.0,1560481.0,Approved
3283,2,Graduate,Yes,599339.0,1210000.0,12,766,4551429.0,641044.0,499674.0,740286.0,Approved
3284,2,Graduate,No,600664.0,930000.0,24,570,4799312.0,0.0,876126.0,1200250.0,Approved
3285,0,Graduate,No,1536525.0,3720000.0,36,567,-187930.0,0.0,1908343.0,2102753.0,Approved
3286,1,Not Graduate,No,1614035.0,1110000.0,12,596,2163097.0,0.0,209074.0,1602430.0,Rejected
3287,1,Not Graduate,Yes,480000.0,780000.0,6,650,3286225.0,1862668.0,86691.0,504685.0,Approved
3288,2,Graduate,Yes,1102121.0,1100000.0,36,736,2467817.0,112828.0,1099617.0,526696.0,Approved
3289,1,Graduate,No,510927.0,250000.0,36,753,1062381.0,0.0,420600.0,511314.0,Approved
3290,2,Not Graduate,No,1578982.0,1470000.0,36,633,2405431.0,0.0,109132.0,2982833.0,Approved
3291,2,Graduate,No,2420853.0,5170000.0,48,466,6748509.0,0.0,619762.0,3202865.0,Approved
3292,2,Not Graduate,No,774871.0,580000.0,12,741,5129042.0,0.0,50000.0,678477.0,Approved
3293,0,Graduate,No,873526.0,1290000.0,12,634,6795452.0,0.0,1253655.0,1587393.0,Approved
3294,1,Not Graduate,No,717554.0,670000.0,36,540,4500547.0,0.0,322744.0,733984.0,Approved
3295,0,Graduate,Yes,480000.0,1200000.0,24,703,1145629.0,1909471.0,50000.0,566830.0,Approved
3296,2,Graduate,No,520088.0,1190000.0,48,644,821269.0,0.0,139883.0,893034.0,Approved
3297,2,Not Graduate,No,1176199.0,1980000.0,36,752,2651923.0,0.0,1632365.0,1155430.0,Approved
3298,1,Not Graduate,Yes,676210.0,780000.0,36,542,4738243.0,36952.0,934956.0,151853.0,Approved
3299,0,Graduate,No,637074.0,300000.0,36,685,3641323.0,0.0,652765.0,1235861.0,Approved
3300,2,Graduate,No,2276787.0,5590000.0,36,602,15203316.0,0.0,918554.0,3396760.0,Rejected
3301,1,Not Graduate,Yes,1636591.0,2250000.0,6,498,8922736.0,1034930.0,547427.0,817646.0,Rejected
3302,0,Graduate,No,620155.0,930000.0,36,584,713295.0,0.0,485310.0,773900.0,Approved
3303,0,Graduate,No,1442243.0,2270000.0,18,622,10006924.0,0.0,1344600.0,1169960.0,Rejected
3304,0,Graduate,No,2857284.0,5440000.0,12,649,8151916.0,0.0,2383309.0,3739125.0,Approved
3305,2,Not Graduate,No,480000.0,360000.0,36,697,668655.0,0.0,100277.0,600362.0,Approved
3306,0,Not Graduate,No,685306.0,1950000.0,24,639,4524545.0,0.0,559988.0,1237112.0,Approved
3307,1,Not Graduate,No,480000.0,650000.0,24,615,2120281.0,0.0,411335.0,688691.0,Approved
3308,3,Not Graduate,Yes,1280762.0,910000.0,18,523,4486633.0,1786244.0,284296.0,819289.0,Rejected
3309,0,Not Graduate,No,2519746.0,3180000.0,48,646,10324996.0,0.0,406934.0,1743462.0,Approved
3310,2,Not Graduate,Yes,2738723.0,6450000.0,24,631,13331506.0,1200064.0,1624442.0,1777680.0,Approved
3311,0,Graduate,Yes,1469793.0,1420000.0,18,475,5366487.0,4300296.0,1448368.0,1830734.0,Rejected
3312,3,Graduate,No,1727324.0,3740000.0,24,706,12924989.0,0.0,1311921.0,2186847.0,Approved
3313,0,Not Graduate,No,1868120.0,5160000.0,12,598,3304786.0,0.0,995883.0,958476.0,Approved
3314,1,Not Graduate,No,1010279.0,1010000.0,12,647,5996255.0,0.0,126604.0,454201.0,Rejected
3315,4,Graduate,Yes,615962.0,380000.0,36,594,4162215.0,740179.0,419907.0,227603.0,Approved
3316,1,Not Graduate,No,1418423.0,1210000.0,18,608,7347946.0,0.0,1788602.0,2083135.0,Approved
3317,3,Not Graduate,No,618268.0,850000.0,48,760,494164.0,0.0,761447.0,723151.0,Approved
3318,1,Graduate,No,480000.0,830000.0,18,516,659784.0,0.0,62587.0,908119.0,Rejected
3319,2,Not Graduate,Yes,1010339.0,1890000.0,18,590,939537.0,1402107.0,501566.0,1190147.0,Rejected
3320,2,Not Graduate,No,3600240.0,7460000.0,24,657,2735098.0,0.0,2379796.0,5793441.0,Approved
3321,3,Graduate,Yes,2098216.0,3820000.0,24,497,12746903.0,7874417.0,1576966.0,2986130.0,Rejected
3322,2,Not Graduate,No,568972.0,770000.0,12,685,2051469.0,0.0,353260.0,294803.0,Approved
3323,1,Not Graduate,Yes,1470135.0,3220000.0,18,528,4313588.0,5551962.0,811347.0,1373494.0,Rejected
3324,1,Graduate,Yes,1332454.0,1050000.0,12,624,680749.0,1557414.0,1994061.0,578262.0,Approved
3325,1,Graduate,No,1563439.0,2970000.0,48,700,9328116.0,0.0,1110795.0,2197304.0,Approved
3326,1,Not Graduate,No,480000.0,740000.0,12,560,812282.0,0.0,242482.0,727792.0,Approved
3327,1,Not Graduate,Yes,1096321.0,730000.0,60,375,7819491.0,3616963.0,960260.0,1386187.0,Rejected
3328,2,Not Graduate,No,1209071.0,1560000.0,60,553,6404787.0,0.0,1284960.0,756019.0,Approved
3329,1,Not Graduate,No,2193898.0,2100000.0,24,651,17103951.0,0.0,2655148.0,4029269.0,Approved
3330,0,Not Graduate,Yes,2434619.0,1400000.0,18,481,13255089.0,2382380.0,3137340.0,4357638.0,Approved
3331,1,Graduate,No,832350.0,440000.0,6,415,2713604.0,0.0,799040.0,941463.0,Approved
3332,0,Graduate,No,774756.0,2110000.0,6,719,3500852.0,0.0,627066.0,296068.0,Approved
3333,2,Not Graduate,No,587245.0,260000.0,24,711,2744181.0,0.0,380143.0,441739.0,Approved
3334,2,Not Graduate,No,480000.0,600000.0,18,572,3685659.0,0.0,354881.0,285266.0,Rejected
3335,2,Not Graduate,No,812893.0,1700000.0,12,621,4859139.0,0.0,1093356.0,1444370.0,Rejected
3336,2,Graduate,No,1386922.0,840000.0,18,721,3374313.0,0.0,1886429.0,2226258.0,Approved
3337,2,Graduate,Yes,532439.0,1220000.0,24,678,1565660.0,1930015.0,76608.0,718602.0,Rejected
3338,2,Not Graduate,No,1863477.0,4560000.0,48,383,10774769.0,0.0,183881.0,652405.0,Rejected
3339,2,Graduate,Yes,665146.0,1510000.0,60,664,2361382.0,532069.0,168797.0,630060.0,Approved
3340,0,Not Graduate,No,765385.0,1390000.0,12,668,4911314.0,0.0,54353.0,504467.0,Approved
3341,1,Graduate,No,1279735.0,1830000.0,24,682,3240383.0,0.0,64123.0,2083723.0,Rejected
3342,2,Not Graduate,No,570482.0,1010000.0,48,420,1522065.0,0.0,727760.0,462024.0,Rejected
3343,3,Not Graduate,No,1332636.0,3100000.0,18,707,7242004.0,0.0,1347395.0,1703509.0,Approved
3344,0,Not Graduate,No,1532017.0,1690000.0,18,416,5909756.0,0.0,2055052.0,254303.0,Rejected
3345,2,Not Graduate,No,837923.0,1940000.0,12,543,4998082.0,0.0,333229.0,402573.0,Rejected
3346,1,Graduate,No,1268381.0,2010000.0,36,636,2923314.0,0.0,1535836.0,1855567.0,Approved
3347,0,Graduate,No,1063678.0,3190000.0,48,657,1763396.0,0.0,104559.0,173951.0,Rejected
3348,1,Graduate,Yes,1273629.0,630000.0,60,612,6178705.0,4947427.0,681326.0,1206457.0,Approved
3349,2,Not Graduate,Yes,480000.0,900000.0,12,708,3544823.0,1433066.0,50000.0,277000.0,Approved
3350,1,Graduate,No,1703962.0,5000000.0,36,662,10115646.0,0.0,716434.0,1452820.0,Approved
3351,1,Graduate,Yes,2746578.0,1260000.0,18,604,8301889.0,5749353.0,2234193.0,1161276.0,Rejected
3352,0,Graduate,No,954240.0,1630000.0,60,643,3623980.0,0.0,706956.0,494149.0,Approved
3353,3,Graduate,No,871248.0,2050000.0,18,597,560961.0,0.0,467217.0,1421886.0,Approved
3354,1,Not Graduate,No,3094033.0,2540000.0,18,746,3997419.0,0.0,3859314.0,458664.0,Approved
3355,1,Graduate,No,480000.0,560000.0,12,698,3192962.0,0.0,115838.0,900099.0,Approved
3356,4,Graduate,No,1679091.0,1310000.0,6,555,3886306.0,0.0,2208571.0,1934101.0,Approved
3357,1,Not Graduate,No,704438.0,1120000.0,48,528,816971.0,0.0,808972.0,1157919.0,Rejected
3358,1,Graduate,Yes,1624100.0,1330000.0,36,656,12523743.0,6002221.0,150153.0,641545.0,Approved
3359,2,Graduate,No,480000.0,970000.0,24,630,1752600.0,0.0,452379.0,722780.0,Approved
3360,0,Graduate,Yes,731901.0,1120000.0,36,549,1160517.0,1743245.0,999524.0,831196.0,Approved
3361,2,Not Graduate,No,1345845.0,570000.0,24,662,8990088.0,0.0,1471346.0,2272131.0,Approved
3362,1,Not Graduate,No,782867.0,980000.0,18,604,3410494.0,0.0,481204.0,266181.0,Approved
3363,0,Not Graduate,Yes,813502.0,1210000.0,24,647,5524532.0,2448983.0,527758.0,1110271.0,Rejected
3364,1,Graduate,No,1255168.0,640000.0,48,746,8744912.0,0.0,1514231.0,1455182.0,Approved
3365,0,Not Graduate,No,2810847.0,7500000.0,18,567,2194533.0,0.0,1158690.0,1145014.0,Approved
3366,0,Graduate,No,931395.0,2020000.0,12,504,4207977.0,0.0,583300.0,1305078.0,Rejected
3367,1,Graduate,Yes,1659926.0,2570000.0,48,524,4311735.0,2846272.0,2169273.0,2679665.0,Rejected
3368,0,Graduate,Yes,1516811.0,3880000.0,18,590,4863981.0,3025064.0,1694977.0,1902242.0,Approved
3369,2,Graduate,Yes,1084574.0,580000.0,12,616,5780955.0,2489074.0,1036331.0,2081688.0,Approved
3370,3,Graduate,No,746378.0,1390000.0,60,729,5338797.0,0.0,87463.0,519275.0,Approved
3371,2,Graduate,Yes,559493.0,510000.0,24,788,3515877.0,2133537.0,828620.0,663823.0,Approved
3372,2,Not Graduate,No,828898.0,720000.0,12,629,5797259.0,0.0,656917.0,1334303.0,Approved
3373,2,Graduate,Yes,815463.0,1990000.0,24,547,5134735.0,1395350.0,1070116.0,1087722.0,Approved
3374,1,Not Graduate,No,668805.0,440000.0,24,426,4110676.0,0.0,778935.0,829091.0,Approved
3375,3,Not Graduate,No,569235.0,1390000.0,24,519,1493680.0,0.0,377466.0,869260.0,Rejected
3376,1,Graduate,No,1517275.0,1260000.0,18,557,8676263.0,0.0,2086235.0,1380843.0,Approved
3377,1,Graduate,No,480000.0,510000.0,24,567,-87739.0,0.0,74785.0,417397.0,Approved
3378,2,Not Graduate,No,480000.0,370000.0,12,755,373311.0,0.0,377813.0,855629.0,Approved
3379,0,Graduate,No,1521019.0,3250000.0,24,497,8670431.0,0.0,1740239.0,2770807.0,Rejected
3380,0,Graduate,Yes,1568686.0,2400000.0,12,666,3741594.0,1408099.0,1926916.0,3044910.0,Approved
3381,1,Graduate,Yes,754928.0,1240000.0,12,748,1797971.0,297150.0,386900.0,90316.0,Approved
3382,3,Not Graduate,Yes,659733.0,860000.0,24,674,1078668.0,2591962.0,880030.0,319372.0,Approved
3383,2,Not Graduate,Yes,1101314.0,2240000.0,36,549,7727733.0,3623442.0,118260.0,938257.0,Rejected
3384,1,Not Graduate,No,1066106.0,3050000.0,18,704,4747592.0,0.0,387452.0,1318860.0,Approved
3385,4,Not Graduate,No,1010590.0,1070000.0,12,621,1863485.0,0.0,977538.0,1633111.0,Approved
3386,1,Graduate,No,3000398.0,5930000.0,18,519,4442641.0,0.0,474155.0,5868875.0,Approved
3387,0,Not Graduate,No,772636.0,1720000.0,24,682,3671710.0,0.0,964505.0,855872.0,Rejected
3388,1,Not Graduate,No,1539005.0,1420000.0,24,624,7607640.0,0.0,1531873.0,1579187.0,Rejected
3389,0,Not Graduate,No,1507396.0,4180000.0,24,373,6053658.0,0.0,147753.0,2241324.0,Rejected
3390,0,Graduate,Yes,1827568.0,3320000.0,36,599,7244373.0,4916161.0,1935296.0,2702000.0,Rejected
3391,2,Not Graduate,No,2015187.0,3330000.0,18,656,5990843.0,0.0,2694071.0,1688105.0,Rejected
3392,0,Not Graduate,Yes,2006162.0,3560000.0,12,517,6170056.0,7095191.0,1906043.0,999838.0,Rejected
3393,1,Not Graduate,Yes,766801.0,2040000.0,24,678,2886549.0,1298063.0,218920.0,1330091.0,Approved
3394,3,Not Graduate,No,1408018.0,2330000.0,18,679,6781475.0,0.0,498522.0,2351847.0,Rejected
3395,0,Graduate,No,780746.0,1500000.0,36,862,5498571.0,0.0,472827.0,570585.0,Approved
3396,2,Graduate,No,488303.0,1020000.0,18,830,2421555.0,0.0,162144.0,464840.0,Approved
3397,0,Not Graduate,No,4046347.0,3160000.0,48,530,14653045.0,0.0,285820.0,3858454.0,Rejected
3398,0,Not Graduate,No,827279.0,2490000.0,12,702,711911.0,0.0,50000.0,1197355.0,Rejected
3399,2,Graduate,No,1242727.0,2780000.0,24,528,7382507.0,0.0,619746.0,226921.0,Approved
3400,1,Graduate,No,4935520.0,12780000.0,48,391,33538125.0,0.0,4346455.0,2374208.0,Rejected
3401,2,Graduate,No,764035.0,1850000.0,12,461,5926261.0,0.0,885031.0,484320.0,Approved
3402,3,Graduate,No,1406962.0,840000.0,12,544,6502225.0,0.0,1389571.0,1678191.0,Approved
3403,0,Not Graduate,Yes,2104350.0,1020000.0,18,588,11248860.0,2248511.0,2692766.0,257518.0,Approved
3404,2,Not Graduate,No,912739.0,1800000.0,60,722,1613722.0,0.0,1289920.0,1123035.0,Approved
3405,1,Not Graduate,No,3868745.0,2010000.0,36,543,6518905.0,0.0,2153172.0,2222346.0,Approved
3406,1,Not Graduate,No,633854.0,1690000.0,24,610,2349780.0,0.0,572024.0,719215.0,Approved
3407,4,Graduate,No,841966.0,360000.0,24,742,5234828.0,0.0,231871.0,411501.0,Approved
3408,4,Not Graduate,No,1121454.0,2770000.0,12,668,5600547.0,0.0,1233859.0,958312.0,Approved
3409,1,Not Graduate,Yes,938955.0,1530000.0,36,610,1971262.0,2786335.0,830739.0,972801.0,Rejected
3410,3,Graduate,No,1057912.0,1500000.0,36,662,5916942.0,0.0,1116569.0,1658012.0,Approved
3411,0,Not Graduate,No,1727957.0,4800000.0,12,490,9596738.0,0.0,2556210.0,3161621.0,Approved
3412,0,Not Graduate,No,1923111.0,4640000.0,6,539,9157068.0,0.0,1556461.0,3745791.0,Rejected
3413,0,Graduate,No,895794.0,1380000.0,18,712,6737790.0,0.0,1291041.0,826636.0,Approved
3414,0,Graduate,No,2053655.0,4290000.0,36,703,12905047.0,0.0,3018699.0,2392228.0,Rejected
3415,0,Not Graduate,No,715628.0,590000.0,60,704,4551034.0,0.0,975077.0,738156.0,Approved
3416,1,Not Graduate,Yes,2419199.0,2110000.0,24,781,-85202.0,7637768.0,126888.0,3289820.0,Approved
3417,0,Not Graduate,No,1189404.0,3510000.0,48,602,3603291.0,0.0,348648.0,129591.0,Approved
3418,0,Graduate,No,480000.0,360000.0,18,477,2736165.0,0.0,560467.0,651428.0,Rejected
3419,2,Graduate,No,2351234.0,5990000.0,24,803,6538040.0,0.0,2681384.0,1255836.0,Approved
3420,1,Graduate,No,480000.0,1370000.0,60,524,2062784.0,0.0,689847.0,818242.0,Rejected
3421,2,Graduate,No,853094.0,1170000.0,36,595,4248262.0,0.0,634425.0,1324580.0,Approved
3422,2,Not Graduate,No,2613124.0,6280000.0,12,557,6991265.0,0.0,2006953.0,5173261.0,Rejected
3423,3,Not Graduate,Yes,533644.0,1340000.0,36,716,1336494.0,231327.0,780829.0,192444.0,Approved
3424,0,Graduate,No,834431.0,1230000.0,6,626,3827342.0,0.0,464161.0,1040291.0,Approved
3425,3,Graduate,Yes,480000.0,900000.0,12,504,1201808.0,38488.0,107445.0,510321.0,Rejected
3426,0,Graduate,No,791462.0,1400000.0,48,562,3373562.0,0.0,796182.0,1239426.0,Approved
3427,1,Not Graduate,Yes,3528385.0,9760000.0,24,443,8181992.0,9687431.0,3283558.0,1189365.0,Rejected
3428,0,Not Graduate,No,1335128.0,1580000.0,48,596,6816604.0,0.0,1663924.0,2223629.0,Approved
3429,2,Not Graduate,No,1939660.0,1650000.0,36,855,5337494.0,0.0,2748187.0,3599165.0,Approved
3430,0,Graduate,No,976987.0,820000.0,24,702,4294861.0,0.0,327608.0,109624.0,Approved
3431,2,Not Graduate,No,1472310.0,3310000.0,24,627,8701882.0,0.0,1242644.0,227801.0,Approved
3432,2,Not Graduate,Yes,3122032.0,6090000.0,12,670,22371845.0,10207261.0,1041408.0,2133338.0,Rejected
3433,2,Not Graduate,No,1332710.0,1460000.0,12,513,8000030.0,0.0,1044842.0,2027348.0,Rejected
3434,3,Not Graduate,No,500148.0,500000.0,24,385,2825064.0,0.0,153316.0,118092.0,Rejected
3435,1,Graduate,No,1367282.0,3290000.0,24,595,9634607.0,0.0,1221835.0,2038136.0,Approved
3436,4,Not Graduate,No,841912.0,2120000.0,6,478,3344477.0,0.0,266634.0,827417.0,Rejected
3437,2,Not Graduate,No,1060356.0,2290000.0,36,755,3742482.0,0.0,956506.0,714801.0,Approved
3438,3,Graduate,No,1101562.0,2620000.0,36,736,2608471.0,0.0,692734.0,1944857.0,Approved
3439,0,Graduate,Yes,1357189.0,2470000.0,12,565,5611115.0,2423636.0,358393.0,1040143.0,Rejected
3440,1,Graduate,Yes,1407009.0,1560000.0,12,574,4998365.0,3999461.0,1870724.0,1945716.0,Approved
3441,2,Not Graduate,No,3605690.0,1630000.0,12,621,13358320.0,0.0,1541363.0,2686303.0,Approved
3442,1,Graduate,Yes,1000851.0,1300000.0,12,798,606735.0,1208024.0,940893.0,136733.0,Approved
3443,0,Not Graduate,No,899676.0,480000.0,36,716,2982322.0,0.0,733311.0,865512.0,Approved
3444,0,Not Graduate,No,1581945.0,1070000.0,48,470,4057184.0,0.0,289213.0,1403281.0,Approved
3445,2,Not Graduate,Yes,1020916.0,2840000.0,24,569,7908739.0,1581175.0,1295698.0,1503873.0,Rejected
3446,1,Graduate,No,1530878.0,2940000.0,12,722,7892820.0,0.0,1956307.0,1965791.0,Approved
3447,0,Not Graduate,No,828210.0,2220000.0,24,509,4486253.0,0.0,958719.0,392958.0,Approved
3448,1,Not Graduate,Yes,888173.0,930000.0,6,772,4205177.0,3023919.0,70198.0,627402.0,Approved
3449,3,Graduate,No,2053548.0,1460000.0,18,900,10264796.0,0.0,2751579.0,2578698.0,Approved
3450,0,Not Graduate,No,2203692.0,4410000.0,12,448,16366924.0,0.0,2567153.0,1323522.0,Rejected
3451,2,Graduate,No,480000.0,730000.0,24,694,930207.0,0.0,161177.0,927231.0,Approved
3452,0,Graduate,No,981142.0,1990000.0,18,592,2197831.0,0.0,760410.0,790617.0,Approved
3453,2,Not Graduate,No,2003189.0,4380000.0,12,758,10379620.0,0.0,1907392.0,2400328.0,Approved
3454,3,Not Graduate,Yes,1803603.0,2130000.0,18,575,13966212.0,5584880.0,1220597.0,1379310.0,Approved
3455,4,Not Graduate,Yes,1312321.0,2280000.0,24,500,-181911.0,3174148.0,1537562.0,1984838.0,Approved
3456,0,Not Graduate,Yes,2356157.0,2470000.0,12,677,6107449.0,4746804.0,2612355.0,1142550.0,Approved
3457,2,Not Graduate,No,1408964.0,3170000.0,6,666,7752371.0,0.0,615975.0,1016135.0,Approved
3458,2,Graduate,No,1140060.0,2680000.0,12,655,5376670.0,0.0,1182981.0,2047709.0,Approved
3459,1,Graduate,No,2185068.0,4290000.0,24,426,5428639.0,0.0,401090.0,1548151.0,Rejected
3460,3,Not Graduate,No,1826437.0,2330000.0,24,652,6207490.0,0.0,1420208.0,1265570.0,Approved
3461,1,Graduate,No,801063.0,970000.0,24,576,3254185.0,0.0,1159301.0,444629.0,Rejected
3462,0,Graduate,Yes,688235.0,1460000.0,24,641,2724497.0,38264.0,749464.0,513657.0,Approved
3463,0,Not Graduate,No,2039188.0,5260000.0,18,380,9380781.0,0.0,745140.0,2200759.0,Rejected
3464,1,Not Graduate,Yes,1295016.0,1460000.0,18,821,3681029.0,1663131.0,509767.0,1707707.0,Approved
3465,0,Graduate,No,1626917.0,2010000.0,48,665,10893328.0,0.0,1777706.0,1507698.0,Rejected
3466,0,Graduate,No,838426.0,1140000.0,6,596,2525240.0,0.0,594211.0,885082.0,Approved
3467,2,Not Graduate,Yes,532945.0,1210000.0,36,587,3105167.0,316698.0,139351.0,921317.0,Approved
3468,0,Not Graduate,Yes,1575187.0,2050000.0,24,589,9715623.0,548512.0,753824.0,2780450.0,Rejected
3469,3,Not Graduate,No,694648.0,1780000.0,18,713,529533.0,0.0,976635.0,270117.0,Approved
3470,1,Graduate,No,1838282.0,3730000.0,48,663,4147854.0,0.0,814926.0,3438817.0,Approved
3471,3,Not Graduate,Yes,1793833.0,1700000.0,24,455,5354664.0,3038413.0,1356511.0,1828835.0,Approved
3472,2,Graduate,Yes,729588.0,580000.0,12,535,3610694.0,2048222.0,279792.0,167826.0,Approved
3473,2,Graduate,No,1991197.0,4570000.0,24,568,10895010.0,0.0,2311905.0,261162.0,Rejected
3474,1,Graduate,No,771688.0,2160000.0,18,672,4277226.0,0.0,129053.0,118111.0,Rejected
3475,1,Graduate,Yes,1249847.0,2580000.0,36,738,8026688.0,3108896.0,1270923.0,1944754.0,Rejected
3476,3,Not Graduate,No,480000.0,250000.0,48,661,2052757.0,0.0,479125.0,105599.0,Approved
3477,0,Graduate,No,4840525.0,12290000.0,48,517,10285741.0,0.0,998757.0,9214326.0,Approved
3478,1,Graduate,No,1105300.0,950000.0,12,629,1930646.0,0.0,646473.0,161686.0,Approved
3479,1,Not Graduate,No,1071231.0,1140000.0,6,447,6487890.0,0.0,1293340.0,1334810.0,Approved
3480,2,Not Graduate,No,1018840.0,1630000.0,24,535,4850557.0,0.0,213107.0,1953260.0,Approved
3481,1,Not Graduate,Yes,2805884.0,6660000.0,18,521,17469525.0,8639065.0,1629787.0,373754.0,Rejected
3482,2,Graduate,No,769211.0,660000.0,12,714,1628604.0,0.0,856751.0,530976.0,Approved
3483,1,Graduate,Yes,1003014.0,2730000.0,48,628,5807247.0,237201.0,593710.0,1202130.0,Rejected
3484,0,Not Graduate,No,1542195.0,2290000.0,36,795,2563440.0,0.0,1587753.0,1538390.0,Approved
3485,2,Graduate,No,1522875.0,4280000.0,12,627,5781370.0,0.0,1005523.0,202776.0,Approved
3486,0,Not Graduate,No,1247905.0,890000.0,24,573,2000316.0,0.0,819887.0,2220036.0,Approved
3487,1,Graduate,No,2136089.0,4130000.0,36,707,5737533.0,0.0,619770.0,590444.0,Approved
3488,1,Not Graduate,No,1821353.0,4390000.0,24,387,12070336.0,0.0,1180520.0,572220.0,Rejected
3489,0,Graduate,No,480000.0,470000.0,6,674,2449506.0,0.0,461474.0,587426.0,Approved
3490,0,Not Graduate,No,1316208.0,2530000.0,36,773,6933371.0,0.0,440491.0,1722781.0,Approved
3491,2,Not Graduate,No,1832399.0,5460000.0,6,517,8806320.0,0.0,1901674.0,237327.0,Rejected
3492,4,Not Graduate,No,1305862.0,880000.0,24,552,9603144.0,0.0,1274578.0,909823.0,Rejected
3493,0,Graduate,No,1546606.0,2420000.0,12,532,5678633.0,0.0,1396837.0,2739460.0,Approved
3494,1,Not Graduate,Yes,1289400.0,990000.0,36,542,-158698.0,2632258.0,1567751.0,253738.0,Approved
3495,3,Not Graduate,No,726296.0,330000.0,60,566,870418.0,0.0,668290.0,164806.0,Approved
3496,2,Not Graduate,No,2513964.0,3070000.0,6,545,2023269.0,0.0,2869024.0,1046478.0,Rejected
3497,0,Not Graduate,Yes,1449059.0,2970000.0,24,616,4702035.0,3335996.0,600252.0,2433527.0,Approved
3498,1,Graduate,No,2599621.0,5320000.0,12,632,7447730.0,0.0,1924252.0,1312932.0,Approved
3499,0,Not Graduate,Yes,3092108.0,3300000.0,24,694,21676946.0,6448534.0,649620.0,4670604.0,Approved
3500,0,Not Graduate,Yes,2138805.0,3790000.0,18,640,6691885.0,5719982.0,2377586.0,3729968.0,Approved
3501,3,Not Graduate,Yes,836857.0,1880000.0,12,736,1228723.0,2790143.0,111064.0,552402.0,Approved
3502,0,Graduate,No,1621089.0,3330000.0,60,527,4188672.0,0.0,230863.0,1298810.0,Approved
3503,3,Not Graduate,No,1999070.0,2690000.0,24,695,2819442.0,0.0,1397177.0,3304386.0,Approved
3504,3,Graduate,No,1062553.0,1340000.0,6,679,5208118.0,0.0,210975.0,1544919.0,Approved
3505,2,Not Graduate,No,1118214.0,2540000.0,60,557,-154440.0,0.0,74998.0,1430095.0,Rejected
3506,3,Not Graduate,No,1191637.0,1350000.0,36,605,597589.0,0.0,471480.0,860088.0,Rejected
3507,2,Not Graduate,No,982406.0,2790000.0,12,658,3865944.0,0.0,119963.0,284890.0,Approved
3508,1,Graduate,No,488715.0,360000.0,6,655,3391124.0,0.0,325537.0,722498.0,Rejected
3509,4,Not Graduate,No,1329855.0,2610000.0,24,673,9832182.0,0.0,471631.0,1088031.0,Rejected
3510,0,Not Graduate,No,1262980.0,3630000.0,48,447,7787161.0,0.0,1781822.0,1481760.0,Rejected
3511,3,Not Graduate,No,1759811.0,3000000.0,36,647,13101659.0,0.0,1781178.0,3511624.0,Approved
3512,3,Not Graduate,No,1208190.0,570000.0,12,546,3846525.0,0.0,1393918.0,1078519.0,Approved
3513,0,Not Graduate,No,2489699.0,2850000.0,18,789,11119881.0,0.0,3168699.0,2968436.0,Approved
3514,0,Not Graduate,No,817849.0,350000.0,48,757,4349313.0,0.0,1107719.0,403924.0,Approved
3515,0,Not Graduate,No,587321.0,1500000.0,6,545,429948.0,0.0,114285.0,235209.0,Rejected
3516,3,Not Graduate,No,1131659.0,790000.0,48,507,4328929.0,0.0,1268407.0,1972441.0,Approved
3517,3,Not Graduate,No,2648704.0,2100000.0,18,735,10243312.0,0.0,1529330.0,684277.0,Approved
3518,3,Graduate,Yes,1324253.0,3610000.0,24,807,5433466.0,3107554.0,765122.0,188875.0,Approved
3519,0,Not Graduate,No,2072132.0,5900000.0,12,525,15254935.0,0.0,992701.0,453821.0,Approved
3520,1,Graduate,No,655848.0,690000.0,36,608,406795.0,0.0,108159.0,148596.0,Approved
3521,1,Not Graduate,Yes,1435762.0,670000.0,6,662,1877902.0,1284649.0,822519.0,1724786.0,Approved
3522,2,Not Graduate,No,575555.0,790000.0,24,771,2659592.0,0.0,182881.0,120697.0,Approved
3523,0,Graduate,No,1182814.0,3750000.0,12,694,3941771.0,0.0,1714367.0,2327210.0,Approved
3524,0,Not Graduate,Yes,480000.0,740000.0,24,696,2409105.0,588068.0,494489.0,588251.0,Rejected
3525,0,Graduate,Yes,4526303.0,5240000.0,6,607,25374753.0,11191644.0,400638.0,2061833.0,Approved
3526,2,Graduate,No,2233113.0,5170000.0,18,709,8365081.0,0.0,695093.0,1061460.0,Rejected
3527,0,Graduate,Yes,1952356.0,4210000.0,60,508,3814240.0,3152517.0,683648.0,3286205.0,Rejected
3528,1,Not Graduate,No,1518348.0,3150000.0,12,678,3211287.0,0.0,1525918.0,453935.0,Approved
3529,2,Not Graduate,No,488582.0,670000.0,12,526,2879023.0,0.0,95930.0,712839.0,Rejected
3530,1,Not Graduate,No,875635.0,1740000.0,60,636,3067007.0,0.0,555977.0,1369531.0,Approved
3531,2,Not Graduate,No,749665.0,1760000.0,36,645,1663085.0,0.0,968284.0,584148.0,Approved
3532,0,Not Graduate,Yes,1748606.0,2650000.0,24,538,11302472.0,4310403.0,1537391.0,481520.0,Rejected
3533,1,Graduate,No,930911.0,710000.0,24,900,5056252.0,0.0,1332122.0,784798.0,Approved
3534,3,Not Graduate,No,661479.0,1350000.0,24,750,2971327.0,0.0,876474.0,837658.0,Approved
3535,2,Graduate,No,613527.0,360000.0,24,518,894093.0,0.0,481415.0,148369.0,Approved
3536,3,Graduate,No,2556339.0,1460000.0,12,584,19017307.0,0.0,970660.0,1053989.0,Approved
3537,2,Graduate,No,832343.0,430000.0,48,406,4451687.0,0.0,57895.0,784310.0,Approved
3538,1,Graduate,No,976426.0,1140000.0,6,479,4183351.0,0.0,275285.0,1310540.0,Approved
3539,0,Not Graduate,Yes,1288115.0,2820000.0,36,635,4565393.0,4644101.0,110176.0,1269395.0,Rejected
3540,3,Graduate,No,3470482.0,1840000.0,36,711,21254463.0,0.0,2940115.0,6327935.0,Rejected
3541,1,Graduate,No,2015797.0,1480000.0,12,515,1296496.0,0.0,336696.0,2225228.0,Rejected
3542,1,Not Graduate,No,2357354.0,6970000.0,18,684,14569069.0,0.0,360049.0,3849383.0,Approved
3543,1,Graduate,No,480000.0,380000.0,18,596,2888926.0,0.0,160216.0,953622.0,Approved
3544,1,Not Graduate,No,4155413.0,5860000.0,24,663,13276942.0,0.0,3417011.0,5656736.0,Approved
3545,0,Not Graduate,No,904338.0,2580000.0,12,600,2587036.0,0.0,1213280.0,254514.0,Rejected
3546,4,Not Graduate,No,1048456.0,2430000.0,48,622,5747397.0,0.0,1489583.0,1761438.0,Approved
3547,2,Graduate,No,520561.0,980000.0,12,606,2029006.0,0.0,281865.0,979912.0,Approved
3548,2,Graduate,Yes,1686672.0,1260000.0,24,657,1803812.0,6272996.0,1881202.0,3255282.0,Approved
3549,4,Graduate,No,915662.0,2540000.0,24,721,1914699.0,0.0,366916.0,1290692.0,Rejected
3550,1,Graduate,No,755001.0,1000000.0,24,767,4271520.0,0.0,130216.0,235891.0,Approved
3551,1,Graduate,No,776010.0,1210000.0,6,567,3464549.0,0.0,84514.0,1007896.0,Approved
3552,2,Not Graduate,No,1138544.0,1480000.0,12,714,9088024.0,0.0,1118436.0,590931.0,Approved
3553,3,Not Graduate,No,2496660.0,4030000.0,36,545,12570114.0,0.0,219457.0,2513339.0,Approved
3554,1,Graduate,No,2845914.0,4680000.0,24,695,8154675.0,0.0,3744334.0,3448178.0,Approved
3555,3,Graduate,No,3428771.0,7130000.0,24,849,20727744.0,0.0,495355.0,932876.0,Approved
3556,3,Not Graduate,No,1926518.0,5400000.0,24,749,3814380.0,0.0,868304.0,3380992.0,Approved
3557,0,Graduate,No,480000.0,860000.0,18,560,3200619.0,0.0,503644.0,764650.0,Approved
3558,2,Graduate,No,1233930.0,3540000.0,12,643,9527277.0,0.0,232565.0,537016.0,Approved
3559,0,Graduate,No,682388.0,1460000.0,48,663,2779776.0,0.0,160273.0,278162.0,Approved
3560,0,Not Graduate,No,1435552.0,600000.0,36,580,3313696.0,0.0,1043689.0,2160329.0,Approved
3561,2,Graduate,No,567350.0,840000.0,12,591,2598457.0,0.0,445893.0,242843.0,Rejected
3562,1,Not Graduate,Yes,2565460.0,6020000.0,18,586,11777085.0,8000019.0,2507541.0,3924656.0,Approved
3563,2,Not Graduate,Yes,490361.0,1400000.0,12,616,1216117.0,630766.0,654704.0,756814.0,Rejected
3564,1,Graduate,No,1957691.0,3960000.0,6,643,5801849.0,0.0,1931278.0,3911611.0,Approved
3565,0,Graduate,No,949438.0,820000.0,24,677,6378822.0,0.0,816579.0,1490060.0,Approved
3566,2,Graduate,No,2135575.0,6160000.0,24,624,14321657.0,0.0,1181144.0,2179811.0,Rejected
3567,2,Not Graduate,No,997900.0,2640000.0,24,631,6848918.0,0.0,885098.0,953768.0,Approved
3568,3,Not Graduate,No,797544.0,610000.0,12,581,5404099.0,0.0,795791.0,663466.0,Approved
3569,0,Graduate,No,1204488.0,2460000.0,24,471,8781117.0,0.0,122239.0,1276401.0,Approved
3570,0,Not Graduate,No,1089022.0,420000.0,12,608,7631367.0,0.0,806579.0,1784897.0,Approved
3571,0,Not Graduate,Yes,1368739.0,3280000.0,18,540,1708038.0,1651019.0,1304656.0,1150632.0,Approved
3572,2,Not Graduate,Yes,555931.0,570000.0,6,637,1379563.0,1723500.0,766497.0,189955.0,Approved
3573,1,Graduate,No,1032652.0,2660000.0,24,549,7666334.0,0.0,1139121.0,1407635.0,Approved
3574,0,Not Graduate,No,1549515.0,3600000.0,6,501,-109756.0,0.0,1616312.0,3096671.0,Rejected
3575,1,Graduate,No,867079.0,820000.0,18,694,3957836.0,0.0,1261950.0,545212.0,Approved
3576,3,Not Graduate,Yes,1815362.0,2360000.0,36,610,4333657.0,1916430.0,2181211.0,2481058.0,Approved
3577,2,Graduate,No,1701932.0,1040000.0,12,707,9677896.0,0.0,121377.0,3331646.0,Approved
3578,4,Graduate,No,760691.0,620000.0,36,586,5896361.0,0.0,601801.0,975988.0,Rejected
3579,1,Not Graduate,Yes,1677538.0,1060000.0,12,496,10913699.0,4546049.0,2498311.0,1338726.0,Rejected
3580,1,Graduate,No,1243919.0,3240000.0,48,607,8727743.0,0.0,1097579.0,489874.0,Approved
3581,1,Not Graduate,No,1106547.0,1380000.0,36,575,-71607.0,0.0,937485.0,687056.0,Rejected
3582,2,Not Graduate,No,2715096.0,8210000.0,18,598,19549174.0,0.0,2562791.0,4307921.0,Rejected
3583,2,Not Graduate,No,1922511.0,3670000.0,6,774,12418072.0,0.0,2326920.0,425048.0,Approved
3584,2,Not Graduate,No,509545.0,1370000.0,36,413,2542275.0,0.0,318146.0,408804.0,Rejected
3585,4,Not Graduate,Yes,837576.0,1020000.0,6,477,873912.0,2660716.0,944490.0,461150.0,Rejected
3586,2,Graduate,No,3837646.0,2630000.0,18,770,11392122.0,0.0,2255032.0,5252396.0,Approved
3587,3,Graduate,No,771423.0,1730000.0,18,733,5982461.0,0.0,510715.0,937676.0,Approved
3588,0,Not Graduate,No,2850765.0,7660000.0,6,661,20563016.0,0.0,692376.0,4878883.0,Approved
3589,2,Graduate,Yes,1158612.0,2920000.0,18,550,5641649.0,4360060.0,339823.0,846338.0,Rejected
3590,2,Not Graduate,No,2799090.0,4570000.0,12,551,1487038.0,0.0,3879729.0,4963659.0,Approved
3591,1,Graduate,No,2509049.0,5460000.0,6,572,19644002.0,0.0,2643333.0,4011401.0,Approved
3592,2,Graduate,No,916087.0,1470000.0,6,711,5618339.0,0.0,798309.0,656210.0,Approved
3593,2,Not Graduate,No,840764.0,1960000.0,24,698,1065758.0,0.0,275045.0,228819.0,Approved
3594,0,Graduate,Yes,480000.0,1070000.0,24,610,1457896.0,165044.0,477002.0,864864.0,Approved
3595,2,Not Graduate,Yes,1742943.0,3010000.0,24,757,9921997.0,1293399.0,2437643.0,3320171.0,Approved
3596,0,Graduate,No,480000.0,1070000.0,12,704,2036389.0,0.0,390187.0,749283.0,Approved
3597,2,Not Graduate,No,480000.0,400000.0,12,686,1832411.0,0.0,50000.0,279918.0,Approved
3598,2,Graduate,No,1001307.0,1260000.0,18,688,7615798.0,0.0,246587.0,351088.0,Approved
3599,1,Graduate,No,1592661.0,1490000.0,48,531,10223626.0,0.0,385169.0,2240655.0,Rejected
3600,0,Graduate,No,752990.0,990000.0,24,623,1872493.0,0.0,1125551.0,1365083.0,Approved
3601,0,Graduate,No,4002204.0,5340000.0,24,786,6157587.0,0.0,3249830.0,4525255.0,Approved
3602,1,Graduate,No,1122716.0,2930000.0,6,722,4165121.0,0.0,1406537.0,2020221.0,Approved
3603,2,Graduate,No,1169845.0,2380000.0,12,864,2006105.0,0.0,559901.0,832066.0,Approved
3604,1,Not Graduate,Yes,1049971.0,2260000.0,60,771,1547576.0,2586621.0,258624.0,1234975.0,Approved
3605,1,Graduate,No,755278.0,890000.0,18,468,2034772.0,0.0,828977.0,1349649.0,Approved
3606,4,Graduate,Yes,1315572.0,3390000.0,12,640,8208244.0,1172185.0,1528708.0,1030880.0,Approved
3607,1,Not Graduate,No,905320.0,1100000.0,12,721,5488862.0,0.0,279978.0,925002.0,Approved
3608,1,Not Graduate,Yes,1196388.0,2560000.0,18,674,7969889.0,1496385.0,790812.0,613768.0,Approved
3609,1,Graduate,No,714660.0,330000.0,6,438,2480065.0,0.0,316286.0,1332493.0,Rejected
3610,0,Graduate,Yes,603391.0,800000.0,12,606,1141189.0,2230769.0,888790.0,605177.0,Approved
3611,1,Not Graduate,No,3905566.0,5020000.0,24,508,2883957.0,0.0,794915.0,1001182.0,Approved
3612,2,Graduate,No,1405021.0,2990000.0,18,425,10409531.0,0.0,2102014.0,780360.0,Approved
3613,0,Not Graduate,No,1066735.0,2500000.0,18,495,7129949.0,0.0,247212.0,1073815.0,Rejected
3614,1,Not Graduate,No,924166.0,2280000.0,12,453,-73788.0,0.0,536631.0,637826.0,Approved
3615,2,Graduate,No,1439672.0,2150000.0,24,581,2651394.0,0.0,256247.0,1195968.0,Approved
3616,1,Not Graduate,Yes,701674.0,1820000.0,60,703,4624204.0,1656815.0,522020.0,238778.0,Approved
3617,1,Graduate,No,727728.0,630000.0,6,640,4563274.0,0.0,1014972.0,1382775.0,Approved
3618,0,Graduate,No,852695.0,2630000.0,18,508,5020688.0,0.0,602300.0,145198.0,Rejected
3619,4,Not Graduate,No,644498.0,440000.0,18,559,4994130.0,0.0,323270.0,435170.0,Rejected
3620,2,Graduate,Yes,1035359.0,1660000.0,12,561,7665970.0,2667837.0,1107085.0,262565.0,Approved
3621,1,Graduate,Yes,1385767.0,950000.0,24,620,7774724.0,430775.0,828440.0,1449138.0,Approved
3622,2,Not Graduate,No,480000.0,1360000.0,48,525,1431392.0,0.0,690328.0,896713.0,Rejected
3623,1,Graduate,No,2192295.0,4040000.0,36,790,3408850.0,0.0,1662397.0,1878820.0,Approved
3624,3,Not Graduate,No,1143314.0,2380000.0,48,667,5991607.0,0.0,654012.0,1985964.0,Approved
3625,1,Not Graduate,No,952365.0,2120000.0,18,626,1260681.0,0.0,1036667.0,794196.0,Approved
3626,2,Graduate,No,934083.0,2460000.0,36,414,3878976.0,0.0,569716.0,1000163.0,Rejected
3627,0,Graduate,No,505928.0,450000.0,18,727,1056580.0,0.0,271511.0,522898.0,Approved
3628,3,Graduate,Yes,1510350.0,3130000.0,36,676,2233544.0,3976774.0,796266.0,1286060.0,Approved
3629,1,Graduate,Yes,480000.0,1320000.0,60,751,2792450.0,813551.0,428851.0,591497.0,Approved
3630,0,Graduate,No,1657304.0,1550000.0,6,443,11363771.0,0.0,730098.0,3113387.0,Approved
3631,3,Not Graduate,No,676032.0,320000.0,12,574,2641011.0,0.0,419140.0,493950.0,Approved
3632,3,Graduate,No,1082499.0,1130000.0,18,723,1670579.0,0.0,917177.0,1971857.0,Approved
3633,2,Not Graduate,No,1914988.0,1130000.0,36,469,7191985.0,0.0,2576425.0,3794608.0,Rejected
3634,0,Not Graduate,No,493400.0,1060000.0,24,514,874075.0,0.0,688960.0,829186.0,Rejected
3635,2,Graduate,No,1718475.0,2260000.0,12,738,10932636.0,0.0,1812207.0,243800.0,Approved
3636,0,Not Graduate,No,1552815.0,2480000.0,24,611,10072955.0,0.0,1922343.0,1994702.0,Rejected
3637,2,Not Graduate,No,1677862.0,3840000.0,18,521,12474365.0,0.0,789884.0,1785055.0,Approved
3638,1,Graduate,No,885958.0,2010000.0,24,644,3808223.0,0.0,1119731.0,952957.0,Approved
3639,2,Graduate,No,1214615.0,2430000.0,24,516,1415115.0,0.0,1188016.0,1697099.0,Approved
3640,2,Graduate,No,2333486.0,5020000.0,48,724,-113120.0,0.0,1633174.0,3932009.0,Rejected
3641,1,Not Graduate,No,1365584.0,640000.0,12,590,828570.0,0.0,1828768.0,1525904.0,Rejected
3642,4,Not Graduate,Yes,966705.0,1810000.0,6,644,2175489.0,1968144.0,1446573.0,737508.0,Approved
3643,1,Graduate,No,480000.0,1020000.0,18,503,2423357.0,0.0,397912.0,213100.0,Rejected
3644,2,Graduate,Yes,567695.0,960000.0,6,664,3711075.0,1988958.0,538218.0,681930.0,Approved
3645,0,Not Graduate,Yes,1200757.0,420000.0,48,508,4316989.0,4363613.0,367503.0,1756263.0,Approved
3646,0,Graduate,No,1026818.0,1610000.0,12,765,619885.0,0.0,236539.0,1300023.0,Approved
3647,1,Graduate,No,739696.0,1160000.0,24,438,4207376.0,0.0,144112.0,367767.0,Rejected
3648,1,Graduate,No,793645.0,1100000.0,18,713,3904443.0,0.0,1171590.0,519769.0,Approved
3649,0,Not Graduate,No,1441804.0,3110000.0,36,516,11370865.0,0.0,1082902.0,1205836.0,Rejected
3650,0,Graduate,No,709322.0,860000.0,12,424,4091270.0,0.0,893460.0,1074037.0,Approved
3651,3,Not Graduate,No,1245098.0,2810000.0,12,531,2585321.0,0.0,1793093.0,1745905.0,Rejected
3652,0,Not Graduate,No,976076.0,1020000.0,24,582,3317629.0,0.0,1052302.0,921598.0,Rejected
3653,0,Graduate,Yes,708553.0,1200000.0,18,581,4587438.0,1392468.0,224706.0,1183522.0,Approved
3654,2,Graduate,Yes,555100.0,1690000.0,18,452,839162.0,1072916.0,792337.0,698472.0,Rejected
3655,2,Graduate,No,907109.0,2150000.0,24,709,6395112.0,0.0,448782.0,461141.0,Approved
3656,1,Graduate,Yes,1927785.0,620000.0,60,846,8998629.0,2946246.0,2753343.0,2759076.0,Approved
3657,3,Graduate,No,1614900.0,2030000.0,48,671,11421381.0,0.0,1441227.0,983709.0,Approved
3658,1,Not Graduate,Yes,1452454.0,1110000.0,36,796,7656498.0,2395412.0,93338.0,2581566.0,Approved
3659,1,Graduate,No,651894.0,1450000.0,18,484,4379717.0,0.0,858577.0,640685.0,Rejected
3660,3,Not Graduate,Yes,1839064.0,4560000.0,18,640,13719154.0,3981582.0,1297179.0,1069096.0,Approved
3661,2,Not Graduate,No,2096753.0,5650000.0,36,735,7697989.0,0.0,2499191.0,1253065.0,Approved
3662,0,Graduate,Yes,1777999.0,1150000.0,12,470,13147736.0,6508030.0,2251292.0,1151389.0,Approved
3663,1,Not Graduate,No,981093.0,2840000.0,6,479,7794961.0,0.0,1113066.0,1092556.0,Rejected
3664,2,Not Graduate,No,969464.0,2120000.0,6,636,4471764.0,0.0,783090.0,1589735.0,Approved
3665,1,Graduate,No,634395.0,1070000.0,60,622,4492228.0,0.0,857848.0,570315.0,Rejected
3666,2,Not Graduate,Yes,1743631.0,1750000.0,6,455,7180177.0,6644190.0,259547.0,2035274.0,Approved
3667,2,Graduate,No,1242168.0,3000000.0,18,450,8834164.0,0.0,1240379.0,1818583.0,Rejected
3668,0,Not Graduate,Yes,1953129.0,3880000.0,6,748,8749094.0,1605052.0,1610522.0,1425543.0,Approved
3669,4,Not Graduate,No,1107014.0,1000000.0,36,726,1259224.0,0.0,1612233.0,467844.0,Approved
3670,3,Graduate,No,1156862.0,1750000.0,60,562,700361.0,0.0,720022.0,2152667.0,Rejected
3671,3,Graduate,No,2408683.0,6050000.0,18,665,10108620.0,0.0,1331118.0,3456984.0,Rejected
3672,1,Graduate,No,976959.0,2000000.0,24,760,6958876.0,0.0,274107.0,1304333.0,Approved
3673,0,Not Graduate,Yes,675566.0,1360000.0,12,642,2594152.0,1387217.0,700608.0,705838.0,Approved
3674,4,Not Graduate,No,745791.0,1170000.0,48,747,4170503.0,0.0,1087972.0,356822.0,Approved
3675,2,Not Graduate,No,1410026.0,870000.0,24,689,1769057.0,0.0,657208.0,1065690.0,Approved
3676,1,Graduate,No,1071099.0,920000.0,12,472,1826362.0,0.0,1223229.0,1739537.0,Rejected
3677,1,Not Graduate,No,2220963.0,2040000.0,24,634,11980328.0,0.0,1698923.0,1494269.0,Approved
3678,2,Graduate,No,2916363.0,4200000.0,6,552,1506094.0,0.0,3993898.0,1268669.0,Rejected
3679,0,Not Graduate,No,816262.0,1920000.0,18,518,5820551.0,0.0,946933.0,717505.0,Rejected
3680,2,Graduate,No,815367.0,370000.0,12,559,3459637.0,0.0,1216835.0,178536.0,Approved
3681,1,Not Graduate,No,930999.0,2150000.0,36,518,2344870.0,0.0,418581.0,428574.0,Rejected
3682,0,Not Graduate,Yes,1885271.0,2850000.0,18,557,9410671.0,4269512.0,778285.0,249987.0,Rejected
3683,2,Graduate,No,2323779.0,1240000.0,6,704,15717455.0,0.0,1600344.0,1406848.0,Approved
3684,2,Not Graduate,No,5334371.0,12280000.0,6,515,41675502.0,0.0,1524488.0,8161556.0,Rejected
3685,0,Graduate,Yes,1680180.0,3540000.0,6,468,1073301.0,1196993.0,1064285.0,744404.0,Rejected
3686,1,Not Graduate,No,1360832.0,3220000.0,18,646,3794819.0,0.0,1234480.0,2535248.0,Approved
3687,4,Not Graduate,No,2196872.0,4350000.0,24,726,15958641.0,0.0,1811630.0,3322008.0,Approved
3688,3,Graduate,No,2184871.0,6350000.0,36,506,13130849.0,0.0,1518662.0,2564811.0,Rejected
3689,0,Graduate,No,762496.0,1580000.0,24,458,3545435.0,0.0,135429.0,1025341.0,Approved
3690,2,Graduate,No,1833947.0,4660000.0,24,759,955690.0,0.0,677010.0,3114321.0,Rejected
3691,1,Not Graduate,No,1517416.0,2130000.0,60,471,9422451.0,0.0,2162212.0,871325.0,Approved
3692,2,Graduate,No,830998.0,1230000.0,36,746,5838397.0,0.0,987044.0,617350.0,Approved
3693,1,Not Graduate,No,2912340.0,7010000.0,18,482,3622313.0,0.0,3914702.0,1026292.0,Approved
3694,4,Graduate,No,1334524.0,2670000.0,24,724,8873577.0,0.0,878923.0,2166300.0,Approved
3695,2,Not Graduate,No,480000.0,1130000.0,36,581,916589.0,0.0,500819.0,566968.0,Approved
3696,1,Not Graduate,No,1650727.0,1420000.0,18,693,2659018.0,0.0,2356022.0,1105225.0,Approved
3697,2,Graduate,No,1161933.0,860000.0,18,383,5774491.0,0.0,1079167.0,1427586.0,Rejected
3698,1,Not Graduate,No,1753913.0,1290000.0,48,787,13622030.0,0.0,1352503.0,3164685.0,Approved
3699,2,Graduate,No,3724702.0,7760000.0,48,759,20350952.0,0.0,5128980.0,5297372.0,Approved
3700,0,Graduate,Yes,1666778.0,2120000.0,18,604,4964383.0,1874955.0,206604.0,1503760.0,Approved
3701,2,Graduate,No,1226594.0,2710000.0,6,676,7519253.0,0.0,1387647.0,1549167.0,Rejected
3702,0,Graduate,No,1212037.0,1130000.0,24,638,2003255.0,0.0,1563360.0,1065648.0,Approved
3703,0,Not Graduate,No,2145282.0,3970000.0,6,833,3982863.0,0.0,2699664.0,1040202.0,Approved
3704,2,Graduate,No,503514.0,570000.0,36,834,2294591.0,0.0,551450.0,982132.0,Approved
3705,0,Graduate,No,480000.0,1150000.0,24,461,1180603.0,0.0,280858.0,364466.0,Rejected
3706,4,Graduate,No,954297.0,910000.0,24,632,5305730.0,0.0,331467.0,1388961.0,Approved
3707,2,Graduate,Yes,741109.0,1890000.0,24,688,4592798.0,1593474.0,211865.0,1218935.0,Approved
3708,1,Not Graduate,Yes,949143.0,1350000.0,18,900,7029107.0,1034949.0,1209151.0,1603316.0,Approved
3709,1,Not Graduate,Yes,1763909.0,4440000.0,24,620,11834324.0,1045968.0,480305.0,912804.0,Rejected
3710,4,Not Graduate,Yes,2146567.0,1180000.0,6,581,7643385.0,6263555.0,438285.0,2945293.0,Approved
3711,3,Graduate,No,498771.0,1290000.0,18,626,3962517.0,0.0,319248.0,886719.0,Rejected
3712,2,Graduate,No,673058.0,1820000.0,12,654,2669614.0,0.0,707484.0,331876.0,Approved
3713,2,Graduate,No,952289.0,590000.0,36,755,5057065.0,0.0,1239815.0,1733689.0,Approved
3714,2,Graduate,Yes,1598994.0,1450000.0,12,882,10095915.0,3854440.0,883155.0,2347323.0,Approved
3715,0,Not Graduate,No,1913751.0,2690000.0,12,631,8230131.0,0.0,1840533.0,3742078.0,Approved
3716,2,Not Graduate,No,697078.0,720000.0,12,714,5313756.0,0.0,760308.0,957464.0,Approved
3717,0,Not Graduate,No,809247.0,430000.0,12,614,5158618.0,0.0,1120024.0,1523165.0,Approved
3718,0,Not Graduate,No,850677.0,2380000.0,24,557,2979927.0,0.0,257003.0,1596786.0,Rejected
3719,3,Not Graduate,No,1008179.0,1570000.0,36,690,4694000.0,0.0,1437301.0,120477.0,Approved
3720,1,Not Graduate,No,585259.0,1330000.0,12,559,3557882.0,0.0,761479.0,681322.0,Approved
3721,2,Graduate,No,3188950.0,5100000.0,18,562,17489529.0,0.0,3445619.0,4180186.0,Approved
3722,0,Not Graduate,Yes,1062725.0,840000.0,36,668,1187138.0,1361025.0,1049082.0,1935414.0,Approved
3723,2,Not Graduate,No,905997.0,460000.0,12,660,1337090.0,0.0,1016047.0,1395686.0,Approved
3724,3,Not Graduate,No,836099.0,1560000.0,36,523,6305788.0,0.0,775013.0,1373107.0,Approved
3725,1,Not Graduate,No,480000.0,190000.0,18,726,2291592.0,0.0,616130.0,327246.0,Approved
3726,1,Graduate,Yes,803812.0,860000.0,24,651,4356326.0,2264830.0,153293.0,1078904.0,Approved
3727,3,Graduate,No,480000.0,1070000.0,36,660,250915.0,0.0,647263.0,855525.0,Approved
3728,4,Graduate,No,2939551.0,4210000.0,12,697,22128760.0,0.0,3580443.0,1184714.0,Approved
3729,3,Not Graduate,No,3108855.0,7480000.0,6,784,4240759.0,0.0,4506320.0,674409.0,Approved
3730,0,Graduate,No,1118075.0,510000.0,60,624,3151081.0,0.0,695755.0,2009467.0,Approved
3731,0,Not Graduate,No,740131.0,1590000.0,12,596,516388.0,0.0,808837.0,359986.0,Approved
3732,0,Graduate,No,899782.0,610000.0,36,657,6646372.0,0.0,485354.0,1476889.0,Approved
3733,4,Not Graduate,No,1955111.0,2320000.0,12,563,14647581.0,0.0,778488.0,2775044.0,Approved
3734,2,Graduate,No,811652.0,750000.0,12,529,2073126.0,0.0,978408.0,626620.0,Approved
3735,2,Not Graduate,No,1935177.0,4080000.0,60,761,12138248.0,0.0,2087087.0,1656591.0,Approved
3736,1,Not Graduate,No,2259810.0,3470000.0,60,579,7895329.0,0.0,2232841.0,2056918.0,Approved
3737,1,Not Graduate,No,481975.0,700000.0,48,503,3518991.0,0.0,413951.0,217885.0,Rejected
3738,2,Not Graduate,No,1370455.0,2540000.0,12,428,8780492.0,0.0,926256.0,2723329.0,Rejected
3739,0,Not Graduate,No,1893992.0,4530000.0,36,771,6242462.0,0.0,2752075.0,2956056.0,Approved
3740,1,Graduate,No,1749168.0,2130000.0,24,647,5090164.0,0.0,1521522.0,605641.0,Rejected
3741,2,Graduate,No,915203.0,390000.0,18,576,4418296.0,0.0,621675.0,239935.0,Approved
3742,3,Not Graduate,No,1639032.0,1110000.0,12,520,3148952.0,0.0,394981.0,2362194.0,Rejected
3743,2,Not Graduate,No,1117046.0,2730000.0,24,610,7657467.0,0.0,452937.0,1219615.0,Approved
3744,1,Not Graduate,No,1328868.0,3310000.0,48,583,1365151.0,0.0,1063638.0,2294731.0,Rejected
3745,1,Not Graduate,No,1632035.0,2260000.0,12,626,6206959.0,0.0,1568749.0,1542981.0,Rejected
3746,0,Not Graduate,Yes,1034132.0,1520000.0,60,683,3199494.0,201715.0,1546799.0,258738.0,Approved
3747,1,Graduate,No,480000.0,210000.0,6,500,1192778.0,0.0,145962.0,948974.0,Approved
3748,1,Graduate,Yes,960049.0,2130000.0,48,688,2833386.0,2576486.0,733033.0,1406953.0,Approved
3749,2,Not Graduate,No,700238.0,1800000.0,12,711,4362920.0,0.0,937667.0,328068.0,Approved
3750,1,Not Graduate,No,582135.0,930000.0,12,772,1959309.0,0.0,674610.0,997593.0,Approved
3751,0,Graduate,No,689125.0,1070000.0,6,514,2570825.0,0.0,79141.0,564174.0,Rejected
3752,2,Graduate,No,1660135.0,1770000.0,48,591,9094648.0,0.0,1478243.0,1500525.0,Rejected
3753,2,Not Graduate,No,1633134.0,2050000.0,18,379,9349931.0,0.0,2336533.0,2907994.0,Rejected
3754,2,Not Graduate,No,480000.0,380000.0,36,598,3180811.0,0.0,403347.0,328265.0,Approved
3755,3,Graduate,Yes,1426202.0,940000.0,36,603,1359883.0,2848599.0,359023.0,2454577.0,Approved
3756,1,Not Graduate,No,581719.0,860000.0,6,590,615645.0,0.0,290857.0,612222.0,Rejected
3757,2,Graduate,No,911585.0,1800000.0,24,540,3043196.0,0.0,99639.0,897050.0,Approved
3758,0,Graduate,Yes,480000.0,1220000.0,12,565,709861.0,1671388.0,257575.0,324392.0,Rejected
3759,2,Graduate,No,2005436.0,5030000.0,18,536,10663707.0,0.0,325305.0,2400764.0,Rejected
3760,0,Graduate,No,1433620.0,3480000.0,12,616,3830858.0,0.0,86685.0,1208636.0,Approved
3761,1,Not Graduate,Yes,730977.0,1570000.0,48,612,1112270.0,1470093.0,245189.0,1381012.0,Approved
3762,0,Not Graduate,No,480000.0,610000.0,12,631,3441090.0,0.0,191909.0,79615.0,Approved
3763,2,Graduate,No,1295464.0,3560000.0,18,771,3821994.0,0.0,1120704.0,2055214.0,Approved
3764,0,Graduate,Yes,904653.0,1560000.0,24,476,3962528.0,862064.0,654602.0,1802788.0,Approved
3765,2,Graduate,No,1215621.0,1100000.0,48,702,8268209.0,0.0,993981.0,1183353.0,Approved
3766,3,Graduate,No,1148821.0,920000.0,6,675,8753131.0,0.0,1272888.0,1522695.0,Approved
3767,0,Not Graduate,No,480000.0,410000.0,6,690,3189818.0,0.0,384913.0,702941.0,Approved
3768,0,Not Graduate,Yes,620619.0,1110000.0,12,610,897042.0,2452767.0,652807.0,652479.0,Approved
3769,0,Graduate,No,1287531.0,1760000.0,24,478,1370465.0,0.0,484308.0,870091.0,Rejected
3770,1,Not Graduate,Yes,2234046.0,3210000.0,12,658,3326263.0,1747936.0,2365866.0,772725.0,Approved
3771,1,Not Graduate,Yes,1591866.0,2790000.0,48,488,2283529.0,6003742.0,1545814.0,2968237.0,Approved
3772,2,Not Graduate,No,1597063.0,3520000.0,24,577,5934182.0,0.0,528590.0,2502924.0,Approved
3773,0,Not Graduate,Yes,1431966.0,610000.0,12,470,5313202.0,2845912.0,691923.0,1990496.0,Approved
3774,2,Not Graduate,Yes,2800073.0,7790000.0,24,637,18348632.0,8697782.0,3085356.0,3174307.0,Approved
3775,2,Graduate,Yes,1130462.0,1560000.0,36,645,7970361.0,2456155.0,348988.0,244318.0,Rejected
3776,2,Not Graduate,No,1415294.0,1370000.0,12,543,1034496.0,0.0,90387.0,2719827.0,Rejected
3777,4,Not Graduate,No,833311.0,1580000.0,48,678,4396612.0,0.0,1022783.0,1028061.0,Approved
3778,2,Graduate,No,480000.0,650000.0,18,672,2407459.0,0.0,178143.0,275673.0,Approved
3779,1,Graduate,No,771066.0,990000.0,12,562,623559.0,0.0,703066.0,1525527.0,Rejected
3780,0,Graduate,No,1809257.0,2920000.0,18,717,12928548.0,0.0,1569596.0,616597.0,Approved
3781,2,Not Graduate,No,711440.0,1280000.0,60,814,2206248.0,0.0,736022.0,1357430.0,Approved
3782,0,Graduate,No,868835.0,710000.0,48,510,5119145.0,0.0,1081642.0,945966.0,Rejected
3783,1,Not Graduate,Yes,1019359.0,810000.0,12,673,3723706.0,1856683.0,468067.0,434834.0,Approved
3784,0,Not Graduate,Yes,480000.0,630000.0,36,668,1363934.0,1085037.0,227018.0,872995.0,Approved
3785,1,Graduate,No,697438.0,370000.0,24,496,3401201.0,0.0,400482.0,111243.0,Rejected
3786,2,Not Graduate,No,2002897.0,1400000.0,12,871,6800528.0,0.0,1860174.0,2649821.0,Approved
3787,1,Not Graduate,No,755050.0,920000.0,60,658,537713.0,0.0,470803.0,1256464.0,Rejected
3788,0,Not Graduate,Yes,1256271.0,1660000.0,12,548,4203720.0,2667929.0,974384.0,350347.0,Approved
3789,2,Not Graduate,No,480000.0,1340000.0,48,527,3576650.0,0.0,632486.0,478529.0,Approved
3790,0,Graduate,No,1141498.0,2320000.0,18,630,3518769.0,0.0,1473062.0,1023445.0,Approved
3791,1,Not Graduate,No,1342504.0,3350000.0,18,785,5151639.0,0.0,1861876.0,850435.0,Approved
3792,2,Graduate,Yes,480000.0,1230000.0,18,617,1482964.0,1135822.0,158058.0,318679.0,Rejected
3793,1,Graduate,No,810373.0,1920000.0,36,844,820129.0,0.0,334430.0,1137541.0,Approved
3794,2,Not Graduate,No,480000.0,1090000.0,36,677,470079.0,0.0,127222.0,198010.0,Approved
3795,3,Graduate,No,790439.0,900000.0,24,549,2621602.0,0.0,859997.0,1163325.0,Approved
3796,0,Not Graduate,Yes,838352.0,620000.0,36,597,4103895.0,2044315.0,469878.0,221170.0,Approved
3797,1,Not Graduate,No,587796.0,1660000.0,18,785,2620222.0,0.0,408850.0,331802.0,Approved
3798,1,Graduate,Yes,1084306.0,1040000.0,24,635,4606584.0,961127.0,561782.0,548845.0,Approved
3799,0,Not Graduate,No,1222458.0,490000.0,12,346,5549373.0,0.0,831411.0,133253.0,Approved
3800,2,Not Graduate,No,1321919.0,2730000.0,12,452,2955700.0,0.0,1225728.0,1209069.0,Rejected
3801,4,Graduate,No,1051607.0,2170000.0,24,598,4644498.0,0.0,386115.0,653645.0,Approved
3802,3,Not Graduate,No,685636.0,280000.0,12,622,4063463.0,0.0,476781.0,878859.0,Approved
3803,1,Not Graduate,Yes,941348.0,620000.0,12,558,7275408.0,3546263.0,1320182.0,1182854.0,Approved
3804,1,Graduate,No,2255257.0,2120000.0,6,609,5903531.0,0.0,2440655.0,1967160.0,Approved
3805,0,Graduate,No,1322985.0,3410000.0,6,767,3979542.0,0.0,1357129.0,1312228.0,Approved
3806,2,Not Graduate,No,722138.0,310000.0,24,524,5439503.0,0.0,292692.0,569795.0,Approved
3807,0,Graduate,No,480000.0,750000.0,12,646,3007843.0,0.0,161848.0,461443.0,Approved
3808,1,Graduate,No,729687.0,1740000.0,12,562,2519268.0,0.0,101992.0,689467.0,Approved
3809,2,Not Graduate,No,967006.0,2790000.0,24,712,2142292.0,0.0,273906.0,451383.0,Approved
3810,1,Not Graduate,No,480000.0,740000.0,24,586,1685599.0,0.0,633803.0,486672.0,Approved
3811,0,Not Graduate,No,662959.0,1020000.0,24,565,1663636.0,0.0,327835.0,451928.0,Rejected
3812,0,Not Graduate,No,1075579.0,670000.0,12,670,5801968.0,0.0,744063.0,1523532.0,Approved
3813,3,Graduate,No,2222089.0,3710000.0,24,862,9974651.0,0.0,1958257.0,1317918.0,Approved
3814,1,Graduate,No,2142043.0,2590000.0,18,696,7257404.0,0.0,2349995.0,276452.0,Approved
3815,1,Not Graduate,No,1841360.0,2830000.0,24,499,2967937.0,0.0,684527.0,3528459.0,Rejected
3816,0,Not Graduate,Yes,1469752.0,3450000.0,36,661,9539492.0,1501110.0,691977.0,2657587.0,Approved
3817,1,Graduate,No,1004854.0,1510000.0,12,679,4490499.0,0.0,873387.0,333935.0,Approved
3818,1,Not Graduate,No,636176.0,360000.0,24,726,2248549.0,0.0,831752.0,613710.0,Approved
3819,3,Not Graduate,No,1533791.0,2240000.0,36,579,5351436.0,0.0,764037.0,1191790.0,Rejected
3820,3,Not Graduate,Yes,4280257.0,2890000.0,12,484,2303978.0,4879737.0,4696442.0,2200887.0,Rejected
3821,2,Graduate,No,1363320.0,2490000.0,12,565,4511150.0,0.0,1752397.0,2329082.0,Approved
3822,1,Graduate,Yes,480000.0,850000.0,6,713,2226157.0,1842237.0,179468.0,103939.0,Approved
3823,0,Graduate,No,1448763.0,2780000.0,24,606,3929112.0,0.0,1977383.0,2579370.0,Approved
3824,1,Not Graduate,Yes,715501.0,1660000.0,48,541,3216072.0,2188376.0,592710.0,956182.0,Approved
3825,1,Not Graduate,No,1290452.0,2380000.0,12,452,-148055.0,0.0,1471200.0,911217.0,Approved
3826,0,Not Graduate,No,480000.0,1230000.0,36,489,1714863.0,0.0,135205.0,931416.0,Rejected
3827,1,Not Graduate,No,1596588.0,3740000.0,12,503,5097719.0,0.0,988312.0,3134352.0,Rejected
3828,4,Graduate,Yes,907928.0,1850000.0,24,577,5753077.0,1276700.0,377511.0,149966.0,Rejected
3829,2,Not Graduate,Yes,1063565.0,2820000.0,36,626,7306212.0,3899781.0,61654.0,676263.0,Rejected
3830,2,Not Graduate,No,2429111.0,1500000.0,48,647,8512044.0,0.0,2987551.0,860920.0,Approved
3831,1,Graduate,No,1217105.0,2940000.0,6,597,5674273.0,0.0,619319.0,2422180.0,Rejected
3832,3,Graduate,Yes,2080613.0,1190000.0,12,722,9469102.0,2968338.0,1171064.0,2078583.0,Approved
3833,1,Graduate,No,1302326.0,2500000.0,12,391,2302370.0,0.0,1159511.0,457808.0,Rejected
3834,0,Graduate,No,786722.0,710000.0,12,496,5532419.0,0.0,297312.0,925386.0,Approved
3835,0,Not Graduate,No,1014828.0,2690000.0,24,596,4082448.0,0.0,967016.0,1326122.0,Rejected
3836,1,Not Graduate,No,1251224.0,940000.0,6,715,3453010.0,0.0,738356.0,730266.0,Approved
3837,2,Not Graduate,No,1015376.0,2050000.0,48,696,4627729.0,0.0,840350.0,1750097.0,Approved
3838,2,Graduate,No,3117119.0,4580000.0,18,670,4404783.0,0.0,4556580.0,1467781.0,Approved
3839,0,Graduate,No,623805.0,770000.0,12,266,1051277.0,0.0,704991.0,357454.0,Approved
3840,0,Not Graduate,No,2364884.0,1790000.0,6,622,11990827.0,0.0,686268.0,713919.0,Approved
3841,2,Not Graduate,No,1273542.0,1660000.0,6,560,9539070.0,0.0,837566.0,2259910.0,Approved
3842,3,Not Graduate,No,1369175.0,1460000.0,36,534,3610693.0,0.0,1872303.0,2582548.0,Approved
3843,0,Not Graduate,Yes,854752.0,890000.0,18,533,6556360.0,3146098.0,1042970.0,252155.0,Rejected
3844,1,Graduate,No,1032566.0,1820000.0,48,563,7897209.0,0.0,688569.0,1563401.0,Rejected
3845,0,Graduate,No,571236.0,710000.0,12,425,830101.0,0.0,380312.0,1068298.0,Rejected
3846,0,Not Graduate,No,1289217.0,1660000.0,24,866,4252547.0,0.0,330524.0,2300749.0,Approved
3847,2,Not Graduate,No,1268783.0,2170000.0,6,626,5781455.0,0.0,680580.0,1018799.0,Approved
3848,2,Not Graduate,Yes,544054.0,1090000.0,12,617,1042605.0,51934.0,314359.0,145296.0,Rejected
3849,1,Not Graduate,No,692762.0,1360000.0,18,605,432824.0,0.0,247883.0,1060855.0,Approved
3850,0,Not Graduate,No,1068676.0,1780000.0,6,574,7035074.0,0.0,287387.0,756795.0,Rejected
3851,3,Graduate,Yes,788916.0,680000.0,48,698,6047932.0,581778.0,631956.0,86693.0,Approved
3852,4,Graduate,No,1750876.0,3210000.0,24,725,7820526.0,0.0,2183999.0,264524.0,Rejected
3853,2,Not Graduate,Yes,1033846.0,810000.0,12,751,6023591.0,223300.0,1469795.0,2048953.0,Approved
3854,0,Graduate,No,1795076.0,2410000.0,48,684,12927078.0,0.0,1251525.0,1458125.0,Approved
3855,0,Not Graduate,No,830336.0,990000.0,24,791,2306193.0,0.0,1100327.0,393451.0,Approved
3856,2,Not Graduate,No,873764.0,2110000.0,48,656,3707808.0,0.0,86479.0,304605.0,Approved
3857,2,Graduate,No,1572503.0,3100000.0,36,557,2636962.0,0.0,1499912.0,2039489.0,Approved
3858,0,Graduate,Yes,594360.0,510000.0,48,720,787570.0,1249952.0,91388.0,333455.0,Rejected
3859,1,Graduate,No,1237919.0,1940000.0,18,754,5958353.0,0.0,84800.0,1682582.0,Approved
3860,1,Not Graduate,Yes,926819.0,2500000.0,6,669,4060812.0,975415.0,678167.0,237130.0,Approved
3861,2,Graduate,No,982187.0,1810000.0,18,579,7760602.0,0.0,194016.0,1612939.0,Approved
3862,2,Not Graduate,Yes,2148298.0,1310000.0,12,674,3347237.0,4725758.0,1060857.0,215122.0,Approved
3863,0,Graduate,Yes,631545.0,1550000.0,18,852,1077458.0,2174567.0,920811.0,975910.0,Approved
3864,4,Graduate,No,2015832.0,3950000.0,12,829,15372066.0,0.0,193914.0,1148664.0,Approved
3865,2,Graduate,No,2197833.0,4990000.0,12,882,4935064.0,0.0,2422228.0,3318824.0,Approved
3866,2,Graduate,Yes,2250361.0,1290000.0,12,636,8124705.0,4891447.0,2463447.0,3765794.0,Approved
3867,2,Graduate,No,2051706.0,1700000.0,36,596,4914878.0,0.0,2439553.0,3653941.0,Approved
3868,1,Graduate,No,557868.0,760000.0,24,536,2062059.0,0.0,483687.0,759602.0,Rejected
3869,1,Not Graduate,No,663142.0,990000.0,12,590,1461429.0,0.0,50000.0,122612.0,Rejected
3870,2,Not Graduate,No,1304491.0,3860000.0,36,708,7864938.0,0.0,228991.0,1210754.0,Approved
3871,0,Graduate,No,1403267.0,1240000.0,12,607,10221094.0,0.0,1120965.0,2375801.0,Rejected
3872,1,Not Graduate,No,542373.0,1240000.0,24,596,1488695.0,0.0,742448.0,526056.0,Rejected
3873,1,Not Graduate,Yes,946016.0,1880000.0,12,804,5580754.0,1011124.0,607069.0,289077.0,Approved
3874,2,Graduate,No,1137027.0,1130000.0,18,548,777966.0,0.0,1150243.0,897215.0,Approved
3875,2,Not Graduate,No,543430.0,1320000.0,6,664,1717662.0,0.0,375212.0,601880.0,Approved
3876,2,Not Graduate,No,782026.0,2050000.0,6,681,2819483.0,0.0,766165.0,521615.0,Approved
3877,1,Not Graduate,Yes,1597972.0,630000.0,12,693,7631173.0,6136261.0,1037352.0,353066.0,Approved
3878,2,Graduate,No,480000.0,1330000.0,12,709,2418092.0,0.0,467049.0,948999.0,Approved
3879,0,Graduate,Yes,1463922.0,1900000.0,12,673,8427662.0,1251232.0,2134219.0,2690018.0,Approved
3880,0,Not Graduate,No,623261.0,590000.0,12,663,2307337.0,0.0,889777.0,1162967.0,Approved
3881,1,Not Graduate,No,824261.0,1140000.0,24,699,4035484.0,0.0,1175901.0,1171515.0,Approved
3882,1,Graduate,No,821158.0,1800000.0,36,900,4169216.0,0.0,409935.0,1126738.0,Approved
3883,1,Not Graduate,Yes,565171.0,1570000.0,18,644,3878189.0,1126740.0,553600.0,976777.0,Approved
3884,3,Not Graduate,Yes,1608947.0,3970000.0,12,637,5942121.0,6188287.0,1499525.0,814568.0,Approved
3885,4,Graduate,Yes,1123561.0,1130000.0,12,628,4041324.0,3000257.0,106460.0,364289.0,Approved
3886,2,Not Graduate,No,763269.0,1800000.0,24,536,3199204.0,0.0,490593.0,1432319.0,Rejected
3887,1,Not Graduate,Yes,480000.0,500000.0,36,428,2945790.0,794708.0,395563.0,658534.0,Rejected
3888,4,Graduate,No,2448277.0,4020000.0,36,626,11408778.0,0.0,770761.0,4807162.0,Approved
3889,1,Graduate,Yes,1894154.0,2580000.0,36,534,14680947.0,3219693.0,381473.0,439880.0,Approved
3890,1,Graduate,No,1989408.0,2090000.0,12,472,13768099.0,0.0,1355204.0,2419011.0,Approved
3891,4,Graduate,No,967965.0,1710000.0,24,413,3084947.0,0.0,917434.0,129066.0,Rejected
3892,0,Not Graduate,No,1215004.0,2500000.0,12,702,4880498.0,0.0,886924.0,159587.0,Rejected
3893,2,Not Graduate,No,1186886.0,520000.0,36,803,1140296.0,0.0,875597.0,1219588.0,Approved
3894,4,Graduate,No,1290403.0,2550000.0,36,728,10243237.0,0.0,1467540.0,1030606.0,Approved
3895,1,Not Graduate,No,924492.0,1160000.0,18,544,2438893.0,0.0,294087.0,1798185.0,Rejected
3896,2,Graduate,No,1386479.0,1750000.0,36,490,3540248.0,0.0,545581.0,2277087.0,Approved
3897,1,Graduate,Yes,953160.0,2750000.0,6,556,5886027.0,2256438.0,919883.0,1655137.0,Approved
3898,1,Graduate,No,985520.0,2330000.0,60,527,5997095.0,0.0,924471.0,1840028.0,Rejected
3899,2,Graduate,No,992607.0,450000.0,12,590,6599887.0,0.0,64425.0,1900553.0,Approved
3900,1,Not Graduate,No,2017928.0,2350000.0,12,450,7626776.0,0.0,3017146.0,3482240.0,Approved
3901,2,Not Graduate,No,652504.0,230000.0,48,598,3948728.0,0.0,90208.0,74769.0,Approved
3902,0,Not Graduate,No,1553608.0,1730000.0,18,614,5703960.0,0.0,354198.0,1167871.0,Approved
3903,2,Graduate,No,1244305.0,1970000.0,6,623,7161690.0,0.0,1675453.0,1741246.0,Approved
3904,1,Graduate,No,1915119.0,4640000.0,18,679,2110992.0,0.0,2181618.0,288255.0,Approved
3905,0,Not Graduate,No,1396400.0,1700000.0,12,606,6404851.0,0.0,130046.0,780581.0,Approved
3906,2,Not Graduate,Yes,1468636.0,860000.0,12,619,3138750.0,2298217.0,464745.0,1338417.0,Rejected
3907,1,Not Graduate,Yes,660557.0,1520000.0,6,477,4601096.0,1353839.0,989547.0,138934.0,Rejected
3908,2,Graduate,No,1414818.0,3770000.0,24,591,7457748.0,0.0,2028333.0,877131.0,Rejected
3909,0,Not Graduate,No,5593104.0,14660000.0,12,454,29143515.0,0.0,604832.0,4313260.0,Rejected
3910,4,Not Graduate,Yes,1260685.0,3390000.0,12,612,6900207.0,4099894.0,1198552.0,1111662.0,Rejected
3911,1,Graduate,No,631543.0,1530000.0,6,614,1133061.0,0.0,726327.0,984268.0,Approved
3912,2,Graduate,Yes,1192336.0,1860000.0,48,630,8750826.0,2971814.0,367478.0,1291269.0,Rejected
3913,0,Not Graduate,No,664104.0,690000.0,48,648,3805766.0,0.0,655151.0,1024527.0,Approved
3914,0,Not Graduate,No,947767.0,1800000.0,36,456,6085172.0,0.0,126172.0,1075862.0,Rejected
3915,1,Not Graduate,No,1927170.0,2760000.0,36,791,4866644.0,0.0,1832197.0,1567800.0,Approved
3916,4,Graduate,Yes,1719668.0,3200000.0,60,618,8167349.0,5534252.0,273248.0,1226157.0,Approved
3917,0,Graduate,No,1324308.0,1130000.0,12,639,1029069.0,0.0,1964699.0,1026364.0,Approved
3918,1,Graduate,No,1305013.0,1490000.0,48,831,6976992.0,0.0,1289123.0,721599.0,Approved
3919,1,Graduate,Yes,1384126.0,2560000.0,12,706,1472141.0,2987302.0,115096.0,332844.0,Approved
3920,2,Not Graduate,No,948629.0,2250000.0,36,701,7151314.0,0.0,426495.0,113218.0,Approved
3921,1,Graduate,No,1166534.0,2110000.0,24,512,7183385.0,0.0,943848.0,2118368.0,Approved
3922,1,Graduate,Yes,2566040.0,2880000.0,24,743,16974045.0,5092470.0,1138935.0,1349918.0,Approved
3923,3,Not Graduate,No,1298802.0,2240000.0,48,750,6534487.0,0.0,1655957.0,1161682.0,Approved
3924,1,Graduate,No,726235.0,830000.0,6,797,4406426.0,0.0,50000.0,902341.0,Approved
3925,0,Graduate,No,966673.0,1050000.0,12,691,7468678.0,0.0,1193714.0,868096.0,Approved
3926,1,Not Graduate,No,1384284.0,1100000.0,36,468,6399480.0,0.0,749288.0,971681.0,Rejected
3927,2,Not Graduate,Yes,679583.0,1110000.0,18,826,2948714.0,326950.0,67343.0,215106.0,Approved
3928,0,Graduate,No,1982806.0,3600000.0,12,756,8828829.0,0.0,380400.0,3544508.0,Approved
3929,2,Not Graduate,Yes,1018597.0,2090000.0,18,649,1893105.0,633930.0,1407563.0,1412106.0,Approved
3930,1,Graduate,No,2333379.0,4590000.0,36,732,5842445.0,0.0,1673595.0,1579999.0,Approved
3931,0,Not Graduate,No,1484312.0,2760000.0,12,600,8748521.0,0.0,923486.0,476197.0,Rejected
3932,1,Graduate,No,630657.0,980000.0,12,614,1613674.0,0.0,776233.0,159073.0,Approved
3933,0,Not Graduate,No,480000.0,1110000.0,60,575,2809537.0,0.0,415503.0,79074.0,Approved
3934,1,Graduate,No,480000.0,540000.0,12,609,3179249.0,0.0,272311.0,210817.0,Rejected
3935,1,Graduate,Yes,1002725.0,560000.0,18,529,2256549.0,3862764.0,940003.0,470901.0,Rejected
3936,2,Not Graduate,No,480000.0,730000.0,18,541,916087.0,0.0,563376.0,282680.0,Approved
3937,4,Graduate,No,674572.0,1360000.0,60,688,4239601.0,0.0,63262.0,792075.0,Approved
3938,2,Graduate,Yes,480000.0,670000.0,18,691,533485.0,1205458.0,159921.0,368460.0,Approved
3939,0,Not Graduate,No,893254.0,2400000.0,24,645,5366916.0,0.0,1268085.0,1180580.0,Approved
3940,2,Not Graduate,No,636331.0,620000.0,48,579,1200033.0,0.0,342838.0,64281.0,Rejected
3941,0,Not Graduate,No,683376.0,930000.0,24,501,4623849.0,0.0,528574.0,685813.0,Rejected
3942,1,Not Graduate,Yes,1107401.0,1280000.0,18,649,4974933.0,2076093.0,241991.0,1070080.0,Approved
3943,1,Graduate,No,1043977.0,1950000.0,36,675,6298582.0,0.0,689888.0,891216.0,Approved
3944,1,Not Graduate,No,771119.0,1220000.0,6,478,2606470.0,0.0,1147345.0,825886.0,Approved
3945,0,Graduate,No,944607.0,2380000.0,48,539,4899711.0,0.0,398812.0,1586256.0,Rejected
3946,0,Not Graduate,No,2301344.0,2640000.0,24,607,9956387.0,0.0,1535750.0,1759006.0,Approved
3947,1,Graduate,Yes,3537859.0,3150000.0,48,688,4620842.0,1351674.0,3107745.0,6550916.0,Approved
3948,2,Not Graduate,No,1053630.0,1110000.0,12,607,7280084.0,0.0,1265252.0,1403882.0,Rejected
3949,1,Not Graduate,No,1116780.0,2690000.0,12,696,2973675.0,0.0,290404.0,1572957.0,Rejected
3950,4,Not Graduate,Yes,480000.0,1050000.0,12,673,3465492.0,1735637.0,625984.0,97010.0,Approved
3951,2,Graduate,No,2474816.0,2430000.0,24,742,4862734.0,0.0,188311.0,4750828.0,Approved
3952,2,Not Graduate,No,1758436.0,2060000.0,12,537,6707080.0,0.0,823052.0,406645.0,Approved
3953,2,Graduate,No,801244.0,2110000.0,24,579,4530431.0,0.0,409562.0,135933.0,Rejected
3954,1,Graduate,No,2800485.0,4840000.0,18,621,17289958.0,0.0,1295300.0,5219945.0,Approved
3955,0,Not Graduate,No,596426.0,1650000.0,12,663,608063.0,0.0,841546.0,298713.0,Approved
3956,0,Graduate,No,3025900.0,3370000.0,36,668,15782317.0,0.0,559618.0,4308996.0,Approved
3957,1,Graduate,Yes,496981.0,330000.0,24,616,712310.0,763618.0,105704.0,255948.0,Approved
3958,3,Not Graduate,No,618999.0,1210000.0,12,568,1473974.0,0.0,489414.0,199616.0,Rejected
3959,1,Graduate,Yes,933822.0,910000.0,18,602,5603669.0,3450308.0,1359831.0,576238.0,Rejected
3960,2,Not Graduate,No,1832505.0,3140000.0,36,503,1744766.0,0.0,1925929.0,2855996.0,Rejected
3961,2,Not Graduate,No,1012679.0,920000.0,36,693,6411674.0,0.0,1169018.0,715031.0,Approved
3962,2,Not Graduate,No,1045827.0,760000.0,12,771,4856444.0,0.0,747903.0,397573.0,Approved
3963,0,Graduate,No,480000.0,1320000.0,24,664,2687790.0,0.0,634294.0,130770.0,Approved
3964,2,Graduate,No,709755.0,350000.0,12,502,5262953.0,0.0,81615.0,403840.0,Approved
3965,1,Not Graduate,No,502218.0,1120000.0,24,480,1393033.0,0.0,341031.0,984237.0,Rejected
3966,1,Graduate,No,940713.0,1020000.0,24,609,2948651.0,0.0,632691.0,710601.0,Approved
3967,2,Graduate,Yes,1623700.0,750000.0,48,400,7593535.0,3729422.0,686649.0,2357095.0,Rejected
3968,0,Not Graduate,Yes,1095425.0,820000.0,6,533,4990593.0,3273166.0,643158.0,171382.0,Approved
3969,2,Graduate,Yes,1411520.0,470000.0,48,591,5199922.0,2745754.0,915584.0,1703349.0,Approved
3970,2,Not Graduate,Yes,2023090.0,3240000.0,24,610,15983513.0,1841234.0,2984645.0,637277.0,Approved
3971,1,Graduate,No,508195.0,980000.0,18,612,2172361.0,0.0,636989.0,172120.0,Approved
3972,0,Graduate,No,1497968.0,2560000.0,24,577,11176682.0,0.0,870604.0,1668744.0,Rejected
3973,3,Graduate,No,616931.0,1270000.0,18,820,1564114.0,0.0,368975.0,297921.0,Approved
3974,1,Not Graduate,No,1395692.0,1960000.0,12,526,8428557.0,0.0,1793000.0,187758.0,Approved
3975,0,Not Graduate,No,1368042.0,2990000.0,24,641,5910047.0,0.0,387625.0,1542465.0,Approved
3976,0,Not Graduate,Yes,499226.0,230000.0,48,449,467754.0,1445294.0,309244.0,502393.0,Rejected
3977,2,Not Graduate,Yes,4591353.0,5450000.0,24,555,15411526.0,3959759.0,6515663.0,5071024.0,Rejected
3978,1,Graduate,No,480000.0,1260000.0,12,539,2989120.0,0.0,69607.0,871068.0,Rejected
3979,1,Graduate,No,1297676.0,710000.0,48,747,9949064.0,0.0,1541918.0,1449199.0,Approved
3980,3,Graduate,No,764583.0,1470000.0,36,674,6021209.0,0.0,433738.0,769558.0,Approved
3981,0,Graduate,No,1851453.0,1510000.0,6,688,5400670.0,0.0,631846.0,3424118.0,Approved
3982,1,Graduate,No,2198566.0,3670000.0,12,534,7768766.0,0.0,223193.0,4160250.0,Approved
3983,2,Graduate,No,1761040.0,1530000.0,12,498,4244778.0,0.0,304278.0,1958669.0,Approved
3984,4,Not Graduate,No,1724616.0,3870000.0,24,584,9350142.0,0.0,1112921.0,1041414.0,Approved
3985,1,Not Graduate,No,480000.0,250000.0,12,711,2598699.0,0.0,288706.0,799648.0,Rejected
3986,1,Not Graduate,No,825975.0,890000.0,48,781,605840.0,0.0,840011.0,107236.0,Approved
3987,1,Graduate,No,480000.0,1060000.0,6,695,713829.0,0.0,692917.0,750499.0,Approved
3988,1,Graduate,Yes,3207861.0,5610000.0,18,450,15008704.0,3661383.0,3592505.0,4483561.0,Approved
3989,2,Graduate,No,1216742.0,2050000.0,36,590,7443257.0,0.0,729634.0,1002644.0,Approved
3990,0,Graduate,No,480000.0,770000.0,18,639,2465739.0,0.0,50000.0,612029.0,Approved
3991,3,Not Graduate,No,1402548.0,3590000.0,12,451,3813573.0,0.0,1566448.0,998937.0,Rejected
3992,3,Not Graduate,Yes,836176.0,1210000.0,6,714,5675420.0,3180199.0,1015459.0,1183184.0,Approved
3993,0,Not Graduate,No,673278.0,1700000.0,24,595,2765485.0,0.0,941077.0,498381.0,Approved
3994,0,Graduate,No,480000.0,260000.0,18,784,783326.0,0.0,576995.0,912918.0,Approved
3995,2,Not Graduate,No,1259090.0,3380000.0,36,689,3816286.0,0.0,1275841.0,863138.0,Approved
3996,3,Graduate,No,1132736.0,2290000.0,60,787,6658879.0,0.0,1043173.0,595021.0,Approved
3997,1,Not Graduate,No,910157.0,2620000.0,36,362,4312469.0,0.0,1015308.0,516200.0,Rejected
3998,1,Not Graduate,Yes,1172201.0,1070000.0,24,646,7269345.0,3593352.0,1321954.0,136805.0,Rejected
3999,2,Not Graduate,No,1589825.0,2220000.0,24,452,6587644.0,0.0,1096319.0,489798.0,Rejected
4000,1,Graduate,No,1348079.0,970000.0,18,590,1629591.0,0.0,1877483.0,2341010.0,Rejected
4001,4,Graduate,Yes,971146.0,1450000.0,36,669,2248000.0,1887304.0,351387.0,990813.0,Approved
4002,1,Graduate,No,1615811.0,1610000.0,12,824,2894211.0,0.0,1200149.0,3109923.0,Approved
4003,3,Not Graduate,No,3527558.0,5650000.0,18,595,3802659.0,0.0,3756279.0,2048289.0,Approved
4004,1,Not Graduate,Yes,687666.0,1870000.0,36,734,2095796.0,110160.0,612719.0,1314472.0,Approved
4005,1,Graduate,No,1167350.0,900000.0,6,616,8935469.0,0.0,1134458.0,1663689.0,Approved
4006,1,Not Graduate,Yes,1052952.0,2770000.0,12,805,7678316.0,2843655.0,1454075.0,1279262.0,Approved
4007,1,Graduate,No,1476128.0,3380000.0,6,438,3028834.0,0.0,1625812.0,1375145.0,Rejected
4008,2,Graduate,No,1429282.0,1710000.0,12,551,9238144.0,0.0,984913.0,2539432.0,Rejected
4009,1,Not Graduate,Yes,1260123.0,2210000.0,12,540,3868731.0,3658246.0,112180.0,2083272.0,Approved
4010,4,Graduate,No,480000.0,980000.0,12,779,2324178.0,0.0,619341.0,303879.0,Approved
4011,4,Not Graduate,Yes,1064148.0,2340000.0,12,612,4521872.0,3209037.0,182728.0,949339.0,Approved
4012,4,Graduate,No,480000.0,710000.0,12,535,3088149.0,0.0,482090.0,705685.0,Rejected
4013,2,Graduate,No,2322118.0,4270000.0,24,643,4913150.0,0.0,2245921.0,1377943.0,Approved
4014,4,Not Graduate,Yes,3739331.0,8580000.0,48,683,10649828.0,7264687.0,3538269.0,5972940.0,Approved
4015,0,Graduate,No,1775493.0,4790000.0,12,485,14099526.0,0.0,2352081.0,2862733.0,Approved
4016,2,Graduate,Yes,2179491.0,1020000.0,12,473,5697164.0,5225059.0,396861.0,1095318.0,Approved
4017,2,Graduate,No,1801746.0,1920000.0,12,436,6830962.0,0.0,444837.0,342621.0,Rejected
4018,0,Not Graduate,Yes,1579792.0,720000.0,12,647,2122160.0,5271459.0,1572162.0,1986747.0,Approved
4019,4,Not Graduate,No,3296213.0,1730000.0,24,446,9935718.0,0.0,4840849.0,2694810.0,Rejected
4020,2,Graduate,No,906038.0,1450000.0,24,679,5506651.0,0.0,470669.0,849888.0,Approved
4021,2,Not Graduate,No,480000.0,1050000.0,12,630,2673722.0,0.0,387936.0,463400.0,Approved
4022,0,Graduate,No,1360942.0,2460000.0,24,522,10534786.0,0.0,349436.0,723703.0,Rejected
4023,1,Not Graduate,No,483480.0,410000.0,36,593,2783233.0,0.0,690598.0,421097.0,Approved
4024,1,Not Graduate,No,583863.0,630000.0,12,549,2206536.0,0.0,734050.0,942492.0,Rejected
4025,1,Graduate,No,480000.0,1270000.0,6,463,2074478.0,0.0,704307.0,362615.0,Approved
4026,1,Not Graduate,No,972508.0,2220000.0,36,509,3575476.0,0.0,81252.0,852013.0,Rejected
4027,3,Not Graduate,No,1413147.0,2750000.0,48,602,7175879.0,0.0,1203305.0,573530.0,Rejected
4028,1,Not Graduate,No,789461.0,1540000.0,12,531,939154.0,0.0,899573.0,664227.0,Rejected
4029,0,Not Graduate,No,778033.0,1750000.0,6,717,2346912.0,0.0,1140428.0,140040.0,Approved
4030,0,Graduate,No,1360280.0,1570000.0,6,657,2935485.0,0.0,381937.0,1926951.0,Approved
4031,4,Not Graduate,No,979312.0,1950000.0,24,626,6137474.0,0.0,461484.0,161608.0,Approved
4032,3,Graduate,No,1553593.0,2040000.0,24,887,9249918.0,0.0,1654515.0,1174395.0,Approved
4033,1,Graduate,Yes,1644105.0,1710000.0,12,578,5664042.0,507326.0,1706979.0,2020043.0,Approved
4034,2,Graduate,No,480000.0,840000.0,6,615,1105337.0,0.0,565648.0,741841.0,Approved
4035,3,Not Graduate,No,1955344.0,4050000.0,18,513,2518676.0,0.0,2482359.0,3542465.0,Rejected
4036,0,Not Graduate,No,626637.0,780000.0,24,620,4746827.0,0.0,610739.0,1169378.0,Approved
4037,2,Graduate,Yes,1412684.0,1010000.0,12,622,6678562.0,3569100.0,1360890.0,2354659.0,Approved
4038,1,Graduate,No,1221048.0,1970000.0,18,626,6431641.0,0.0,73678.0,2329247.0,Approved
4039,2,Graduate,Yes,1115385.0,1870000.0,6,774,1361874.0,637738.0,1206407.0,552659.0,Approved
4040,0,Not Graduate,No,570387.0,620000.0,18,836,1981207.0,0.0,497610.0,429645.0,Approved
4041,2,Graduate,No,659213.0,1350000.0,12,678,5044128.0,0.0,795082.0,1168429.0,Approved
4042,3,Graduate,No,947527.0,2140000.0,24,658,4439652.0,0.0,573936.0,1685244.0,Approved
4043,2,Graduate,No,501679.0,390000.0,12,612,2828493.0,0.0,270693.0,145998.0,Approved
4044,2,Not Graduate,No,2149965.0,5420000.0,36,667,11699501.0,0.0,157604.0,1488819.0,Approved
4045,1,Not Graduate,No,1382558.0,820000.0,36,666,7860765.0,0.0,1314190.0,2595641.0,Approved
4046,1,Graduate,No,2144074.0,5560000.0,36,890,4963943.0,0.0,2093926.0,1335055.0,Approved
4047,4,Graduate,Yes,723686.0,1740000.0,36,423,3539996.0,2160977.0,68030.0,531683.0,Approved
4048,2,Graduate,No,480000.0,1040000.0,12,814,298459.0,0.0,402187.0,497803.0,Approved
4049,0,Graduate,No,1752617.0,1020000.0,24,596,9829880.0,0.0,2436981.0,1464021.0,Approved
4050,1,Not Graduate,No,2325270.0,5130000.0,60,564,13579268.0,0.0,2357716.0,369316.0,Approved
4051,1,Graduate,No,579834.0,610000.0,48,589,450224.0,0.0,271632.0,990609.0,Rejected
4052,2,Graduate,Yes,1747069.0,2090000.0,18,642,7118136.0,2416944.0,966085.0,1854166.0,Approved
4053,0,Not Graduate,No,962839.0,2580000.0,24,746,4571437.0,0.0,950781.0,1127487.0,Approved
4054,1,Graduate,No,2400804.0,5950000.0,36,532,7106554.0,0.0,2784071.0,4494610.0,Rejected
4055,4,Not Graduate,No,656254.0,690000.0,12,531,3744155.0,0.0,632086.0,1066687.0,Approved
4056,2,Not Graduate,Yes,504789.0,1220000.0,12,482,3707761.0,111774.0,343959.0,246594.0,Rejected
4057,2,Not Graduate,No,849953.0,1640000.0,36,546,1481042.0,0.0,911549.0,963161.0,Rejected
4058,3,Not Graduate,No,1100899.0,1510000.0,12,705,7732015.0,0.0,576874.0,1914202.0,Approved
4059,0,Not Graduate,Yes,820092.0,850000.0,24,538,2329350.0,2319706.0,1066220.0,1006382.0,Rejected
4060,0,Graduate,Yes,827751.0,1210000.0,6,608,5564524.0,920989.0,757258.0,798863.0,Approved
4061,2,Graduate,Yes,550112.0,950000.0,60,605,4028681.0,1974241.0,788622.0,1000780.0,Approved
4062,1,Graduate,No,844861.0,750000.0,6,498,3456809.0,0.0,567265.0,1246332.0,Approved
4063,3,Graduate,Yes,1418413.0,2890000.0,12,482,6613411.0,2547690.0,256733.0,539911.0,Approved
4064,0,Graduate,No,1519564.0,3090000.0,18,608,5697788.0,0.0,1629936.0,1529783.0,Approved
4065,1,Graduate,No,480000.0,690000.0,36,684,3127226.0,0.0,611231.0,503126.0,Approved
4066,2,Graduate,No,496119.0,1370000.0,12,811,2154150.0,0.0,408875.0,515657.0,Approved
4067,1,Not Graduate,No,697090.0,1700000.0,12,568,-184683.0,0.0,305100.0,922368.0,Approved
4068,2,Graduate,No,1624787.0,1450000.0,12,618,7507549.0,0.0,1572478.0,675929.0,Approved
4069,2,Not Graduate,Yes,1103788.0,2720000.0,12,620,7072632.0,1608364.0,1175440.0,2173709.0,Approved
4070,3,Not Graduate,Yes,1252826.0,3140000.0,18,676,4629738.0,405579.0,695011.0,222060.0,Rejected
4071,2,Not Graduate,No,2780465.0,2340000.0,36,449,13298473.0,0.0,1949002.0,4018086.0,Approved
4072,0,Graduate,Yes,570284.0,1170000.0,18,446,4110961.0,942386.0,146162.0,434532.0,Approved
4073,1,Graduate,No,507788.0,510000.0,6,517,3696676.0,0.0,93318.0,321958.0,Approved
4074,1,Not Graduate,No,489389.0,530000.0,12,696,3868719.0,0.0,50000.0,954799.0,Approved
4075,3,Not Graduate,No,623107.0,1450000.0,36,692,4094396.0,0.0,110291.0,1170329.0,Approved
4076,0,Graduate,No,1709012.0,3140000.0,36,602,4056958.0,0.0,318610.0,313491.0,Rejected
4077,0,Graduate,No,484273.0,690000.0,12,587,834148.0,0.0,678053.0,789430.0,Rejected
4078,4,Not Graduate,No,932187.0,920000.0,36,797,1283926.0,0.0,969096.0,703834.0,Approved
4079,4,Graduate,No,787263.0,1270000.0,36,608,5896044.0,0.0,778656.0,841699.0,Rejected
4080,4,Graduate,Yes,1906396.0,6000000.0,12,437,6907303.0,5657429.0,2850239.0,414978.0,Rejected
4081,2,Graduate,Yes,1131893.0,850000.0,24,630,3973099.0,1873005.0,617695.0,2097257.0,Rejected
4082,2,Not Graduate,No,837428.0,580000.0,18,651,713557.0,0.0,1200850.0,600120.0,Approved
4083,2,Graduate,Yes,595985.0,1010000.0,48,542,2777345.0,1587578.0,710773.0,365083.0,Rejected
4084,2,Graduate,No,480000.0,840000.0,12,651,1206388.0,0.0,86839.0,867377.0,Approved
4085,1,Not Graduate,No,1957198.0,2180000.0,18,484,8335484.0,0.0,2563307.0,3348315.0,Approved
4086,1,Not Graduate,No,1219715.0,900000.0,18,669,5684552.0,0.0,537603.0,727872.0,Approved
4087,1,Graduate,No,1362784.0,1630000.0,24,457,8406784.0,0.0,961534.0,314099.0,Approved
4088,2,Not Graduate,No,1590268.0,960000.0,18,674,9953004.0,0.0,733799.0,2537215.0,Approved
4089,0,Not Graduate,No,1059686.0,1780000.0,48,479,6555841.0,0.0,1060600.0,317122.0,Approved
4090,1,Graduate,Yes,969445.0,1710000.0,18,715,2224574.0,1098443.0,84096.0,561742.0,Approved
4091,4,Graduate,Yes,1250132.0,3470000.0,36,714,2538746.0,4677630.0,1315386.0,769544.0,Rejected
4092,0,Graduate,Yes,1154664.0,2550000.0,18,665,1936743.0,1253380.0,1659561.0,908003.0,Rejected
4093,2,Graduate,No,2789214.0,7200000.0,48,747,4500115.0,0.0,3824260.0,743207.0,Approved
4094,2,Not Graduate,No,562211.0,1470000.0,18,670,1625340.0,0.0,786065.0,818087.0,Approved
4095,2,Not Graduate,No,1386597.0,1740000.0,24,755,2736638.0,0.0,1890424.0,1533622.0,Approved
4096,2,Not Graduate,No,819794.0,2180000.0,18,587,3563456.0,0.0,580291.0,235502.0,Approved
4097,2,Not Graduate,No,727938.0,1280000.0,48,376,985830.0,0.0,461099.0,1290931.0,Rejected
4098,1,Not Graduate,No,1376033.0,870000.0,36,674,3902897.0,0.0,1483057.0,1437362.0,Approved
4099,0,Not Graduate,No,1096686.0,670000.0,24,658,3697543.0,0.0,1469653.0,1613278.0,Approved
4100,3,Not Graduate,No,1167316.0,3030000.0,48,679,9231532.0,0.0,797878.0,1075387.0,Approved
4101,3,Graduate,No,835652.0,460000.0,18,629,1458692.0,0.0,769450.0,1188193.0,Rejected
4102,3,Graduate,No,926725.0,1640000.0,60,546,6590011.0,0.0,115290.0,1381031.0,Approved
4103,2,Graduate,Yes,3397212.0,3190000.0,36,511,9909712.0,2472202.0,5022357.0,3071612.0,Rejected
4104,2,Graduate,Yes,1028244.0,1900000.0,12,562,7845764.0,3822896.0,1015904.0,1045689.0,Rejected
4105,2,Not Graduate,No,658454.0,1810000.0,12,432,2503620.0,0.0,759894.0,646956.0,Rejected
4106,1,Graduate,No,649587.0,350000.0,12,582,2976187.0,0.0,848016.0,914226.0,Approved
4107,1,Graduate,Yes,968749.0,620000.0,12,510,5746095.0,2973131.0,806786.0,861965.0,Approved
4108,1,Not Graduate,No,659215.0,1100000.0,12,546,2569850.0,0.0,693826.0,401778.0,Approved
4109,3,Not Graduate,Yes,2227178.0,2300000.0,6,559,14532650.0,4185661.0,2345273.0,2752531.0,Rejected
4110,0,Not Graduate,Yes,1286893.0,3040000.0,12,649,2067172.0,5019724.0,460667.0,1876182.0,Approved
4111,2,Graduate,No,1181891.0,760000.0,24,711,5104042.0,0.0,251211.0,369101.0,Approved
4112,2,Graduate,No,564230.0,550000.0,24,521,1145406.0,0.0,681549.0,57752.0,Approved
4113,4,Not Graduate,No,728654.0,880000.0,24,605,1608242.0,0.0,677212.0,290375.0,Rejected
4114,2,Not Graduate,Yes,2551167.0,4610000.0,24,756,2283606.0,777615.0,3470416.0,2890213.0,Approved
4115,1,Not Graduate,No,488198.0,1220000.0,24,542,959276.0,0.0,273284.0,953477.0,Rejected
4116,0,Not Graduate,No,4141356.0,4540000.0,48,458,5751877.0,0.0,3740559.0,3607910.0,Approved
4117,1,Graduate,No,1755751.0,2830000.0,6,698,11644985.0,0.0,1170193.0,3135005.0,Approved
4118,3,Graduate,No,1716078.0,3310000.0,36,601,7986495.0,0.0,1181293.0,2416842.0,Rejected
4119,0,Graduate,No,1659672.0,640000.0,24,461,-155765.0,0.0,2374641.0,977063.0,Rejected
4120,1,Graduate,No,480000.0,360000.0,12,537,2603660.0,0.0,303994.0,442598.0,Approved
4121,3,Not Graduate,Yes,956707.0,430000.0,60,535,2647083.0,3160116.0,210624.0,1785288.0,Rejected
4122,2,Graduate,No,1446180.0,2260000.0,36,538,5240131.0,0.0,951686.0,1658467.0,Approved
4123,1,Graduate,No,839658.0,1330000.0,18,533,3566183.0,0.0,277377.0,708162.0,Rejected
4124,1,Not Graduate,Yes,1135254.0,1490000.0,12,570,3404140.0,2583888.0,1403412.0,1543956.0,Rejected
4125,1,Not Graduate,No,1770293.0,2580000.0,18,660,13920486.0,0.0,1690970.0,2700775.0,Approved
4126,2,Graduate,No,1201094.0,980000.0,24,849,6749611.0,0.0,967157.0,2110499.0,Approved
4127,0,Graduate,Yes,1777775.0,1380000.0,12,662,5831440.0,4062312.0,2138764.0,1236561.0,Approved
4128,1,Not Graduate,Yes,2510355.0,1760000.0,6,706,17826430.0,7898975.0,3126912.0,3121961.0,Approved
4129,1,Graduate,No,1034889.0,2560000.0,24,675,6082304.0,0.0,1029428.0,1322818.0,Approved
4130,1,Not Graduate,No,732468.0,1220000.0,18,455,2792910.0,0.0,723355.0,1352466.0,Approved
4131,0,Not Graduate,No,825598.0,1330000.0,36,553,3016194.0,0.0,788131.0,880729.0,Approved
4132,3,Not Graduate,Yes,1485550.0,4560000.0,24,459,2724658.0,228522.0,940400.0,1929823.0,Approved
4133,2,Graduate,No,1872742.0,2220000.0,12,543,13896417.0,0.0,2614739.0,796595.0,Approved
4134,1,Not Graduate,No,1233199.0,2970000.0,36,734,7944893.0,0.0,1580904.0,877923.0,Approved
4135,0,Not Graduate,Yes,480000.0,720000.0,12,658,1407748.0,1775348.0,335534.0,935242.0,Approved
4136,0,Graduate,No,1359843.0,1460000.0,12,666,4965759.0,0.0,412531.0,2213340.0,Approved
4137,0,Graduate,Yes,480000.0,430000.0,18,672,2467946.0,792528.0,325374.0,173902.0,Approved
4138,0,Graduate,No,1318736.0,1180000.0,12,442,1578039.0,0.0,370785.0,177278.0,Rejected
4139,0,Graduate,No,647828.0,1100000.0,36,388,2213387.0,0.0,479494.0,316070.0,Rejected
4140,2,Graduate,No,1061976.0,2340000.0,36,511,7073118.0,0.0,1143762.0,1852361.0,Approved
4141,2,Not Graduate,Yes,1522648.0,810000.0,6,606,8864744.0,5694716.0,207973.0,1633843.0,Approved
4142,2,Graduate,Yes,809824.0,460000.0,36,776,1132022.0,1061923.0,1134652.0,1551803.0,Approved
4143,0,Graduate,No,1558874.0,970000.0,60,528,11501049.0,0.0,504658.0,1090810.0,Approved
4144,2,Not Graduate,Yes,2022703.0,1960000.0,24,586,11904031.0,1796387.0,2695620.0,3248213.0,Approved
4145,2,Graduate,No,682587.0,250000.0,48,463,4657551.0,0.0,793729.0,1087314.0,Approved
4146,3,Not Graduate,No,1744511.0,1530000.0,18,571,13114458.0,0.0,2503689.0,1247345.0,Rejected
4147,1,Graduate,No,1272187.0,2200000.0,18,522,2772760.0,0.0,708456.0,1178939.0,Approved
4148,3,Not Graduate,No,699756.0,670000.0,48,705,3200243.0,0.0,332791.0,784444.0,Approved
4149,0,Not Graduate,No,913937.0,2040000.0,24,630,3926100.0,0.0,71296.0,1700836.0,Approved
4150,2,Graduate,Yes,1263890.0,3450000.0,18,562,5017380.0,8523.0,1677716.0,2511553.0,Approved
4151,2,Graduate,No,480000.0,390000.0,12,661,2366213.0,0.0,639214.0,772157.0,Approved
4152,4,Graduate,Yes,480000.0,570000.0,36,596,758208.0,1646770.0,419847.0,836714.0,Rejected
4153,3,Not Graduate,No,2072862.0,5740000.0,12,573,14122933.0,0.0,1968422.0,1172992.0,Approved
4154,1,Not Graduate,No,1470690.0,1240000.0,36,434,11328523.0,0.0,1116099.0,2124447.0,Rejected
4155,2,Not Graduate,No,1224555.0,2190000.0,24,900,2188242.0,0.0,1222969.0,1919954.0,Approved
4156,0,Not Graduate,No,876334.0,1120000.0,48,582,6247355.0,0.0,1037547.0,1235840.0,Approved
4157,1,Not Graduate,No,1614946.0,3290000.0,18,742,6426598.0,0.0,2174269.0,2230225.0,Approved
4158,2,Graduate,No,492238.0,580000.0,12,575,2451690.0,0.0,502252.0,828421.0,Approved
4159,0,Graduate,No,1109398.0,1450000.0,18,529,8073593.0,0.0,865398.0,759765.0,Rejected
4160,0,Graduate,Yes,962491.0,1950000.0,36,613,3892536.0,3028382.0,1058644.0,1619308.0,Rejected
4161,2,Not Graduate,No,1230980.0,2220000.0,48,619,4680279.0,0.0,998232.0,1176937.0,Approved
4162,0,Graduate,No,1340762.0,1010000.0,6,597,7759973.0,0.0,893727.0,1015181.0,Approved
4163,0,Graduate,No,1633219.0,2760000.0,6,469,7843329.0,0.0,717064.0,1330554.0,Rejected
4164,2,Graduate,No,2212021.0,3850000.0,36,379,6713652.0,0.0,155954.0,2883344.0,Approved
4165,1,Not Graduate,No,995396.0,2810000.0,48,563,7277025.0,0.0,112642.0,1676908.0,Rejected
4166,0,Not Graduate,No,1574139.0,2270000.0,24,387,4383344.0,0.0,459002.0,2809089.0,Approved
4167,0,Not Graduate,Yes,1299607.0,1100000.0,12,759,8579678.0,1526617.0,1047599.0,2402488.0,Rejected
4168,3,Graduate,No,1348047.0,2930000.0,12,750,2849252.0,0.0,118774.0,1968106.0,Approved
4169,2,Not Graduate,No,1789879.0,3140000.0,12,758,9751353.0,0.0,576745.0,972600.0,Approved
4170,2,Not Graduate,Yes,480000.0,500000.0,36,725,762247.0,1724281.0,53612.0,151662.0,Approved
4171,4,Not Graduate,Yes,771428.0,1130000.0,36,687,3763712.0,2121670.0,1104674.0,346071.0,Approved
4172,2,Not Graduate,No,1613448.0,4330000.0,24,691,866436.0,0.0,2214687.0,731593.0,Approved
4173,2,Not Graduate,No,731074.0,830000.0,18,571,4296096.0,0.0,219253.0,298538.0,Approved
4174,0,Graduate,Yes,1403509.0,2340000.0,48,483,9079829.0,5292132.0,455022.0,2188015.0,Approved
4175,4,Graduate,No,2100689.0,5140000.0,6,675,6143133.0,0.0,131620.0,3149501.0,Rejected
4176,0,Not Graduate,No,2030155.0,4690000.0,6,635,-109662.0,0.0,231335.0,2622984.0,Approved
4177,3,Not Graduate,No,1185970.0,440000.0,36,715,3403886.0,0.0,244149.0,1564873.0,Approved
4178,4,Graduate,No,1224305.0,1530000.0,48,604,9240138.0,0.0,212627.0,998205.0,Approved
4179,1,Graduate,Yes,1445011.0,3540000.0,24,536,2790456.0,5196304.0,2146294.0,307899.0,Approved
4180,3,Graduate,No,982715.0,880000.0,12,647,1219888.0,0.0,1035013.0,361818.0,Approved
4181,0,Graduate,Yes,2624564.0,6460000.0,6,516,16595054.0,1299597.0,1018081.0,297145.0,Approved
4182,0,Graduate,Yes,1046590.0,2460000.0,12,477,2281016.0,50894.0,1321476.0,1954037.0,Rejected
4183,1,Not Graduate,No,1685760.0,930000.0,12,711,7213557.0,0.0,2065243.0,2273374.0,Approved
4184,1,Not Graduate,No,1341600.0,1750000.0,60,900,4143148.0,0.0,294390.0,1188981.0,Approved
4185,2,Graduate,Yes,1303678.0,2160000.0,18,633,8072451.0,4882269.0,1189049.0,2023717.0,Rejected
4186,3,Not Graduate,No,881207.0,1420000.0,6,530,6231154.0,0.0,708204.0,1738904.0,Rejected
4187,1,Not Graduate,No,2641819.0,2890000.0,18,686,2361233.0,0.0,3586670.0,4649215.0,Rejected
4188,1,Graduate,No,1279603.0,700000.0,36,714,4338623.0,0.0,726855.0,1845255.0,Approved
4189,2,Graduate,Yes,2368257.0,3090000.0,12,612,6719657.0,9247903.0,369447.0,592524.0,Approved
4190,2,Graduate,No,1178359.0,580000.0,24,698,9278244.0,0.0,1212810.0,2061688.0,Approved
4191,1,Graduate,Yes,788289.0,430000.0,24,810,493677.0,2856691.0,138425.0,872525.0,Approved
4192,1,Graduate,Yes,566505.0,760000.0,12,805,642611.0,944023.0,301699.0,1067834.0,Approved
4193,1,Graduate,No,640459.0,1210000.0,24,514,2535271.0,0.0,354998.0,868121.0,Approved
4194,0,Graduate,No,1564390.0,770000.0,24,475,3300988.0,0.0,183522.0,2968646.0,Approved
4195,0,Graduate,No,1202942.0,1400000.0,12,713,8183251.0,0.0,1771357.0,1851064.0,Approved
4196,4,Not Graduate,No,480000.0,460000.0,24,594,2334392.0,0.0,124258.0,178102.0,Approved
4197,0,Not Graduate,No,685102.0,1470000.0,6,599,4276445.0,0.0,357608.0,596770.0,Rejected
4198,2,Not Graduate,No,683867.0,1310000.0,24,682,2961193.0,0.0,608538.0,449409.0,Approved
4199,2,Not Graduate,No,619619.0,1160000.0,18,553,4308427.0,0.0,429294.0,1132582.0,Rejected
4200,2,Not Graduate,No,1253713.0,2560000.0,36,642,3363969.0,0.0,1560573.0,488126.0,Approved
4201,1,Graduate,No,1939465.0,4330000.0,18,572,3183511.0,0.0,2535611.0,2222839.0,Rejected
4202,1,Graduate,No,849909.0,1210000.0,18,861,4937923.0,0.0,994220.0,119074.0,Approved
4203,1,Graduate,No,1569807.0,3210000.0,18,531,6146790.0,0.0,1422871.0,2130949.0,Rejected
4204,1,Not Graduate,No,1316633.0,3060000.0,6,701,3271369.0,0.0,1638899.0,1448596.0,Rejected
4205,1,Graduate,No,779244.0,840000.0,48,596,5900323.0,0.0,677017.0,1503937.0,Approved
4206,2,Not Graduate,No,1696054.0,2470000.0,18,430,2926563.0,0.0,2246072.0,971992.0,Approved
4207,2,Graduate,No,744508.0,1600000.0,60,619,1805532.0,0.0,718298.0,724598.0,Approved
4208,0,Not Graduate,Yes,905849.0,530000.0,24,528,4755216.0,2408527.0,811723.0,1388686.0,Rejected
4209,2,Graduate,No,4111142.0,5290000.0,6,851,12160755.0,0.0,3183419.0,441863.0,Approved
4210,2,Graduate,Yes,3279785.0,7620000.0,18,647,16570711.0,1579407.0,2899873.0,6061961.0,Approved
4211,2,Not Graduate,No,774114.0,860000.0,24,718,5137938.0,0.0,106232.0,965581.0,Approved
4212,4,Graduate,Yes,740552.0,1870000.0,36,541,4365885.0,1549969.0,166317.0,1479373.0,Approved
4213,4,Graduate,No,1046713.0,930000.0,24,483,4169933.0,0.0,992989.0,346650.0,Rejected
4214,1,Not Graduate,No,871324.0,410000.0,12,729,1728012.0,0.0,1299202.0,746206.0,Rejected
4215,0,Not Graduate,Yes,765481.0,1690000.0,6,654,3634815.0,2995890.0,403777.0,1008155.0,Rejected
4216,0,Graduate,Yes,1373033.0,1560000.0,36,574,3851831.0,3813546.0,245295.0,2135172.0,Rejected
4217,1,Graduate,Yes,1151637.0,480000.0,12,606,3811551.0,1021188.0,175981.0,1930759.0,Approved
4218,0,Not Graduate,Yes,878520.0,1140000.0,48,384,2348813.0,1233811.0,399339.0,810246.0,Rejected
4219,1,Graduate,No,1234682.0,3110000.0,6,822,6090625.0,0.0,263410.0,892395.0,Approved
4220,2,Graduate,Yes,674572.0,530000.0,18,727,3202625.0,906126.0,917118.0,648468.0,Approved
4221,1,Graduate,No,939281.0,1340000.0,24,421,4396112.0,0.0,481222.0,166642.0,Rejected
4222,0,Not Graduate,No,869046.0,460000.0,12,590,1687541.0,0.0,352697.0,1102400.0,Approved
4223,4,Graduate,Yes,1985702.0,2610000.0,12,757,3626693.0,2197227.0,377744.0,2507985.0,Approved
4224,2,Not Graduate,No,760044.0,1390000.0,24,760,4612788.0,0.0,523845.0,911318.0,Approved
4225,1,Not Graduate,No,2376728.0,5610000.0,18,745,17210690.0,0.0,2390188.0,1264368.0,Approved
4226,1,Graduate,Yes,1808216.0,2640000.0,18,701,10732621.0,2473569.0,939362.0,927101.0,Approved
4227,1,Not Graduate,No,480000.0,480000.0,12,438,1521097.0,0.0,318449.0,748487.0,Approved
4228,3,Not Graduate,No,537820.0,1290000.0,12,462,812598.0,0.0,613512.0,1012164.0,Approved
4229,3,Not Graduate,No,1871980.0,3190000.0,6,675,5274117.0,0.0,1822208.0,468648.0,Approved
4230,1,Graduate,No,480000.0,690000.0,60,792,1080533.0,0.0,486576.0,958011.0,Approved
4231,1,Graduate,No,735487.0,1050000.0,6,678,3753367.0,0.0,621274.0,154492.0,Rejected
4232,0,Not Graduate,No,480000.0,660000.0,24,522,867713.0,0.0,538412.0,475508.0,Approved
4233,0,Graduate,No,1839781.0,5600000.0,48,650,10346117.0,0.0,2251697.0,2549902.0,Rejected
4234,1,Graduate,Yes,777729.0,1600000.0,36,667,3818771.0,992683.0,688097.0,833663.0,Approved
4235,0,Not Graduate,Yes,1095369.0,830000.0,18,545,4722118.0,3127850.0,1426376.0,1105962.0,Approved
4236,2,Not Graduate,Yes,875967.0,900000.0,48,659,5049187.0,1469498.0,699542.0,1415699.0,Approved
4237,0,Not Graduate,No,1868161.0,2430000.0,24,862,3009227.0,0.0,2783828.0,1056773.0,Approved
4238,2,Not Graduate,No,1851927.0,4370000.0,12,720,10238916.0,0.0,959898.0,3556657.0,Rejected
4239,4,Graduate,No,1315700.0,3510000.0,6,600,3667971.0,0.0,1818973.0,216385.0,Approved
4240,2,Not Graduate,Yes,910294.0,2230000.0,24,597,3718129.0,1103754.0,505631.0,1731788.0,Approved
4241,3,Not Graduate,Yes,743427.0,1350000.0,12,598,515985.0,2128711.0,985407.0,1222418.0,Rejected
4242,0,Graduate,No,1502173.0,4520000.0,48,744,10292031.0,0.0,1412126.0,1732282.0,Approved
4243,3,Graduate,No,1320992.0,2570000.0,18,695,8683548.0,0.0,1484199.0,2039931.0,Approved
4244,2,Not Graduate,No,1401272.0,1590000.0,12,584,2507503.0,0.0,1620871.0,818279.0,Rejected
4245,2,Not Graduate,No,480000.0,520000.0,12,593,2447083.0,0.0,365597.0,369088.0,Approved
4246,0,Not Graduate,No,2571729.0,3510000.0,48,734,14756942.0,0.0,1473361.0,3582528.0,Approved
4247,0,Not Graduate,No,1281648.0,3510000.0,18,559,10173441.0,0.0,372789.0,1310636.0,Rejected
4248,0,Not Graduate,No,1804436.0,2770000.0,12,610,8064783.0,0.0,2170553.0,1057912.0,Approved
4249,1,Graduate,No,1178714.0,640000.0,18,760,8401091.0,0.0,1110891.0,1258667.0,Approved
4250,0,Graduate,No,480000.0,1050000.0,12,622,2056184.0,0.0,487316.0,92500.0,Approved
4251,2,Not Graduate,Yes,1336334.0,1520000.0,48,832,1599829.0,4587486.0,1077971.0,1620838.0,Approved
4252,2,Not Graduate,No,1173163.0,3120000.0,24,447,5941475.0,0.0,610890.0,1411611.0,Rejected
4253,0,Graduate,No,697730.0,1520000.0,48,473,4738229.0,0.0,172941.0,436053.0,Rejected
4254,4,Not Graduate,No,2116590.0,890000.0,36,479,10986926.0,0.0,2461112.0,3800942.0,Approved
4255,1,Graduate,Yes,1242479.0,1530000.0,18,482,7291080.0,3291612.0,1386018.0,1879093.0,Approved
4256,0,Not Graduate,No,924776.0,340000.0,12,368,7024878.0,0.0,617676.0,615461.0,Approved
4257,1,Graduate,No,480000.0,1140000.0,36,676,1483279.0,0.0,128857.0,808205.0,Rejected
4258,0,Not Graduate,No,792373.0,1380000.0,12,748,3772247.0,0.0,515819.0,413914.0,Approved
4259,1,Graduate,No,480000.0,1010000.0,12,597,326197.0,0.0,61600.0,604372.0,Rejected
4260,4,Not Graduate,No,572482.0,610000.0,6,652,3860433.0,0.0,783213.0,611268.0,Rejected
4261,2,Graduate,No,616493.0,990000.0,60,558,3285444.0,0.0,852030.0,256666.0,Approved
4262,2,Not Graduate,No,1241694.0,2080000.0,12,639,6275165.0,0.0,1055795.0,1812176.0,Rejected
4263,2,Graduate,Yes,733077.0,2190000.0,36,537,4068247.0,1480918.0,828856.0,1024465.0,Rejected
4264,2,Graduate,Yes,979638.0,990000.0,24,415,1406631.0,147930.0,412596.0,529746.0,Rejected
4265,3,Not Graduate,No,480000.0,390000.0,36,510,3753302.0,0.0,677606.0,721929.0,Rejected
4266,1,Not Graduate,No,2473230.0,4820000.0,36,651,19766921.0,0.0,467845.0,2676137.0,Approved
4267,1,Graduate,No,863341.0,740000.0,24,620,4592114.0,0.0,1260121.0,210231.0,Approved
4268,2,Graduate,No,1108081.0,1410000.0,12,522,3667313.0,0.0,298636.0,1084665.0,Rejected
4269,1,Graduate,Yes,480000.0,760000.0,36,678,2308639.0,1507778.0,203362.0,123112.0,Approved
4270,1,Not Graduate,No,1775268.0,3560000.0,24,729,11873593.0,0.0,2216132.0,2050764.0,Approved
4271,4,Graduate,No,1142033.0,1730000.0,18,865,1750129.0,0.0,715087.0,1476440.0,Approved
4272,2,Graduate,No,2516951.0,5280000.0,60,638,12526627.0,0.0,299781.0,648625.0,Approved
4273,3,Graduate,No,1009594.0,790000.0,18,600,3612516.0,0.0,651766.0,1944801.0,Approved
4274,1,Not Graduate,No,2598385.0,4310000.0,18,689,14053295.0,0.0,3162096.0,2833863.0,Approved
4275,0,Not Graduate,No,987909.0,1670000.0,6,886,3900265.0,0.0,486861.0,681652.0,Approved
4276,1,Graduate,No,980809.0,2540000.0,24,556,2707185.0,0.0,704441.0,486819.0,Approved
4277,1,Not Graduate,No,996031.0,1170000.0,48,737,4673436.0,0.0,419361.0,883289.0,Approved
4278,0,Not Graduate,Yes,1293823.0,1040000.0,12,675,889013.0,2867758.0,871957.0,989313.0,Approved
4279,1,Graduate,No,1477640.0,1870000.0,48,533,8661461.0,0.0,1450211.0,2517425.0,Approved
4280,2,Graduate,No,1342177.0,2640000.0,12,699,8420124.0,0.0,260617.0,2284262.0,Approved
4281,1,Graduate,No,535402.0,1450000.0,24,701,2144562.0,0.0,366175.0,270759.0,Rejected
4282,2,Not Graduate,No,697801.0,290000.0,12,632,4759345.0,0.0,800139.0,349942.0,Approved
4283,0,Not Graduate,Yes,788432.0,700000.0,18,573,6264223.0,2489712.0,642751.0,357935.0,Approved
4284,0,Graduate,Yes,1338665.0,1390000.0,60,787,2036123.0,993382.0,454122.0,424840.0,Approved
4285,2,Not Graduate,No,1574313.0,2440000.0,6,421,5937890.0,0.0,397671.0,2538328.0,Rejected
4286,2,Not Graduate,No,2102383.0,3770000.0,24,503,3590674.0,0.0,2227614.0,1330847.0,Rejected
4287,2,Not Graduate,No,2190600.0,5170000.0,36,672,12710869.0,0.0,1440980.0,409914.0,Approved
4288,2,Graduate,No,729662.0,1420000.0,12,702,3343667.0,0.0,401059.0,417147.0,Approved
4289,4,Graduate,Yes,877167.0,2490000.0,18,645,6370633.0,1532409.0,835191.0,1248763.0,Approved
4290,0,Not Graduate,No,545642.0,1170000.0,18,465,3575454.0,0.0,723924.0,802781.0,Rejected
4291,1,Not Graduate,No,2135991.0,3690000.0,12,673,16882670.0,0.0,1207861.0,2577616.0,Approved
4292,4,Not Graduate,No,2830290.0,1410000.0,48,622,20565272.0,0.0,2190136.0,4163368.0,Approved
4293,3,Not Graduate,No,1366558.0,1120000.0,36,669,9454000.0,0.0,124776.0,2208776.0,Approved
4294,3,Graduate,No,3843589.0,9290000.0,36,525,5758644.0,0.0,812956.0,924178.0,Approved
4295,1,Not Graduate,No,909387.0,2270000.0,18,498,4391498.0,0.0,942813.0,1164983.0,Rejected
4296,2,Not Graduate,No,726404.0,2050000.0,48,670,1317960.0,0.0,316739.0,1427204.0,Approved
4297,1,Graduate,No,712088.0,1990000.0,24,653,5365932.0,0.0,777506.0,381713.0,Approved
4298,3,Graduate,No,725829.0,1760000.0,12,595,2216640.0,0.0,115714.0,195106.0,Approved
4299,1,Not Graduate,No,3316414.0,1720000.0,12,498,8354164.0,0.0,2808937.0,1259667.0,Approved
4300,2,Graduate,Yes,2442396.0,5980000.0,24,587,14760661.0,5652313.0,838049.0,1050248.0,Approved
4301,2,Graduate,No,564305.0,600000.0,48,502,1213003.0,0.0,529246.0,292090.0,Rejected
4302,1,Not Graduate,No,1533792.0,3300000.0,60,571,5833791.0,0.0,1112881.0,437356.0,Approved
4303,0,Graduate,No,1787516.0,3490000.0,12,742,5773549.0,0.0,313860.0,1898320.0,Approved
4304,1,Not Graduate,Yes,1010246.0,1320000.0,12,569,4550936.0,3073685.0,1461650.0,489474.0,Approved
4305,1,Not Graduate,No,508766.0,760000.0,18,599,4048454.0,0.0,573286.0,878258.0,Approved
4306,2,Graduate,Yes,1812923.0,4550000.0,12,570,9943688.0,5247642.0,1445122.0,1711845.0,Rejected
4307,1,Graduate,Yes,1123325.0,2640000.0,18,728,7194767.0,4241825.0,358101.0,2131384.0,Approved
4308,2,Not Graduate,No,2229109.0,3600000.0,36,601,17411748.0,0.0,1094485.0,2646901.0,Approved
4309,2,Not Graduate,No,1155998.0,2990000.0,24,620,2438037.0,0.0,935776.0,1643072.0,Approved
4310,2,Not Graduate,Yes,642456.0,380000.0,12,705,1367426.0,1574278.0,324732.0,577677.0,Approved
4311,2,Not Graduate,Yes,618719.0,560000.0,6,686,1328062.0,1379358.0,647783.0,1154974.0,Approved
4312,1,Not Graduate,No,759760.0,290000.0,48,541,3083567.0,0.0,932659.0,1003117.0,Approved
4313,1,Graduate,Yes,517058.0,1420000.0,12,627,3651379.0,516969.0,571501.0,325753.0,Rejected
4314,3,Not Graduate,Yes,480000.0,410000.0,24,421,2290697.0,1178569.0,614291.0,498848.0,Approved
4315,0,Not Graduate,No,697812.0,1440000.0,18,656,2057913.0,0.0,975049.0,194292.0,Approved
4316,2,Not Graduate,Yes,4773766.0,2950000.0,60,551,5879125.0,8351651.0,6396622.0,8259740.0,Approved
4317,4,Not Graduate,No,2835877.0,7170000.0,18,900,21066068.0,0.0,1723891.0,5346669.0,Approved
4318,2,Not Graduate,Yes,1403279.0,2570000.0,24,746,2568941.0,2875948.0,436925.0,2500869.0,Approved
4319,2,Graduate,No,1170830.0,890000.0,18,800,9214056.0,0.0,730681.0,1093257.0,Approved
4320,0,Graduate,Yes,1674749.0,1070000.0,18,543,12098682.0,2893048.0,1861787.0,3140847.0,Approved
4321,1,Graduate,Yes,2423348.0,4520000.0,18,524,6395761.0,3873988.0,1133531.0,3693968.0,Approved
4322,0,Graduate,No,1496026.0,950000.0,36,688,9560730.0,0.0,925770.0,2089346.0,Approved
4323,3,Not Graduate,No,603939.0,1220000.0,18,700,4251282.0,0.0,318204.0,1147640.0,Approved
4324,3,Not Graduate,Yes,893365.0,2820000.0,48,558,6614251.0,1874560.0,888432.0,313519.0,Rejected
4325,1,Not Graduate,Yes,480000.0,790000.0,36,750,3803277.0,1224129.0,184478.0,683443.0,Approved
4326,0,Not Graduate,No,514096.0,320000.0,12,601,3680439.0,0.0,681419.0,527056.0,Rejected
4327,2,Not Graduate,No,680858.0,970000.0,6,541,4150686.0,0.0,80945.0,939769.0,Rejected
4328,1,Not Graduate,No,1413480.0,1430000.0,36,747,8530677.0,0.0,1208304.0,1216210.0,Approved
4329,2,Graduate,No,1117345.0,3000000.0,12,473,673594.0,0.0,551563.0,851970.0,Approved
4330,2,Graduate,No,848309.0,850000.0,6,599,1031142.0,0.0,1079147.0,1202405.0,Approved
4331,2,Not Graduate,No,1254187.0,980000.0,18,560,6968030.0,0.0,1346894.0,264814.0,Approved
4332,3,Graduate,No,2308907.0,2210000.0,18,811,14586925.0,0.0,1435480.0,1323666.0,Approved
4333,4,Not Graduate,Yes,587940.0,1550000.0,12,726,1681368.0,782859.0,477953.0,1074610.0,Approved
4334,0,Graduate,No,755155.0,1240000.0,24,477,1938837.0,0.0,528108.0,946564.0,Approved
4335,1,Graduate,Yes,869685.0,1880000.0,18,722,5604137.0,733296.0,1261554.0,1384865.0,Approved
4336,1,Graduate,No,1025422.0,330000.0,48,668,1855827.0,0.0,849777.0,1444754.0,Approved
4337,1,Graduate,No,2255303.0,1310000.0,12,622,5919664.0,0.0,303909.0,3119615.0,Rejected
4338,1,Graduate,Yes,1407562.0,2280000.0,60,522,4690688.0,1353995.0,1290320.0,2142286.0,Approved
4339,1,Not Graduate,Yes,480000.0,840000.0,12,587,2294069.0,59776.0,109110.0,81310.0,Approved
4340,4,Not Graduate,Yes,1686994.0,4310000.0,18,612,12253132.0,1986104.0,1174345.0,1915744.0,Approved
4341,2,Graduate,No,1146356.0,860000.0,18,619,1675703.0,0.0,1079487.0,199961.0,Approved
4342,2,Graduate,No,747128.0,1460000.0,36,589,5225128.0,0.0,693120.0,261332.0,Approved
4343,1,Not Graduate,Yes,1085221.0,2620000.0,48,586,8520533.0,4098836.0,107729.0,247656.0,Rejected
4344,1,Graduate,No,676327.0,890000.0,36,667,2106421.0,0.0,531960.0,264467.0,Approved
4345,0,Not Graduate,Yes,521924.0,270000.0,18,453,2125191.0,1784044.0,702587.0,123464.0,Approved
4346,3,Not Graduate,No,480000.0,370000.0,12,650,1598901.0,0.0,199152.0,922182.0,Approved
4347,0,Graduate,Yes,1256625.0,1640000.0,6,462,9939732.0,3265490.0,971962.0,1163339.0,Rejected
4348,1,Not Graduate,Yes,2535093.0,3040000.0,6,582,6334301.0,1417362.0,1809026.0,4536690.0,Approved
4349,3,Graduate,No,1219732.0,1790000.0,36,453,3941830.0,0.0,532764.0,1054068.0,Approved
4350,0,Not Graduate,Yes,1767586.0,3880000.0,18,576,4264778.0,6656456.0,1115683.0,2915122.0,Rejected
4351,1,Not Graduate,No,1417191.0,2430000.0,24,502,1371872.0,0.0,1154092.0,801750.0,Rejected
4352,0,Not Graduate,Yes,1351407.0,1590000.0,48,609,3733025.0,2003526.0,1359035.0,2027536.0,Approved
4353,2,Graduate,No,1029285.0,2450000.0,36,507,2989639.0,0.0,401914.0,279889.0,Approved
4354,2,Not Graduate,Yes,1140792.0,2810000.0,18,626,5837408.0,3737336.0,1307005.0,453314.0,Approved
4355,1,Graduate,No,3539699.0,7010000.0,60,667,13174248.0,0.0,4609525.0,1352344.0,Approved
4356,1,Graduate,No,545785.0,1100000.0,18,710,1768018.0,0.0,192945.0,393915.0,Rejected
4357,1,Graduate,Yes,742079.0,1870000.0,18,453,3555622.0,2960258.0,50000.0,966781.0,Rejected
4358,2,Not Graduate,Yes,761086.0,1650000.0,60,768,2185256.0,879356.0,1123844.0,1440297.0,Approved
4359,2,Graduate,No,1034329.0,1800000.0,12,704,-188850.0,0.0,642253.0,688694.0,Approved
4360,0,Graduate,No,1041824.0,2090000.0,36,623,1758801.0,0.0,126886.0,969645.0,Rejected
4361,0,Not Graduate,No,1245229.0,2410000.0,6,776,5980519.0,0.0,915262.0,1938368.0,Approved
4362,2,Graduate,Yes,1378570.0,2410000.0,24,814,9237532.0,1746225.0,942734.0,1437082.0,Approved
4363,4,Graduate,Yes,1189861.0,1230000.0,6,622,2538733.0,4620135.0,1388857.0,1470597.0,Approved
4364,3,Graduate,No,480000.0,1120000.0,24,795,3296251.0,0.0,556959.0,902724.0,Approved
4365,3,Not Graduate,No,936470.0,590000.0,24,588,3355335.0,0.0,785456.0,1253701.0,Rejected
4366,2,Graduate,No,706749.0,1190000.0,48,483,1126541.0,0.0,629225.0,1322980.0,Rejected
4367,4,Graduate,No,662578.0,1030000.0,24,548,2921053.0,0.0,936056.0,1013181.0,Rejected
4368,1,Not Graduate,No,740079.0,2130000.0,12,608,773356.0,0.0,1085743.0,1344959.0,Approved
4369,1,Not Graduate,No,1185056.0,2760000.0,24,452,595893.0,0.0,204258.0,224288.0,Rejected
4370,2,Graduate,No,3297458.0,3320000.0,36,693,17058694.0,0.0,3414668.0,6017379.0,Approved
4371,1,Not Graduate,No,1698995.0,830000.0,36,581,7278457.0,0.0,360060.0,1169187.0,Approved
4372,1,Graduate,No,1429805.0,1190000.0,12,609,6123408.0,0.0,425089.0,2549784.0,Approved
4373,2,Not Graduate,No,2740999.0,4490000.0,48,539,18703163.0,0.0,1466550.0,446625.0,Approved
4374,2,Not Graduate,Yes,2257077.0,2750000.0,36,602,8978376.0,5126548.0,2345653.0,1656193.0,Approved
4375,3,Graduate,Yes,696438.0,440000.0,36,660,5350049.0,240782.0,143203.0,935430.0,Approved
4376,0,Not Graduate,No,1191289.0,1950000.0,36,665,9314205.0,0.0,337390.0,1450408.0,Approved
4377,0,Graduate,No,7161203.0,15270000.0,18,521,39810803.0,0.0,6255420.0,5030303.0,Rejected
4378,3,Graduate,Yes,761850.0,590000.0,24,738,924058.0,134988.0,238403.0,415431.0,Approved
4379,0,Not Graduate,Yes,547433.0,360000.0,18,466,2203866.0,2054548.0,289571.0,299734.0,Approved
4380,4,Graduate,No,910047.0,1380000.0,24,564,1705019.0,0.0,480253.0,1411770.0,Approved
4381,0,Graduate,No,1397776.0,2280000.0,36,614,3444302.0,0.0,390365.0,1787657.0,Approved
4382,0,Not Graduate,No,841682.0,1420000.0,18,616,4133236.0,0.0,1090691.0,1229647.0,Approved
4383,2,Graduate,Yes,876243.0,1280000.0,36,555,4843891.0,225935.0,1253444.0,455777.0,Approved
4384,2,Graduate,Yes,535767.0,380000.0,18,876,2944541.0,910871.0,722359.0,360207.0,Approved
4385,0,Not Graduate,No,1508077.0,1420000.0,12,656,7837215.0,0.0,1728584.0,291585.0,Approved
4386,2,Graduate,No,657489.0,1690000.0,12,615,854264.0,0.0,333540.0,346664.0,Approved
4387,0,Not Graduate,No,751442.0,280000.0,18,663,2462894.0,0.0,61627.0,578681.0,Approved
4388,1,Not Graduate,Yes,1331425.0,1330000.0,60,466,1184156.0,4020470.0,1505359.0,776143.0,Approved
4389,1,Graduate,No,1301404.0,2410000.0,18,523,4802998.0,0.0,1137441.0,2461314.0,Rejected
4390,2,Graduate,No,1365396.0,1030000.0,18,479,9169809.0,0.0,2005560.0,1454558.0,Rejected
4391,0,Not Graduate,Yes,697220.0,730000.0,60,536,1780377.0,447254.0,914708.0,978419.0,Approved
4392,0,Graduate,Yes,781305.0,1010000.0,12,765,4936617.0,1832258.0,360372.0,250785.0,Approved
4393,1,Not Graduate,No,822622.0,1390000.0,48,703,430210.0,0.0,509083.0,89461.0,Approved
4394,1,Not Graduate,No,3199233.0,3410000.0,60,636,1718467.0,0.0,4677817.0,832284.0,Approved
4395,3,Graduate,No,1419731.0,2370000.0,36,839,3138475.0,0.0,1118435.0,2290159.0,Approved
4396,2,Graduate,No,1161464.0,3460000.0,18,734,9072252.0,0.0,1393911.0,1744443.0,Approved
4397,1,Not Graduate,Yes,729060.0,630000.0,36,673,2942101.0,1313339.0,301278.0,925353.0,Approved
4398,1,Graduate,Yes,560140.0,890000.0,24,708,3600541.0,99240.0,726165.0,704325.0,Approved
4399,4,Graduate,Yes,1268802.0,880000.0,24,709,2109461.0,844605.0,222884.0,1966597.0,Approved
4400,0,Graduate,No,2540365.0,6500000.0,18,794,4417677.0,0.0,3493246.0,1335760.0,Approved
4401,2,Graduate,No,1261605.0,2710000.0,12,578,10053855.0,0.0,1364666.0,1637702.0,Approved
4402,1,Graduate,No,1430603.0,3610000.0,24,585,741685.0,0.0,455684.0,1907713.0,Rejected
4403,0,Not Graduate,No,1426468.0,3130000.0,36,682,4105388.0,0.0,1317127.0,1653469.0,Approved
4404,0,Not Graduate,No,1927552.0,5060000.0,36,641,11742611.0,0.0,1587089.0,1570750.0,Approved
4405,1,Graduate,No,976874.0,1810000.0,24,659,3678461.0,0.0,578321.0,1097857.0,Approved
4406,1,Not Graduate,Yes,614482.0,220000.0,18,812,2019820.0,582184.0,321446.0,298793.0,Approved
4407,2,Not Graduate,No,1637092.0,1120000.0,24,549,1642306.0,0.0,253428.0,1898229.0,Approved
4408,0,Graduate,No,1685935.0,3720000.0,60,432,10345978.0,0.0,587607.0,758979.0,Rejected
4409,2,Graduate,Yes,503504.0,1250000.0,12,478,369343.0,1144226.0,65631.0,186292.0,Approved
4410,1,Graduate,No,769503.0,930000.0,60,571,2867365.0,0.0,842050.0,1277763.0,Approved
4411,2,Graduate,No,1834016.0,2740000.0,12,735,11337791.0,0.0,1303743.0,3561037.0,Approved
4412,2,Not Graduate,No,876198.0,2540000.0,36,491,1895593.0,0.0,996988.0,1459230.0,Rejected
4413,1,Not Graduate,Yes,883915.0,1740000.0,36,641,3998540.0,3387720.0,774392.0,453449.0,Approved
4414,2,Graduate,Yes,553918.0,1410000.0,48,728,4091445.0,688004.0,157598.0,93424.0,Approved
4415,0,Not Graduate,No,524095.0,1030000.0,18,539,839272.0,0.0,733387.0,546137.0,Rejected
4416,0,Graduate,Yes,1292979.0,3220000.0,18,794,850766.0,3670290.0,1261283.0,435173.0,Approved
4417,1,Graduate,No,605828.0,620000.0,24,545,1795557.0,0.0,224920.0,943348.0,Approved
4418,1,Graduate,No,1094576.0,1000000.0,48,555,1658062.0,0.0,1124119.0,1431680.0,Approved
4419,0,Not Graduate,No,1820423.0,1770000.0,24,693,12010747.0,0.0,1679569.0,2023719.0,Approved
4420,0,Graduate,Yes,1190156.0,620000.0,12,735,9511712.0,2383997.0,1304257.0,2114547.0,Approved
4421,3,Not Graduate,Yes,2045755.0,2330000.0,36,673,12805533.0,3200902.0,330392.0,3510663.0,Approved
4422,1,Graduate,No,1509497.0,1580000.0,6,477,-141967.0,0.0,1805367.0,2765337.0,Approved
4423,3,Graduate,No,3937138.0,9730000.0,18,695,27602398.0,0.0,3588791.0,2343755.0,Approved
4424,2,Not Graduate,No,852025.0,2410000.0,48,422,6130901.0,0.0,185399.0,1329592.0,Rejected
4425,1,Graduate,Yes,480000.0,450000.0,18,635,636537.0,52699.0,465352.0,333756.0,Approved
4426,2,Not Graduate,No,691616.0,880000.0,12,385,858093.0,0.0,272544.0,738212.0,Rejected
4427,0,Graduate,No,1660359.0,3030000.0,12,725,2050824.0,0.0,784015.0,3311042.0,Rejected
4428,3,Not Graduate,No,2743486.0,3960000.0,48,822,15861123.0,0.0,1182784.0,3441062.0,Approved
4429,2,Not Graduate,No,1544908.0,1890000.0,36,784,-114164.0,0.0,1945547.0,842569.0,Approved
4430,2,Not Graduate,No,1217462.0,1180000.0,18,501,9558348.0,0.0,1646054.0,1326253.0,Approved
4431,2,Not Graduate,No,986117.0,2400000.0,60,771,5978678.0,0.0,1471958.0,470067.0,Rejected
4432,0,Not Graduate,No,2282924.0,2720000.0,36,471,15375468.0,0.0,1361608.0,2963876.0,Approved
4433,4,Graduate,Yes,843044.0,1280000.0,36,691,3336196.0,1292188.0,295239.0,1471818.0,Approved
4434,3,Graduate,No,1263076.0,650000.0,36,637,6084802.0,0.0,1572318.0,1927083.0,Approved
4435,1,Graduate,No,1330417.0,2220000.0,18,835,6341841.0,0.0,1706647.0,601918.0,Approved
4436,1,Graduate,No,1585945.0,3860000.0,24,694,11459522.0,0.0,2262126.0,2777888.0,Approved
4437,3,Not Graduate,No,1214587.0,2080000.0,24,603,1190933.0,0.0,581433.0,1388269.0,Rejected
4438,0,Not Graduate,No,1634471.0,2680000.0,24,430,4251401.0,0.0,1593918.0,3153667.0,Rejected
4439,4,Graduate,No,978409.0,1400000.0,24,467,4886903.0,0.0,553847.0,314354.0,Rejected
4440,3,Graduate,No,743923.0,570000.0,48,684,3968228.0,0.0,323273.0,435036.0,Approved
4441,0,Graduate,Yes,1042077.0,1630000.0,12,626,5211076.0,3885968.0,1351861.0,726848.0,Approved
4442,1,Not Graduate,No,3822887.0,3830000.0,24,369,5080795.0,0.0,4842905.0,1152613.0,Rejected
4443,0,Not Graduate,No,1846670.0,4070000.0,18,612,7608271.0,0.0,2171935.0,397580.0,Rejected
4444,1,Not Graduate,No,1212365.0,3020000.0,18,761,9385143.0,0.0,1337403.0,1396078.0,Approved
4445,2,Graduate,Yes,1995092.0,4250000.0,36,633,9279672.0,4965536.0,2584568.0,3103352.0,Approved
4446,2,Graduate,No,1381770.0,2370000.0,48,771,-13819.0,0.0,628239.0,175958.0,Approved
4447,1,Graduate,No,642329.0,520000.0,36,569,1661073.0,0.0,238438.0,604723.0,Approved
4448,3,Graduate,No,1935312.0,2780000.0,36,711,9180652.0,0.0,2887153.0,1844676.0,Rejected
4449,3,Not Graduate,Yes,884599.0,1570000.0,12,455,4343332.0,3358523.0,356253.0,1712948.0,Rejected
4450,0,Graduate,Yes,539066.0,330000.0,12,588,1512083.0,740969.0,101967.0,280919.0,Approved
4451,1,Graduate,No,1642909.0,2180000.0,24,589,12008398.0,0.0,2215625.0,2816212.0,Approved
4452,1,Not Graduate,No,480000.0,940000.0,24,643,3784498.0,0.0,596525.0,593565.0,Rejected
4453,1,Not Graduate,Yes,777674.0,1500000.0,12,738,4389258.0,1058276.0,343067.0,1063430.0,Rejected
4454,3,Not Graduate,No,1087613.0,3140000.0,12,618,2803733.0,0.0,886364.0,1688196.0,Rejected
4455,1,Graduate,No,1213599.0,3030000.0,36,566,9150162.0,0.0,274163.0,1890485.0,Approved
4456,3,Graduate,No,1197644.0,590000.0,24,800,1207975.0,0.0,820492.0,1783006.0,Approved
4457,1,Graduate,No,644874.0,1930000.0,12,617,1897153.0,0.0,449456.0,205442.0,Approved
4458,3,Graduate,No,1213946.0,1200000.0,12,670,7861648.0,0.0,982141.0,2426794.0,Approved
4459,2,Not Graduate,No,2138543.0,4670000.0,48,498,16501147.0,0.0,1455144.0,2020371.0,Approved
4460,1,Graduate,No,1519740.0,1850000.0,24,666,10662226.0,0.0,1827163.0,1551395.0,Approved
4461,1,Not Graduate,Yes,480000.0,1160000.0,48,560,248310.0,1038715.0,488247.0,170932.0,Rejected
4462,0,Not Graduate,Yes,647279.0,1120000.0,18,833,4804700.0,272279.0,89161.0,1156042.0,Approved
4463,4,Not Graduate,Yes,1653659.0,720000.0,6,761,7908741.0,3213487.0,890659.0,718930.0,Approved
4464,3,Not Graduate,No,985994.0,1110000.0,36,485,2213513.0,0.0,266269.0,352080.0,Rejected
4465,1,Graduate,Yes,1252074.0,2910000.0,36,672,4732733.0,877138.0,1741315.0,2182988.0,Approved
4466,0,Not Graduate,Yes,1448304.0,2540000.0,36,847,2293269.0,2490263.0,1714098.0,1858449.0,Approved
4467,0,Graduate,No,2794138.0,920000.0,18,613,17375471.0,0.0,1106088.0,1527572.0,Approved
4468,2,Graduate,No,489224.0,850000.0,36,544,3313252.0,0.0,333294.0,466122.0,Approved
4469,0,Graduate,No,480000.0,280000.0,12,455,302413.0,0.0,393190.0,292025.0,Approved
4470,1,Not Graduate,Yes,1509836.0,2060000.0,48,711,6258031.0,5077171.0,214592.0,2113913.0,Approved
4471,1,Not Graduate,No,2007443.0,1700000.0,36,594,12884653.0,0.0,2153339.0,1676041.0,Rejected
4472,3,Not Graduate,Yes,2168636.0,4990000.0,12,649,2268936.0,2605089.0,3221188.0,1158484.0,Approved
4473,3,Not Graduate,No,494420.0,1040000.0,24,560,2191547.0,0.0,638619.0,163363.0,Approved
4474,3,Graduate,No,930995.0,2150000.0,6,863,1680575.0,0.0,1298680.0,666675.0,Approved
4475,2,Not Graduate,No,1127959.0,2350000.0,12,514,5048277.0,0.0,577417.0,1241865.0,Rejected
4476,3,Graduate,No,1887685.0,3090000.0,12,615,2928986.0,0.0,2237039.0,2483264.0,Approved
4477,0,Not Graduate,No,728231.0,390000.0,18,726,3641151.0,0.0,366985.0,756085.0,Approved
4478,2,Not Graduate,No,1013750.0,2100000.0,60,508,2291949.0,0.0,650715.0,282676.0,Approved
4479,2,Not Graduate,No,1027771.0,540000.0,48,741,4800439.0,0.0,1020165.0,1133218.0,Approved
4480,1,Graduate,Yes,618561.0,610000.0,18,524,4905439.0,466824.0,76392.0,875299.0,Approved
4481,1,Not Graduate,No,1066121.0,2460000.0,60,739,6127776.0,0.0,937562.0,1114838.0,Approved
4482,0,Graduate,No,480000.0,1110000.0,24,739,473919.0,0.0,359276.0,951354.0,Approved
4483,1,Graduate,No,784336.0,630000.0,12,623,651853.0,0.0,527807.0,1128182.0,Rejected
4484,0,Graduate,No,1395959.0,3090000.0,36,589,4158264.0,0.0,748905.0,1267909.0,Approved
4485,0,Graduate,No,899059.0,1980000.0,12,560,5945468.0,0.0,351089.0,1172866.0,Approved
4486,1,Not Graduate,No,830330.0,2090000.0,12,581,1825895.0,0.0,981503.0,1217858.0,Approved
4487,0,Graduate,No,545627.0,570000.0,48,746,3807245.0,0.0,467219.0,204520.0,Approved
4488,1,Not Graduate,No,803536.0,550000.0,12,680,5462704.0,0.0,639923.0,174116.0,Approved
4489,4,Not Graduate,Yes,1134705.0,1310000.0,24,841,2745038.0,2699651.0,395527.0,1825103.0,Approved
4490,1,Not Graduate,No,1137642.0,3040000.0,24,588,-101527.0,0.0,97842.0,1258127.0,Rejected
4491,4,Graduate,No,1513258.0,4050000.0,24,544,6003411.0,0.0,1937639.0,218548.0,Rejected
4492,0,Graduate,No,2355175.0,2070000.0,12,629,12810481.0,0.0,3278522.0,4168522.0,Approved
4493,0,Graduate,Yes,1106751.0,660000.0,48,627,5197836.0,1328244.0,1326777.0,1069001.0,Approved
4494,0,Graduate,No,1943031.0,5190000.0,36,663,10519390.0,0.0,569414.0,1094983.0,Approved
4495,1,Graduate,No,2173432.0,910000.0,36,769,15964816.0,0.0,3259748.0,2353759.0,Approved
4496,1,Not Graduate,Yes,940004.0,2020000.0,12,730,3752617.0,2179835.0,417370.0,790258.0,Approved
4497,1,Not Graduate,Yes,921886.0,1950000.0,12,687,1159054.0,2842663.0,299096.0,1777929.0,Approved
4498,1,Not Graduate,Yes,610360.0,480000.0,36,684,4465261.0,1508598.0,687736.0,593470.0,Rejected
4499,3,Graduate,No,1273884.0,1270000.0,60,447,3121160.0,0.0,1605834.0,319458.0,Rejected
4500,1,Not Graduate,Yes,480000.0,1050000.0,18,589,3610183.0,406399.0,451479.0,807467.0,Rejected
4501,1,Not Graduate,No,695839.0,780000.0,60,519,1285880.0,0.0,96394.0,558035.0,Rejected
4502,1,Graduate,No,896837.0,2150000.0,12,642,5674498.0,0.0,921855.0,1433876.0,Approved
4503,3,Not Graduate,Yes,1166499.0,960000.0,12,548,3257793.0,1562510.0,563672.0,904082.0,Approved
4504,1,Graduate,No,1550743.0,2510000.0,12,329,2998982.0,0.0,309439.0,2776091.0,Rejected
4505,0,Not Graduate,No,1472519.0,3270000.0,48,713,1283659.0,0.0,1550100.0,1787900.0,Approved
4506,1,Graduate,No,781834.0,850000.0,24,535,3871717.0,0.0,451415.0,824658.0,Approved
4507,0,Not Graduate,No,755114.0,1990000.0,12,627,445878.0,0.0,647602.0,733248.0,Rejected
4508,2,Not Graduate,No,705347.0,1110000.0,12,597,497584.0,0.0,612469.0,1139382.0,Approved
4509,1,Not Graduate,No,679682.0,830000.0,18,733,4646433.0,0.0,473083.0,1151599.0,Rejected
4510,1,Not Graduate,Yes,1196536.0,2890000.0,18,591,8124076.0,4073021.0,184450.0,1934239.0,Rejected
4511,2,Not Graduate,No,1591463.0,1160000.0,36,596,1271112.0,0.0,1379024.0,1262942.0,Approved
4512,0,Graduate,Yes,1920982.0,4770000.0,48,529,2546278.0,2162598.0,202404.0,2961496.0,Rejected
4513,0,Not Graduate,No,1655726.0,2120000.0,12,626,10576147.0,0.0,1770446.0,2919705.0,Approved
4514,2,Not Graduate,No,1325444.0,3040000.0,60,550,10104860.0,0.0,422722.0,222317.0,Approved
4515,1,Graduate,No,1045787.0,1150000.0,18,651,3857752.0,0.0,107188.0,1353508.0,Approved
4516,2,Not Graduate,No,480000.0,420000.0,6,565,2497918.0,0.0,668617.0,945172.0,Approved
4517,1,Graduate,Yes,1955950.0,4690000.0,18,722,13312150.0,4055919.0,1113473.0,2010769.0,Approved
4518,2,Not Graduate,No,912077.0,2670000.0,12,575,2797781.0,0.0,895660.0,220824.0,Approved
4519,2,Graduate,No,785168.0,1700000.0,24,714,5140679.0,0.0,751269.0,537842.0,Approved
4520,4,Not Graduate,No,668893.0,1680000.0,48,534,1021528.0,0.0,790599.0,984771.0,Approved
4521,2,Graduate,No,1887029.0,3390000.0,12,735,10775508.0,0.0,1278517.0,582959.0,Approved
4522,3,Graduate,No,884702.0,2170000.0,24,483,2402144.0,0.0,917354.0,825445.0,Rejected
4523,1,Not Graduate,No,849466.0,400000.0,18,541,3207947.0,0.0,1012083.0,218569.0,Approved
4524,3,Graduate,No,917817.0,1440000.0,12,769,1267827.0,0.0,650783.0,256147.0,Approved
4525,3,Graduate,No,2035920.0,890000.0,36,753,9111742.0,0.0,1668175.0,2058227.0,Approved
4526,0,Graduate,No,480000.0,330000.0,12,793,2355448.0,0.0,121078.0,374067.0,Approved
4527,2,Not Graduate,Yes,1636141.0,2080000.0,60,577,6381243.0,634777.0,184264.0,2421605.0,Approved
4528,0,Not Graduate,No,725209.0,1240000.0,6,614,2791538.0,0.0,103905.0,801577.0,Rejected
4529,3,Graduate,No,504405.0,580000.0,12,424,2013486.0,0.0,140810.0,939442.0,Rejected
4530,1,Not Graduate,No,1356929.0,880000.0,18,561,10763879.0,0.0,1666489.0,1689881.0,Rejected
4531,0,Not Graduate,No,1136955.0,1710000.0,24,624,839184.0,0.0,306401.0,628168.0,Rejected
4532,3,Graduate,No,1431356.0,530000.0,24,812,6308496.0,0.0,1672680.0,1943682.0,Approved
4533,2,Graduate,No,575905.0,910000.0,18,451,3777707.0,0.0,301548.0,817169.0,Approved
4534,3,Graduate,No,1016030.0,990000.0,18,652,2374069.0,0.0,1309082.0,1767497.0,Approved
4535,1,Graduate,No,1505064.0,2390000.0,12,510,2534282.0,0.0,1916855.0,162426.0,Rejected
4536,0,Not Graduate,Yes,1940230.0,2410000.0,36,543,8729331.0,1668160.0,1077374.0,2821528.0,Rejected
4537,2,Graduate,No,480000.0,750000.0,18,571,3578159.0,0.0,533072.0,192628.0,Approved
4538,4,Not Graduate,Yes,972137.0,1750000.0,18,544,2345336.0,943734.0,353456.0,1326115.0,Rejected
4539,1,Not Graduate,No,480000.0,920000.0,12,822,939353.0,0.0,325977.0,895066.0,Approved
4540,0,Graduate,No,480000.0,890000.0,36,618,1693657.0,0.0,439300.0,102287.0,Approved
4541,1,Graduate,No,991003.0,770000.0,12,658,5262553.0,0.0,176368.0,302538.0,Rejected
4542,3,Graduate,No,719546.0,1460000.0,48,761,1849002.0,0.0,213069.0,922317.0,Approved
4543,1,Graduate,No,3594313.0,3960000.0,12,558,26475188.0,0.0,2390644.0,2763144.0,Rejected
4544,2,Graduate,No,1540368.0,2790000.0,18,524,3398067.0,0.0,1196368.0,3045658.0,Approved
4545,0,Not Graduate,No,2336312.0,1860000.0,12,619,8279706.0,0.0,1001484.0,1277502.0,Approved
4546,3,Not Graduate,Yes,517160.0,510000.0,36,771,-25271.0,1845413.0,473286.0,832771.0,Approved
4547,0,Graduate,No,1834882.0,4560000.0,24,622,6162373.0,0.0,2164752.0,3342407.0,Approved
4548,0,Not Graduate,Yes,1693293.0,760000.0,60,709,1796297.0,3140122.0,167552.0,1013827.0,Approved
4549,2,Not Graduate,Yes,764920.0,1000000.0,48,533,3219903.0,349714.0,901191.0,1320391.0,Rejected
4550,0,Not Graduate,No,480000.0,440000.0,36,546,433337.0,0.0,103783.0,284016.0,Rejected
4551,2,Graduate,Yes,935156.0,1350000.0,24,558,4833555.0,2501179.0,874518.0,127210.0,Approved
4552,1,Graduate,Yes,1002898.0,2690000.0,12,663,2871605.0,763881.0,940655.0,1435738.0,Approved
4553,1,Not Graduate,No,1367830.0,600000.0,36,447,3357959.0,0.0,298324.0,2722391.0,Rejected
4554,0,Graduate,No,863904.0,1130000.0,24,679,6047101.0,0.0,1225409.0,1257374.0,Approved
4555,3,Graduate,Yes,892228.0,2330000.0,12,653,3469297.0,1940517.0,981131.0,1722187.0,Approved
4556,0,Graduate,No,850816.0,1170000.0,12,630,4647582.0,0.0,827297.0,1435202.0,Approved
4557,2,Not Graduate,No,1273240.0,1700000.0,12,542,8184617.0,0.0,1491406.0,570135.0,Approved
4558,0,Not Graduate,Yes,550017.0,320000.0,24,598,2852576.0,1714264.0,631051.0,505044.0,Approved
4559,4,Graduate,Yes,1896504.0,4560000.0,24,636,15128458.0,1137793.0,1902823.0,732812.0,Rejected
4560,3,Graduate,Yes,870697.0,280000.0,60,639,6456276.0,107432.0,301491.0,601239.0,Approved
4561,2,Not Graduate,No,513635.0,1090000.0,24,564,3228864.0,0.0,752823.0,805082.0,Rejected
4562,1,Graduate,No,2729717.0,3740000.0,18,720,13118102.0,0.0,3959071.0,4684684.0,Approved
4563,2,Not Graduate,Yes,854575.0,860000.0,48,609,5505383.0,3039669.0,667663.0,1461974.0,Approved
4564,2,Not Graduate,No,1696957.0,1550000.0,36,689,4297217.0,0.0,665521.0,3048501.0,Approved
4565,0,Not Graduate,No,1807518.0,4880000.0,18,646,6938451.0,0.0,1057564.0,2098298.0,Approved
4566,1,Graduate,No,2134183.0,5390000.0,12,747,5418163.0,0.0,399891.0,1855302.0,Approved
4567,2,Graduate,No,480000.0,760000.0,24,769,1618938.0,0.0,171351.0,953653.0,Approved
4568,1,Graduate,No,534582.0,190000.0,6,747,1193253.0,0.0,371025.0,779116.0,Approved
4569,1,Not Graduate,Yes,1088847.0,2570000.0,24,716,7396675.0,153058.0,779419.0,614314.0,Approved
4570,0,Not Graduate,No,2502980.0,7900000.0,36,694,5938945.0,0.0,1972843.0,4901506.0,Rejected
4571,3,Not Graduate,No,500541.0,400000.0,24,606,368282.0,0.0,116278.0,669911.0,Approved
4572,0,Not Graduate,Yes,1122418.0,2010000.0,18,685,957952.0,1083694.0,210632.0,1516726.0,Approved
4573,1,Not Graduate,No,1760468.0,1680000.0,36,535,3163015.0,0.0,277430.0,1985097.0,Approved
4574,1,Graduate,No,480000.0,1020000.0,36,834,576413.0,0.0,499132.0,523993.0,Approved
4575,1,Graduate,Yes,2278658.0,3710000.0,18,871,11100052.0,8394147.0,1263253.0,3042374.0,Approved
4576,2,Graduate,No,884275.0,650000.0,36,676,2586666.0,0.0,389456.0,1573374.0,Approved
4577,2,Not Graduate,Yes,570626.0,670000.0,24,670,814623.0,583086.0,102181.0,783302.0,Approved
4578,3,Graduate,No,3701951.0,5490000.0,60,600,15433305.0,0.0,2223041.0,1353550.0,Rejected
4579,0,Graduate,No,1191268.0,1690000.0,12,672,7619721.0,0.0,418352.0,2271012.0,Approved
4580,3,Graduate,No,1344596.0,1900000.0,36,630,8311440.0,0.0,1992428.0,2417309.0,Approved
4581,1,Graduate,No,978130.0,1090000.0,18,522,6820752.0,0.0,1176816.0,690813.0,Approved
4582,1,Not Graduate,Yes,971511.0,1150000.0,24,554,1105371.0,3619401.0,1152765.0,1207103.0,Rejected
4583,0,Not Graduate,Yes,960389.0,1080000.0,12,685,6734238.0,2014110.0,955675.0,350504.0,Rejected
4584,0,Graduate,No,853707.0,1220000.0,36,528,2898780.0,0.0,817878.0,381278.0,Approved
4585,0,Not Graduate,No,1330509.0,2070000.0,48,576,4162951.0,0.0,115289.0,2420722.0,Approved
4586,3,Graduate,No,1781205.0,1700000.0,6,495,9470787.0,0.0,2109028.0,1404237.0,Approved
4587,0,Not Graduate,No,739079.0,760000.0,12,515,5702089.0,0.0,705192.0,478387.0,Approved
4588,4,Not Graduate,No,480000.0,1330000.0,18,745,1712364.0,0.0,212549.0,319117.0,Approved
4589,3,Not Graduate,No,518995.0,260000.0,24,661,2805769.0,0.0,50000.0,573613.0,Approved
4590,4,Not Graduate,Yes,2268294.0,4500000.0,6,754,10495934.0,5688275.0,1934142.0,381181.0,Approved
4591,4,Graduate,No,1131038.0,1960000.0,36,637,3666198.0,0.0,663470.0,2082240.0,Approved
4592,2,Not Graduate,No,1193059.0,1180000.0,24,631,3316740.0,0.0,758649.0,633246.0,Rejected
4593,2,Not Graduate,No,1362949.0,3050000.0,18,516,1584807.0,0.0,584058.0,1130826.0,Rejected
4594,1,Graduate,Yes,647269.0,770000.0,24,624,4399852.0,1739502.0,665578.0,134307.0,Approved
4595,0,Not Graduate,No,1107665.0,2160000.0,24,621,4568087.0,0.0,1340184.0,598497.0,Rejected
4596,2,Graduate,Yes,789273.0,1650000.0,36,744,2293691.0,1141529.0,730501.0,1274870.0,Approved
4597,2,Graduate,Yes,1330175.0,1350000.0,48,468,1905704.0,86193.0,743396.0,1198331.0,Rejected
4598,3,Graduate,No,491372.0,730000.0,12,638,3681914.0,0.0,540550.0,111529.0,Approved
4599,1,Graduate,No,2172370.0,3850000.0,36,674,1422180.0,0.0,1759621.0,2944413.0,Approved
4600,2,Not Graduate,No,2562381.0,7570000.0,24,662,6016147.0,0.0,2166634.0,3054074.0,Rejected
4601,1,Graduate,Yes,2568798.0,5180000.0,18,566,16024953.0,5885090.0,2389895.0,5077964.0,Rejected
4602,2,Graduate,Yes,975769.0,680000.0,12,517,2531426.0,3310580.0,1054505.0,1434970.0,Approved
4603,1,Graduate,No,931779.0,2340000.0,24,880,6786848.0,0.0,537669.0,123804.0,Approved
4604,0,Not Graduate,No,855644.0,630000.0,36,461,6418953.0,0.0,813799.0,256429.0,Rejected
4605,1,Not Graduate,No,915195.0,1640000.0,36,719,4223310.0,0.0,570514.0,1781370.0,Approved
4606,0,Not Graduate,No,1416469.0,790000.0,48,585,9755695.0,0.0,1178333.0,1893078.0,Approved
4607,3,Graduate,Yes,1437228.0,1650000.0,24,463,11334162.0,1239245.0,1745382.0,1026362.0,Rejected
4608,1,Not Graduate,No,760443.0,1350000.0,12,678,2616650.0,0.0,946879.0,890210.0,Approved
4609,1,Graduate,No,556919.0,610000.0,24,701,4431996.0,0.0,268976.0,1107304.0,Approved
4610,4,Not Graduate,Yes,1357630.0,3470000.0,24,847,3515382.0,419818.0,1302557.0,2088404.0,Approved
4611,2,Not Graduate,No,480000.0,860000.0,24,750,3398816.0,0.0,323972.0,76927.0,Approved
4612,0,Graduate,No,1381575.0,4080000.0,24,554,4744358.0,0.0,930800.0,741849.0,Rejected
4613,1,Not Graduate,No,885127.0,1580000.0,18,727,6103188.0,0.0,767301.0,513830.0,Approved
4614,2,Graduate,No,2340475.0,1450000.0,18,613,14996720.0,0.0,3251972.0,2993225.0,Approved
4615,2,Not Graduate,Yes,937320.0,2510000.0,24,708,7174379.0,843226.0,1229912.0,1474272.0,Rejected
4616,1,Graduate,No,623942.0,440000.0,18,733,3163303.0,0.0,265770.0,1156776.0,Approved
4617,2,Not Graduate,No,1032042.0,1310000.0,18,471,1384826.0,0.0,1421713.0,116240.0,Rejected
4618,2,Not Graduate,No,702028.0,880000.0,36,582,4913347.0,0.0,418987.0,1023721.0,Approved
4619,2,Graduate,No,1824544.0,5030000.0,48,693,14067361.0,0.0,472584.0,3118153.0,Approved
4620,1,Graduate,No,585770.0,800000.0,12,528,1602394.0,0.0,682541.0,1037245.0,Rejected
4621,0,Not Graduate,Yes,549469.0,1510000.0,12,690,3948110.0,2033852.0,298745.0,694994.0,Approved
4622,2,Not Graduate,Yes,908880.0,400000.0,18,624,3401981.0,1597775.0,90814.0,1752790.0,Approved
4623,1,Graduate,No,577057.0,470000.0,36,542,674990.0,0.0,462126.0,475050.0,Approved
4624,0,Not Graduate,Yes,1762417.0,2670000.0,6,522,5993580.0,1799352.0,1472011.0,1493855.0,Approved
4625,0,Graduate,No,1435201.0,4120000.0,24,577,2664273.0,0.0,1852608.0,2137886.0,Rejected
4626,2,Graduate,No,480000.0,690000.0,18,680,1301556.0,0.0,135455.0,123742.0,Approved
4627,0,Graduate,Yes,480000.0,530000.0,12,673,1295637.0,498659.0,465063.0,666825.0,Approved
4628,3,Graduate,No,620904.0,950000.0,48,555,3560098.0,0.0,119152.0,155518.0,Rejected
4629,1,Graduate,No,1310421.0,420000.0,6,423,3972531.0,0.0,443426.0,2360615.0,Approved
4630,1,Not Graduate,Yes,1473812.0,1210000.0,12,886,4305700.0,915580.0,1930113.0,783700.0,Approved
4631,2,Graduate,Yes,1024470.0,1870000.0,24,773,5306967.0,3586911.0,847977.0,120630.0,Approved
4632,1,Not Graduate,Yes,480000.0,1250000.0,24,555,2602852.0,1766096.0,445189.0,287723.0,Rejected
4633,3,Not Graduate,Yes,638469.0,1520000.0,18,645,4063171.0,2422803.0,838182.0,1089587.0,Approved
4634,1,Not Graduate,No,588540.0,200000.0,24,776,3503768.0,0.0,620799.0,748652.0,Approved
4635,1,Not Graduate,Yes,878284.0,1360000.0,24,529,6016224.0,1421005.0,137716.0,1108789.0,Approved
4636,2,Not Graduate,No,1819058.0,1660000.0,18,584,5953995.0,0.0,1889956.0,1562314.0,Approved
4637,2,Not Graduate,No,1306570.0,2040000.0,48,534,4347875.0,0.0,504096.0,653889.0,Approved
4638,1,Not Graduate,No,1677446.0,3360000.0,24,674,4402752.0,0.0,1964996.0,2870125.0,Rejected
4639,0,Not Graduate,No,480000.0,720000.0,24,276,3428213.0,0.0,629702.0,242835.0,Approved
4640,0,Not Graduate,Yes,480000.0,330000.0,6,726,848696.0,856924.0,374732.0,216007.0,Approved
4641,1,Graduate,No,3110481.0,6370000.0,6,658,24846118.0,0.0,1681371.0,4778627.0,Approved
4642,1,Graduate,No,1871456.0,2080000.0,36,564,1033775.0,0.0,2242065.0,3117765.0,Rejected
4643,1,Not Graduate,No,480000.0,1290000.0,18,734,623939.0,0.0,63615.0,824180.0,Approved
4644,0,Graduate,Yes,541733.0,360000.0,6,452,3015248.0,168359.0,624701.0,465901.0,Approved
4645,4,Not Graduate,Yes,1241218.0,780000.0,48,734,1838069.0,1935725.0,547819.0,1731793.0,Approved
4646,2,Not Graduate,No,1133048.0,1790000.0,18,657,4833855.0,0.0,1154934.0,1328672.0,Approved
4647,2,Not Graduate,No,480000.0,410000.0,36,692,824844.0,0.0,538335.0,542966.0,Approved
4648,0,Not Graduate,No,1292199.0,1610000.0,12,521,6227722.0,0.0,1454401.0,130770.0,Approved
4649,0,Graduate,No,1153507.0,730000.0,24,585,8646867.0,0.0,126061.0,978301.0,Approved
4650,0,Graduate,No,510071.0,510000.0,18,709,886578.0,0.0,132977.0,314648.0,Approved
4651,0,Graduate,Yes,1245984.0,1640000.0,6,536,9910478.0,1090907.0,596989.0,136835.0,Rejected
4652,1,Not Graduate,No,636878.0,1820000.0,24,564,3569592.0,0.0,54716.0,169311.0,Rejected
4653,0,Graduate,Yes,1324341.0,3490000.0,48,715,2917380.0,887351.0,592751.0,646325.0,Approved
4654,3,Not Graduate,No,665367.0,1200000.0,18,561,1622813.0,0.0,501898.0,811066.0,Rejected
4655,0,Not Graduate,No,1446753.0,3690000.0,12,635,1258776.0,0.0,827113.0,1349359.0,Rejected
4656,3,Not Graduate,No,480000.0,850000.0,12,640,2108023.0,0.0,409163.0,133341.0,Approved
4657,2,Not Graduate,Yes,938315.0,2010000.0,48,501,5354676.0,105033.0,1395146.0,1744519.0,Rejected
4658,3,Graduate,Yes,2353253.0,4220000.0,18,652,13900717.0,7258302.0,173997.0,568012.0,Approved
4659,0,Graduate,Yes,879932.0,1070000.0,24,438,3089130.0,635392.0,1033357.0,518167.0,Approved
4660,0,Not Graduate,No,888377.0,2060000.0,24,664,3803207.0,0.0,981633.0,1535022.0,Approved
4661,1,Not Graduate,No,1287264.0,2020000.0,36,691,6154053.0,0.0,125984.0,699216.0,Approved
4662,2,Graduate,No,1519661.0,2820000.0,18,707,6077760.0,0.0,753764.0,1860005.0,Approved
4663,1,Not Graduate,No,1028174.0,1340000.0,12,535,3477637.0,0.0,219465.0,1117126.0,Approved
4664,1,Graduate,No,1868662.0,910000.0,12,738,10760022.0,0.0,955232.0,3353458.0,Approved
4665,0,Graduate,No,2393805.0,5140000.0,12,388,17691594.0,0.0,3481624.0,3953514.0,Rejected
4666,1,Not Graduate,Yes,1223552.0,940000.0,6,727,2973156.0,4549161.0,1501980.0,2114921.0,Approved
4667,4,Graduate,Yes,544244.0,720000.0,24,650,2387936.0,1754749.0,508146.0,362317.0,Approved
4668,0,Not Graduate,No,480000.0,730000.0,24,765,1551996.0,0.0,188371.0,872912.0,Approved
4669,1,Not Graduate,No,721794.0,1800000.0,24,410,5406055.0,0.0,106400.0,792865.0,Rejected
4670,3,Not Graduate,Yes,569606.0,740000.0,36,623,330146.0,2107169.0,116462.0,1023858.0,Approved
4671,3,Not Graduate,No,1011222.0,1610000.0,12,666,4242668.0,0.0,336537.0,1108004.0,Rejected
4672,2,Graduate,No,1014439.0,1490000.0,12,623,3231842.0,0.0,1102445.0,1324618.0,Approved
4673,1,Graduate,No,2736510.0,8280000.0,48,739,3963699.0,0.0,1588730.0,2393435.0,Approved
4674,1,Not Graduate,No,1292194.0,2130000.0,24,505,8256645.0,0.0,1580022.0,1655531.0,Rejected
4675,1,Graduate,No,1117175.0,2680000.0,24,545,1791623.0,0.0,1491532.0,1757851.0,Approved
4676,3,Graduate,No,480000.0,740000.0,24,740,3383039.0,0.0,665872.0,332406.0,Rejected
4677,4,Graduate,No,1122472.0,2600000.0,36,769,4003110.0,0.0,446101.0,1028892.0,Approved
4678,0,Graduate,No,764456.0,1890000.0,36,518,-46300.0,0.0,1034591.0,924000.0,Rejected
4679,0,Not Graduate,No,2626332.0,4460000.0,24,525,12904929.0,0.0,986163.0,664715.0,Approved
4680,1,Graduate,No,480000.0,560000.0,12,788,2730011.0,0.0,326043.0,524824.0,Approved
4681,1,Graduate,No,1042592.0,880000.0,24,620,7751059.0,0.0,896971.0,216462.0,Approved
4682,2,Graduate,No,1559256.0,2500000.0,36,642,3065628.0,0.0,2236818.0,2079775.0,Approved
4683,1,Not Graduate,No,1113120.0,1970000.0,60,544,1688365.0,0.0,1443491.0,668478.0,Rejected
4684,1,Graduate,No,1227140.0,1460000.0,60,722,791492.0,0.0,598556.0,1605801.0,Approved
4685,1,Graduate,No,579029.0,570000.0,36,567,4086193.0,0.0,294405.0,985618.0,Approved
4686,1,Graduate,No,2337403.0,5640000.0,36,466,13594981.0,0.0,2765821.0,768367.0,Approved
4687,0,Graduate,No,1744283.0,1130000.0,6,404,13286367.0,0.0,2151666.0,1260193.0,Rejected
4688,0,Not Graduate,No,1147534.0,1030000.0,24,519,8054743.0,0.0,378559.0,1911648.0,Approved
4689,0,Graduate,Yes,1323674.0,580000.0,18,445,9234204.0,4749149.0,1426459.0,2387220.0,Approved
4690,0,Not Graduate,No,2000078.0,2360000.0,12,750,10492744.0,0.0,2197325.0,2297985.0,Approved
4691,2,Graduate,No,1227015.0,2940000.0,6,314,9453737.0,0.0,1051422.0,727255.0,Approved
4692,2,Not Graduate,No,1642536.0,3210000.0,36,492,11913175.0,0.0,130196.0,1003208.0,Rejected
4693,0,Graduate,No,713918.0,1040000.0,24,674,2736501.0,0.0,976571.0,332857.0,Approved
4694,1,Not Graduate,Yes,569592.0,1640000.0,24,619,2774964.0,925886.0,249970.0,1106163.0,Rejected
4695,2,Not Graduate,No,659560.0,330000.0,6,689,1944993.0,0.0,470291.0,310559.0,Approved
4696,0,Not Graduate,No,1154882.0,640000.0,12,556,4611744.0,0.0,1250417.0,1020215.0,Rejected
4697,3,Graduate,No,1284702.0,2320000.0,48,477,7599481.0,0.0,240038.0,744534.0,Rejected
4698,4,Not Graduate,No,1082230.0,1100000.0,24,635,6351441.0,0.0,1578011.0,1693444.0,Rejected
4699,4,Graduate,No,1412091.0,2670000.0,18,788,10447224.0,0.0,1274107.0,1182053.0,Approved
4700,1,Graduate,No,480000.0,680000.0,18,736,3531998.0,0.0,168804.0,207491.0,Approved
4701,2,Not Graduate,No,480000.0,890000.0,12,605,685327.0,0.0,311808.0,421112.0,Approved
4702,1,Not Graduate,Yes,1220722.0,610000.0,12,590,1307550.0,1510317.0,237029.0,2235698.0,Approved
4703,3,Not Graduate,No,784359.0,980000.0,24,732,4310155.0,0.0,867934.0,680327.0,Approved
4704,0,Graduate,No,791622.0,780000.0,12,590,1435771.0,0.0,477089.0,979136.0,Approved
4705,2,Graduate,Yes,2943938.0,1240000.0,36,639,17795284.0,5585130.0,4150251.0,1021868.0,Approved
4706,1,Not Graduate,No,1800104.0,3150000.0,12,615,4519500.0,0.0,1173390.0,1186042.0,Rejected
4707,1,Not Graduate,No,1680385.0,4640000.0,18,499,888106.0,0.0,944265.0,1304742.0,Approved
4708,0,Graduate,No,699188.0,340000.0,18,459,2938425.0,0.0,252183.0,528711.0,Approved
4709,1,Graduate,No,480000.0,980000.0,12,578,1665009.0,0.0,201810.0,254623.0,Approved
4710,1,Graduate,Yes,1237569.0,2430000.0,48,560,7520168.0,1344732.0,569686.0,283299.0,Approved
4711,0,Graduate,Yes,2314606.0,5440000.0,24,566,6163426.0,7476810.0,3183278.0,2872444.0,Approved
4712,1,Graduate,No,515484.0,950000.0,24,631,2317582.0,0.0,341047.0,259862.0,Approved
4713,2,Not Graduate,No,509022.0,980000.0,48,714,2573276.0,0.0,188006.0,266821.0,Approved
4714,1,Graduate,No,1313024.0,1420000.0,36,562,3058713.0,0.0,1098192.0,2576341.0,Approved
4715,2,Not Graduate,No,775302.0,780000.0,48,536,5885407.0,0.0,60531.0,766439.0,Approved
4716,1,Not Graduate,No,902388.0,2450000.0,18,676,1263196.0,0.0,427072.0,1772955.0,Approved
4717,2,Not Graduate,No,1573287.0,3010000.0,48,635,3787648.0,0.0,1480170.0,563509.0,Rejected
4718,2,Not Graduate,Yes,1484079.0,1960000.0,48,550,7155690.0,4168711.0,1373057.0,2201811.0,Approved
4719,4,Graduate,No,480000.0,200000.0,6,670,3338140.0,0.0,392819.0,693166.0,Approved
4720,0,Graduate,No,990907.0,840000.0,12,760,5786341.0,0.0,94790.0,756304.0,Approved
4721,3,Graduate,No,1693231.0,2670000.0,18,664,6898997.0,0.0,1204804.0,869428.0,Approved
4722,3,Not Graduate,Yes,667770.0,1830000.0,36,686,5105026.0,884333.0,107871.0,298692.0,Approved
4723,4,Not Graduate,No,1145212.0,470000.0,24,540,3446294.0,0.0,469151.0,1847967.0,Rejected
4724,3,Not Graduate,Yes,1230183.0,2470000.0,12,722,6507317.0,1313274.0,1112440.0,2451101.0,Approved
4725,1,Graduate,No,916487.0,1290000.0,36,645,893049.0,0.0,108408.0,599344.0,Approved
4726,1,Not Graduate,No,836718.0,1570000.0,36,589,1860129.0,0.0,221478.0,1448791.0,Approved
4727,1,Not Graduate,No,1065004.0,2560000.0,24,575,7018838.0,0.0,1511668.0,876064.0,Approved
4728,0,Not Graduate,No,1505460.0,1300000.0,48,620,7123585.0,0.0,1321519.0,846345.0,Approved
4729,4,Not Graduate,No,487283.0,770000.0,48,676,3009860.0,0.0,295260.0,548241.0,Approved
4730,2,Not Graduate,Yes,2446405.0,2320000.0,36,617,9518528.0,3550852.0,390422.0,1253822.0,Approved
4731,2,Graduate,No,1249607.0,880000.0,18,682,5923949.0,0.0,845423.0,1241781.0,Approved
4732,2,Not Graduate,Yes,1532161.0,660000.0,18,593,4970038.0,1419222.0,255041.0,1100164.0,Approved
4733,1,Not Graduate,No,1256861.0,2620000.0,36,593,1446791.0,0.0,1233211.0,323587.0,Rejected
4734,1,Not Graduate,No,2065712.0,2430000.0,24,633,10928727.0,0.0,740353.0,2065029.0,Approved
4735,0,Not Graduate,No,539918.0,1090000.0,36,464,3785268.0,0.0,348336.0,136715.0,Rejected
4736,3,Graduate,No,1071953.0,400000.0,24,559,6744210.0,0.0,1081095.0,990808.0,Approved
4737,1,Graduate,No,489351.0,720000.0,12,577,2114191.0,0.0,120108.0,207380.0,Approved
4738,4,Not Graduate,No,806099.0,620000.0,36,531,3949405.0,0.0,442203.0,788718.0,Rejected
4739,3,Graduate,No,819609.0,510000.0,36,625,1036399.0,0.0,671919.0,887033.0,Approved
4740,2,Graduate,No,1241402.0,2560000.0,18,532,3176782.0,0.0,616004.0,1934590.0,Approved
4741,0,Not Graduate,No,1495963.0,1140000.0,48,633,7665046.0,0.0,1579606.0,2346178.0,Rejected
4742,0,Not Graduate,No,4355026.0,2670000.0,24,631,31148129.0,0.0,2982967.0,3992116.0,Approved
4743,2,Not Graduate,Yes,1005167.0,590000.0,18,694,6086197.0,2773258.0,1182884.0,387481.0,Approved
4744,1,Not Graduate,No,1065391.0,650000.0,48,684,5125185.0,0.0,1464755.0,383314.0,Approved
4745,1,Not Graduate,No,2058583.0,3390000.0,12,542,5896690.0,0.0,2840940.0,1961496.0,Rejected
4746,2,Graduate,No,1171394.0,2010000.0,36,712,6179873.0,0.0,1332110.0,814682.0,Approved
4747,1,Not Graduate,No,1161641.0,2320000.0,18,638,6930289.0,0.0,1595514.0,744189.0,Approved
4748,3,Not Graduate,No,1626094.0,1690000.0,12,639,1976053.0,0.0,1711424.0,2281206.0,Rejected
4749,2,Graduate,No,688360.0,400000.0,12,639,2425931.0,0.0,898328.0,1014107.0,Approved
4750,1,Not Graduate,No,1102764.0,1550000.0,24,560,1901084.0,0.0,1138389.0,1065058.0,Approved
4751,3,Graduate,Yes,1563019.0,3930000.0,12,442,7196172.0,5143616.0,2204957.0,1754075.0,Rejected
4752,1,Not Graduate,No,1384576.0,1840000.0,18,496,1840017.0,0.0,1717193.0,2352461.0,Approved
4753,1,Not Graduate,Yes,1824264.0,930000.0,24,490,8556237.0,2411006.0,1328853.0,706460.0,Approved
4754,0,Graduate,No,1421881.0,2910000.0,18,738,8862822.0,0.0,255678.0,845383.0,Approved
4755,0,Graduate,Yes,1254616.0,2490000.0,36,508,9772903.0,1364684.0,697998.0,1894588.0,Rejected
4756,1,Graduate,Yes,2870026.0,1210000.0,18,657,2803783.0,61946.0,2383611.0,1073877.0,Approved
4757,2,Graduate,No,2370279.0,2570000.0,60,745,12634714.0,0.0,2696314.0,807432.0,Approved
4758,2,Not Graduate,No,554082.0,1250000.0,24,695,2293511.0,0.0,732493.0,378652.0,Approved
4759,0,Not Graduate,Yes,480000.0,610000.0,18,623,1832205.0,595311.0,122146.0,480257.0,Rejected
4760,0,Not Graduate,No,838482.0,700000.0,12,567,1242766.0,0.0,931440.0,378879.0,Approved
4761,3,Graduate,Yes,1813584.0,3040000.0,24,618,2192443.0,3803030.0,1844112.0,3153924.0,Rejected
4762,3,Not Graduate,Yes,585515.0,320000.0,18,900,1509874.0,840092.0,669633.0,1101116.0,Approved
4763,0,Graduate,No,1427675.0,3200000.0,24,571,1822155.0,0.0,530923.0,2364975.0,Rejected
4764,1,Not Graduate,No,744358.0,2210000.0,36,541,3367831.0,0.0,858272.0,517365.0,Rejected
4765,1,Not Graduate,No,1586585.0,2900000.0,18,499,9426842.0,0.0,1241065.0,1068539.0,Rejected
4766,3,Graduate,No,600963.0,1150000.0,12,492,2091537.0,0.0,590057.0,334761.0,Approved
4767,1,Graduate,Yes,1386994.0,1860000.0,12,748,9195009.0,1531477.0,1481541.0,1497633.0,Approved
4768,2,Graduate,No,2166538.0,720000.0,12,501,8585625.0,0.0,1933032.0,878727.0,Rejected
4769,2,Not Graduate,Yes,1211945.0,420000.0,24,552,4283156.0,925043.0,869291.0,633996.0,Approved
4770,2,Graduate,No,1046815.0,2090000.0,12,609,3628648.0,0.0,853136.0,451053.0,Approved
4771,3,Not Graduate,Yes,669352.0,1520000.0,12,452,1272094.0,1373128.0,434663.0,1206448.0,Rejected
4772,0,Not Graduate,No,605682.0,550000.0,12,737,3911184.0,0.0,185425.0,486528.0,Approved
4773,1,Graduate,No,1556368.0,4480000.0,60,549,12330391.0,0.0,2322611.0,2805030.0,Rejected
4774,0,Not Graduate,No,612324.0,600000.0,36,673,4617060.0,0.0,323347.0,555007.0,Approved
4775,2,Not Graduate,Yes,1011742.0,1610000.0,36,763,6430213.0,888670.0,850204.0,1371817.0,Approved
4776,3,Graduate,Yes,1039516.0,1040000.0,36,592,7146613.0,2699159.0,590237.0,348617.0,Approved
4777,3,Not Graduate,Yes,480000.0,1250000.0,6,652,3349979.0,641929.0,440995.0,95162.0,Rejected
4778,1,Graduate,No,1345557.0,510000.0,12,581,950331.0,0.0,685287.0,1168182.0,Approved
4779,2,Graduate,No,802365.0,660000.0,18,661,2206253.0,0.0,219409.0,501789.0,Approved
4780,2,Not Graduate,No,1130796.0,660000.0,12,642,8678163.0,0.0,650014.0,622261.0,Approved
4781,2,Graduate,No,480000.0,480000.0,24,688,2770010.0,0.0,106157.0,372844.0,Approved
4782,1,Not Graduate,No,521896.0,490000.0,24,655,2114911.0,0.0,381244.0,434070.0,Approved
4783,2,Graduate,No,1503440.0,1420000.0,36,545,-94740.0,0.0,170720.0,2462643.0,Approved
4784,2,Not Graduate,No,535845.0,410000.0,12,374,3906245.0,0.0,628392.0,528773.0,Approved
4785,2,Not Graduate,Yes,480000.0,380000.0,24,834,2956842.0,893255.0,506287.0,923645.0,Approved
4786,1,Not Graduate,No,480000.0,440000.0,6,569,2376849.0,0.0,112798.0,748685.0,Approved
4787,0,Graduate,No,1300345.0,2600000.0,6,648,1156821.0,0.0,375281.0,2482920.0,Approved
4788,0,Graduate,No,657335.0,1560000.0,48,728,1711489.0,0.0,905116.0,251897.0,Rejected
4789,1,Not Graduate,No,2245632.0,4450000.0,48,569,10640535.0,0.0,1907760.0,1983582.0,Approved
4790,1,Not Graduate,Yes,776167.0,410000.0,18,609,719335.0,2816883.0,282110.0,1527322.0,Approved
4791,2,Not Graduate,Yes,1315535.0,3020000.0,24,514,8840054.0,3290028.0,1191319.0,1886409.0,Approved
4792,2,Graduate,No,2855687.0,4090000.0,60,594,5923012.0,0.0,1417679.0,2278098.0,Approved
4793,3,Not Graduate,No,1682037.0,1540000.0,18,661,10600504.0,0.0,542496.0,1097508.0,Approved
4794,0,Not Graduate,No,3652357.0,2140000.0,12,627,26677831.0,0.0,551575.0,6872320.0,Rejected
4795,0,Graduate,No,2159876.0,1580000.0,12,456,2185640.0,0.0,2306767.0,3979369.0,Approved
4796,3,Graduate,Yes,2840469.0,2080000.0,24,637,13900836.0,6223484.0,1531386.0,1022979.0,Rejected
4797,0,Graduate,Yes,690934.0,2030000.0,24,640,3946711.0,448876.0,239943.0,1262609.0,Approved
4798,0,Not Graduate,No,1215869.0,1460000.0,24,553,4785418.0,0.0,1310146.0,426348.0,Rejected
4799,1,Graduate,No,2348678.0,2060000.0,36,678,4186300.0,0.0,2237648.0,3914583.0,Approved
4800,1,Not Graduate,Yes,2196470.0,1870000.0,24,729,14801192.0,413601.0,2651374.0,2667395.0,Approved
4801,0,Not Graduate,No,487147.0,880000.0,24,427,2604866.0,0.0,552742.0,643817.0,Rejected
4802,2,Not Graduate,No,2054603.0,3080000.0,6,765,11140930.0,0.0,1319532.0,3256391.0,Approved
4803,3,Graduate,No,1153122.0,3190000.0,60,597,642866.0,0.0,1074613.0,471184.0,Rejected
4804,2,Not Graduate,Yes,970760.0,590000.0,12,767,3832671.0,499724.0,1323398.0,1603723.0,Approved
4805,2,Not Graduate,No,1207778.0,430000.0,12,601,5543138.0,0.0,1411540.0,1160466.0,Approved
4806,3,Graduate,Yes,566688.0,750000.0,18,630,4473680.0,1238624.0,511599.0,862848.0,Approved
4807,4,Graduate,Yes,1125868.0,2450000.0,18,735,8482632.0,1904420.0,198493.0,1684012.0,Approved
4808,0,Graduate,No,1006985.0,360000.0,24,592,6589358.0,0.0,1350425.0,831897.0,Approved
4809,0,Not Graduate,Yes,772914.0,1200000.0,6,603,848108.0,103447.0,910266.0,654897.0,Approved
4810,1,Not Graduate,No,1187123.0,2970000.0,12,861,8352641.0,0.0,1386139.0,2276807.0,Approved
4811,1,Graduate,No,4591235.0,1960000.0,24,717,13269908.0,0.0,5592419.0,700905.0,Approved
4812,1,Graduate,Yes,1586347.0,2350000.0,48,524,1466962.0,2487009.0,1733621.0,2736936.0,Rejected
4813,1,Not Graduate,No,1758870.0,1900000.0,12,640,9171629.0,0.0,2609594.0,901926.0,Approved
4814,2,Graduate,No,1096151.0,750000.0,48,481,7562177.0,0.0,1447766.0,167204.0,Approved
4815,1,Graduate,No,731215.0,1560000.0,12,686,4244577.0,0.0,895877.0,1326447.0,Approved
4816,0,Not Graduate,No,1099233.0,3380000.0,6,798,1757465.0,0.0,1013748.0,742889.0,Approved
4817,2,Not Graduate,No,1754205.0,2200000.0,18,753,8119183.0,0.0,1201050.0,2481279.0,Approved
4818,1,Graduate,Yes,874355.0,1620000.0,12,682,2057363.0,3235690.0,874021.0,1286765.0,Approved
4819,0,Graduate,No,1456103.0,3540000.0,6,555,2086378.0,0.0,622856.0,984129.0,Approved
4820,0,Not Graduate,No,703717.0,1470000.0,24,682,3937563.0,0.0,532176.0,303478.0,Approved
4821,0,Graduate,Yes,1150515.0,2930000.0,60,759,644782.0,9315.0,483709.0,1172532.0,Approved
4822,2,Not Graduate,Yes,1304361.0,2450000.0,36,716,9520221.0,1870278.0,1652192.0,1671081.0,Approved
4823,1,Not Graduate,No,2305413.0,5290000.0,24,551,3165316.0,0.0,1653673.0,2500700.0,Approved
4824,1,Not Graduate,No,1153151.0,2330000.0,60,636,7754845.0,0.0,98092.0,1503242.0,Approved
4825,2,Not Graduate,Yes,4869893.0,7440000.0,48,424,29038489.0,16755585.0,2987868.0,6674725.0,Rejected
4826,4,Graduate,Yes,1025551.0,1400000.0,12,513,1230961.0,430538.0,230232.0,330545.0,Approved
4827,0,Graduate,Yes,1748526.0,2140000.0,24,671,8684872.0,1754934.0,400519.0,1732186.0,Approved
4828,1,Graduate,No,639023.0,710000.0,6,775,1377735.0,0.0,600689.0,206765.0,Approved
4829,1,Not Graduate,Yes,1282137.0,2680000.0,12,551,4625928.0,4932997.0,664706.0,1686336.0,Rejected
4830,1,Graduate,No,610142.0,1540000.0,12,652,2406809.0,0.0,91737.0,1146405.0,Rejected
4831,2,Not Graduate,No,972489.0,1970000.0,24,627,5649927.0,0.0,869522.0,451559.0,Approved
4832,2,Not Graduate,No,820795.0,1050000.0,48,568,3284499.0,0.0,714115.0,798867.0,Approved
4833,0,Graduate,No,480000.0,380000.0,12,565,536552.0,0.0,677600.0,137870.0,Approved
4834,0,Graduate,No,2184037.0,3010000.0,48,628,1237617.0,0.0,2719555.0,4249035.0,Approved
4835,4,Not Graduate,No,3349725.0,7100000.0,48,670,18487160.0,0.0,4447875.0,6348630.0,Approved
4836,1,Graduate,Yes,795566.0,1990000.0,24,634,5090352.0,2382295.0,1085372.0,935788.0,Approved
4837,3,Not Graduate,Yes,941827.0,2080000.0,48,765,2993530.0,514398.0,793335.0,579267.0,Approved
4838,0,Graduate,No,852776.0,1900000.0,36,612,6039283.0,0.0,1013280.0,984885.0,Rejected
4839,1,Not Graduate,No,1047131.0,2520000.0,18,740,6934451.0,0.0,1411416.0,1828123.0,Approved
4840,2,Graduate,No,1289065.0,1240000.0,6,703,1610699.0,0.0,1798157.0,2179766.0,Approved
4841,1,Graduate,No,1881867.0,4190000.0,6,760,12213761.0,0.0,1158446.0,3656453.0,Approved
4842,1,Graduate,No,3234652.0,8610000.0,24,768,-69368.0,0.0,1629154.0,5972391.0,Approved
4843,3,Not Graduate,Yes,2698549.0,5640000.0,48,588,10966931.0,612078.0,3776945.0,2061785.0,Approved
4844,2,Graduate,Yes,1179386.0,1000000.0,24,782,6209915.0,3806919.0,1379739.0,379033.0,Approved
4845,1,Graduate,No,867038.0,1550000.0,48,580,3108328.0,0.0,697101.0,430235.0,Approved
4846,1,Graduate,No,1118306.0,720000.0,36,515,7539158.0,0.0,1136997.0,1160133.0,Approved
4847,2,Graduate,No,1617985.0,4490000.0,12,422,8097759.0,0.0,1744639.0,1810996.0,Rejected
4848,1,Graduate,Yes,602288.0,610000.0,12,704,3756994.0,1912947.0,891054.0,361028.0,Approved
4849,1,Not Graduate,No,1283574.0,2610000.0,24,548,2069934.0,0.0,443926.0,770012.0,Approved
4850,1,Not Graduate,Yes,592062.0,1750000.0,36,649,692111.0,633274.0,323253.0,877996.0,Approved
4851,2,Not Graduate,Yes,787805.0,490000.0,18,317,2108395.0,1508397.0,306444.0,1503136.0,Rejected
4852,2,Graduate,No,926894.0,1880000.0,24,900,4196203.0,0.0,629234.0,986860.0,Approved
4853,3,Not Graduate,Yes,2374440.0,1440000.0,24,658,2426890.0,3722122.0,474368.0,1051632.0,Approved
4854,3,Not Graduate,No,889126.0,2110000.0,6,507,649850.0,0.0,96501.0,312738.0,Rejected
4855,2,Not Graduate,No,1244484.0,3630000.0,18,528,2940447.0,0.0,1835064.0,1194922.0,Approved
4856,0,Graduate,No,1050909.0,830000.0,24,484,6524306.0,0.0,1155806.0,455342.0,Approved
4857,0,Graduate,No,665997.0,500000.0,36,547,1397540.0,0.0,132073.0,424797.0,Rejected
4858,2,Not Graduate,No,569392.0,1540000.0,24,663,1492448.0,0.0,731644.0,278094.0,Rejected
4859,1,Not Graduate,Yes,688296.0,410000.0,48,468,5045667.0,1093784.0,940931.0,879381.0,Approved
4860,2,Graduate,Yes,655488.0,690000.0,36,712,3370656.0,1120000.0,600339.0,568058.0,Approved
4861,1,Not Graduate,Yes,494731.0,790000.0,48,570,2755397.0,1694457.0,55053.0,290671.0,Approved
4862,1,Graduate,Yes,747192.0,870000.0,12,664,3956460.0,10844.0,766008.0,696317.0,Approved
4863,1,Not Graduate,Yes,1438681.0,2940000.0,24,514,3444226.0,781968.0,262607.0,758948.0,Approved
4864,0,Not Graduate,No,1976949.0,1820000.0,12,625,7051954.0,0.0,2405347.0,2482551.0,Rejected
4865,1,Graduate,No,480031.0,860000.0,6,849,628002.0,0.0,152367.0,144986.0,Approved
4866,3,Not Graduate,Yes,556595.0,650000.0,6,541,1821715.0,329775.0,245719.0,938804.0,Approved
4867,2,Graduate,No,541881.0,360000.0,36,681,939953.0,0.0,267041.0,968239.0,Approved
4868,1,Not Graduate,No,2405473.0,2020000.0,48,527,5868387.0,0.0,1854036.0,1006347.0,Approved
4869,0,Graduate,No,757701.0,1890000.0,24,511,4401542.0,0.0,229969.0,1508067.0,Rejected
4870,2,Graduate,Yes,804502.0,2100000.0,36,773,5403590.0,700515.0,1068062.0,1444296.0,Approved
4871,2,Graduate,Yes,747451.0,1710000.0,36,573,4344406.0,2816487.0,446117.0,566623.0,Approved
4872,1,Graduate,No,745452.0,380000.0,48,566,2013700.0,0.0,1008742.0,608488.0,Rejected
4873,0,Not Graduate,No,786504.0,1500000.0,24,597,4003496.0,0.0,651676.0,183460.0,Approved
4874,4,Graduate,No,1705469.0,3440000.0,12,618,6582601.0,0.0,115182.0,1417103.0,Approved
4875,1,Graduate,No,1209317.0,2770000.0,24,735,1888131.0,0.0,247479.0,1676336.0,Approved
4876,1,Graduate,No,1426527.0,830000.0,18,519,5775988.0,0.0,1691447.0,1338574.0,Approved
4877,1,Graduate,No,1559480.0,2660000.0,24,694,1200592.0,0.0,766289.0,3077894.0,Approved
4878,1,Graduate,No,829877.0,1580000.0,12,500,2773792.0,0.0,139937.0,615912.0,Approved
4879,3,Not Graduate,No,1683715.0,3500000.0,36,250,12463640.0,0.0,401794.0,588939.0,Rejected
4880,2,Not Graduate,No,797071.0,810000.0,36,708,3516256.0,0.0,609688.0,326721.0,Approved
4881,1,Graduate,Yes,2711380.0,1460000.0,6,355,7301020.0,142251.0,797051.0,459066.0,Rejected
4882,1,Not Graduate,No,671600.0,860000.0,12,557,1921887.0,0.0,801344.0,174918.0,Rejected
4883,0,Not Graduate,No,1523135.0,2480000.0,12,548,6787317.0,0.0,1970479.0,1901777.0,Rejected
4884,2,Not Graduate,No,480000.0,530000.0,24,416,3387296.0,0.0,399250.0,871726.0,Rejected
4885,2,Graduate,No,1549936.0,1680000.0,18,513,5860257.0,0.0,2179887.0,1803514.0,Approved
4886,3,Graduate,No,1367031.0,2990000.0,24,307,8081161.0,0.0,1168513.0,2515053.0,Rejected
4887,2,Graduate,Yes,2159496.0,4230000.0,48,614,7415411.0,6821245.0,227007.0,1872129.0,Approved
4888,1,Graduate,No,1217498.0,790000.0,24,822,4130864.0,0.0,1814552.0,987689.0,Approved
4889,3,Graduate,No,712127.0,560000.0,36,498,3996770.0,0.0,928698.0,890908.0,Approved
4890,0,Not Graduate,Yes,1214216.0,2970000.0,18,522,1588429.0,3417057.0,733340.0,2308669.0,Approved
4891,0,Not Graduate,No,1756552.0,2860000.0,12,656,3795969.0,0.0,917921.0,2631137.0,Rejected
4892,2,Graduate,No,1419098.0,2800000.0,12,484,6137138.0,0.0,770242.0,2420158.0,Rejected
4893,2,Not Graduate,No,596567.0,1500000.0,24,718,3060106.0,0.0,615062.0,1130306.0,Approved
4894,0,Not Graduate,Yes,480000.0,590000.0,36,576,2842933.0,1084857.0,382030.0,103401.0,Rejected
4895,3,Graduate,Yes,2569985.0,4910000.0,24,747,18391327.0,9357830.0,3481674.0,3399565.0,Approved
4896,2,Graduate,No,561428.0,1050000.0,24,638,932077.0,0.0,192617.0,892914.0,Approved
4897,1,Graduate,No,1787773.0,1840000.0,6,645,3530671.0,0.0,2479391.0,1587360.0,Approved
4898,0,Graduate,No,1269078.0,1270000.0,24,748,3913060.0,0.0,1754126.0,1719902.0,Approved
4899,0,Graduate,No,6204309.0,14200000.0,18,519,19436271.0,0.0,6951569.0,8609329.0,Approved
4900,2,Not Graduate,No,1517440.0,2120000.0,6,753,8066877.0,0.0,1861043.0,2037959.0,Approved
4901,1,Graduate,No,1020659.0,2410000.0,36,649,3947266.0,0.0,1342832.0,103060.0,Approved
4902,2,Not Graduate,No,1074971.0,620000.0,48,534,5878903.0,0.0,1009840.0,1382606.0,Rejected
4903,0,Graduate,Yes,1113571.0,2480000.0,12,633,-109790.0,424418.0,99321.0,1494220.0,Approved
4904,2,Graduate,No,2294900.0,1240000.0,18,860,6599401.0,0.0,2683178.0,3643098.0,Approved
4905,1,Not Graduate,No,946092.0,650000.0,24,718,6832170.0,0.0,1345088.0,423988.0,Approved
4906,0,Not Graduate,No,1199907.0,1490000.0,24,523,4297371.0,0.0,874014.0,2165968.0,Rejected
4907,3,Not Graduate,No,1124123.0,2340000.0,6,555,5984141.0,0.0,1087106.0,302678.0,Approved
4908,1,Graduate,No,1765933.0,2710000.0,36,726,7844346.0,0.0,926336.0,3045944.0,Approved
4909,3,Graduate,No,480000.0,1310000.0,48,497,3220115.0,0.0,525937.0,267966.0,Approved
4910,3,Graduate,No,617899.0,1150000.0,36,456,4745165.0,0.0,739317.0,116148.0,Approved
4911,0,Not Graduate,No,1137840.0,2820000.0,36,559,8949451.0,0.0,664178.0,2122631.0,Rejected
4912,0,Not Graduate,No,678797.0,520000.0,36,616,4998205.0,0.0,237038.0,1281174.0,Approved
4913,4,Not Graduate,No,2204607.0,2450000.0,24,555,5951983.0,0.0,967256.0,2089838.0,Approved
4914,3,Graduate,No,1317872.0,2830000.0,24,637,9479682.0,0.0,483045.0,1617767.0,Approved
4915,0,Graduate,No,1267442.0,710000.0,48,608,8057484.0,0.0,1623916.0,498969.0,Rejected
4916,1,Graduate,No,1638809.0,4490000.0,18,712,4038510.0,0.0,368455.0,1882525.0,Approved
4917,3,Not Graduate,No,480000.0,360000.0,48,656,736859.0,0.0,349705.0,75400.0,Rejected
4918,3,Graduate,No,1061976.0,740000.0,24,609,5317862.0,0.0,1083207.0,324161.0,Approved
4919,2,Graduate,Yes,1385780.0,2520000.0,12,613,2544691.0,1439699.0,817749.0,602997.0,Approved
4920,2,Graduate,No,509994.0,330000.0,24,572,1502700.0,0.0,212095.0,62451.0,Approved
4921,1,Not Graduate,No,519659.0,1170000.0,48,595,3494896.0,0.0,50000.0,909603.0,Approved
4922,0,Not Graduate,No,2028500.0,2310000.0,18,634,15398877.0,0.0,184625.0,3567142.0,Approved
4923,3,Not Graduate,No,1016530.0,990000.0,60,514,6804303.0,0.0,690546.0,164401.0,Rejected
4924,3,Not Graduate,Yes,1670509.0,2670000.0,48,415,1505133.0,2278034.0,2320490.0,2009733.0,Approved
4925,1,Not Graduate,No,480000.0,280000.0,12,645,263581.0,0.0,575906.0,616612.0,Approved
4926,0,Graduate,Yes,1670582.0,3300000.0,12,601,915523.0,6305802.0,130792.0,784966.0,Approved
4927,0,Graduate,No,1526408.0,2950000.0,18,567,1685433.0,0.0,2115540.0,420474.0,Rejected
4928,1,Graduate,No,521608.0,980000.0,6,627,2403277.0,0.0,305939.0,853151.0,Approved
4929,1,Graduate,Yes,2618105.0,1080000.0,36,420,10143414.0,7374730.0,567217.0,5160924.0,Approved
4930,3,Graduate,Yes,1817221.0,780000.0,18,593,7200858.0,5806062.0,1866785.0,2143305.0,Approved
4931,1,Not Graduate,No,1923291.0,4340000.0,12,521,11773603.0,0.0,2241613.0,2813525.0,Approved
4932,4,Graduate,Yes,480000.0,390000.0,12,779,2820750.0,1227592.0,296350.0,828812.0,Approved
4933,3,Graduate,Yes,1991047.0,3640000.0,18,597,6653526.0,2323962.0,1639906.0,719417.0,Approved
4934,1,Graduate,Yes,1366234.0,2850000.0,12,420,1830027.0,1637030.0,1453760.0,1847601.0,Rejected
4935,0,Not Graduate,Yes,782732.0,1180000.0,24,557,642906.0,3128937.0,909935.0,635334.0,Approved
4936,2,Not Graduate,No,480000.0,880000.0,24,660,751050.0,0.0,681003.0,860550.0,Approved
4937,1,Not Graduate,No,1938839.0,1390000.0,12,630,14587759.0,0.0,776244.0,3403837.0,Rejected
4938,3,Not Graduate,No,1557605.0,2220000.0,24,633,5567079.0,0.0,1420220.0,2904461.0,Approved
4939,2,Not Graduate,No,1902877.0,2460000.0,36,657,12032970.0,0.0,517285.0,2521222.0,Approved
4940,3,Graduate,No,1326293.0,4070000.0,18,646,6147104.0,0.0,1219304.0,2276552.0,Rejected
4941,0,Graduate,Yes,683878.0,390000.0,24,487,2077072.0,2448369.0,806814.0,242316.0,Approved
4942,1,Not Graduate,No,2547182.0,3820000.0,24,567,5165917.0,0.0,634106.0,1874283.0,Approved
4943,0,Not Graduate,Yes,480000.0,1270000.0,24,664,285847.0,625462.0,256947.0,48044.0,Approved
4944,1,Not Graduate,No,1529145.0,2350000.0,6,504,7373092.0,0.0,1995398.0,2324010.0,Approved
4945,4,Not Graduate,No,1214314.0,1900000.0,6,569,2535446.0,0.0,919611.0,228155.0,Rejected
4946,1,Graduate,No,1134174.0,2220000.0,18,764,6555477.0,0.0,1445943.0,310668.0,Approved
4947,0,Not Graduate,No,652938.0,1030000.0,12,641,4432433.0,0.0,759920.0,469187.0,Approved
4948,1,Graduate,No,1454410.0,730000.0,36,755,10468085.0,0.0,166334.0,207773.0,Approved
4949,0,Not Graduate,No,986438.0,1950000.0,36,633,1783556.0,0.0,1244373.0,1932273.0,Approved
4950,2,Not Graduate,No,1575164.0,740000.0,48,634,3376299.0,0.0,1458323.0,2304593.0,Approved
4951,2,Graduate,Yes,658805.0,920000.0,18,529,5223931.0,1307418.0,526989.0,421259.0,Rejected
4952,2,Not Graduate,Yes,480137.0,1270000.0,24,670,3467493.0,654663.0,276176.0,196021.0,Approved
4953,0,Graduate,Yes,693765.0,1620000.0,36,523,990911.0,1540361.0,362918.0,626819.0,Approved
4954,0,Graduate,Yes,1380632.0,1980000.0,48,568,2590091.0,2823778.0,1787152.0,537061.0,Approved
4955,0,Graduate,No,1377016.0,3320000.0,24,599,4264784.0,0.0,441407.0,1366153.0,Rejected
4956,1,Graduate,No,2000724.0,4770000.0,24,776,8777728.0,0.0,605085.0,2988298.0,Approved
4957,1,Graduate,Yes,1690331.0,2320000.0,24,573,10273637.0,6131506.0,1590670.0,1707128.0,Rejected
4958,0,Graduate,No,508413.0,500000.0,48,792,656341.0,0.0,147505.0,646080.0,Approved
4959,0,Graduate,No,1365462.0,1680000.0,12,824,866784.0,0.0,503693.0,2487637.0,Approved
4960,1,Graduate,No,1774442.0,2760000.0,12,695,4901986.0,0.0,1338431.0,1261505.0,Approved
4961,3,Graduate,No,811913.0,990000.0,60,684,5253502.0,0.0,760518.0,817254.0,Approved
4962,2,Not Graduate,No,2040860.0,940000.0,60,685,13033816.0,0.0,416529.0,2531676.0,Approved
4963,3,Not Graduate,No,1985352.0,2230000.0,18,731,15771872.0,0.0,2248430.0,1715583.0,Approved
4964,1,Not Graduate,No,599019.0,900000.0,24,772,1607731.0,0.0,102148.0,713328.0,Approved
4965,3,Graduate,Yes,1572025.0,3850000.0,6,674,9366358.0,1838341.0,993153.0,413262.0,Approved
4966,4,Not Graduate,Yes,554233.0,1430000.0,18,407,1392728.0,548690.0,636205.0,584523.0,Rejected
4967,1,Graduate,No,795209.0,440000.0,36,510,4004547.0,0.0,883763.0,1313507.0,Approved
4968,1,Graduate,No,614418.0,460000.0,60,655,1009392.0,0.0,182889.0,256981.0,Approved
4969,1,Not Graduate,No,2629491.0,1480000.0,60,682,15921639.0,0.0,2705058.0,1035655.0,Approved
4970,3,Not Graduate,No,1201028.0,3490000.0,12,853,2076120.0,0.0,1124101.0,260307.0,Approved
4971,1,Graduate,Yes,917787.0,580000.0,18,598,3479637.0,760026.0,919331.0,1046434.0,Approved
4972,1,Not Graduate,No,2272714.0,2350000.0,24,690,11947178.0,0.0,1738983.0,2422286.0,Approved
4973,1,Graduate,No,1084146.0,1100000.0,18,595,7192947.0,0.0,1074935.0,1668697.0,Approved
4974,3,Not Graduate,No,2239152.0,2770000.0,24,639,8607555.0,0.0,2376882.0,1694834.0,Approved
4975,1,Not Graduate,No,772737.0,740000.0,18,550,3249364.0,0.0,325572.0,689228.0,Rejected
4976,2,Not Graduate,No,681666.0,530000.0,48,493,5317825.0,0.0,1005290.0,1094085.0,Rejected
4977,0,Not Graduate,Yes,1380194.0,1600000.0,12,681,1152759.0,1459843.0,1340254.0,385012.0,Approved
4978,2,Not Graduate,No,1289229.0,870000.0,18,775,9712673.0,0.0,1310503.0,2526655.0,Approved
4979,0,Graduate,Yes,739207.0,940000.0,18,643,5736985.0,2912372.0,798297.0,956153.0,Approved
4980,3,Graduate,No,1282277.0,2210000.0,18,516,5283849.0,0.0,1298305.0,1204481.0,Rejected
4981,1,Not Graduate,No,1074489.0,1620000.0,18,646,7323569.0,0.0,214269.0,674615.0,Approved
4982,0,Graduate,No,1341948.0,2410000.0,36,569,4974717.0,0.0,563937.0,744899.0,Rejected
4983,0,Not Graduate,No,827996.0,1370000.0,18,621,4050276.0,0.0,676576.0,513515.0,Approved
4984,1,Graduate,No,831003.0,720000.0,12,718,6109098.0,0.0,810366.0,517863.0,Approved
4985,1,Not Graduate,No,1308755.0,890000.0,24,571,4227518.0,0.0,602330.0,172253.0,Approved
4986,2,Graduate,No,975070.0,1000000.0,60,707,3663931.0,0.0,354450.0,839001.0,Approved
4987,1,Not Graduate,No,700198.0,570000.0,12,397,3030903.0,0.0,99694.0,228778.0,Rejected
4988,2,Graduate,No,1070672.0,430000.0,36,597,2453239.0,0.0,1016179.0,593258.0,Approved
4989,1,Not Graduate,No,3649585.0,3510000.0,24,796,2746035.0,0.0,3713659.0,4855038.0,Approved
4990,2,Not Graduate,No,928415.0,560000.0,18,596,6810225.0,0.0,1375374.0,1622913.0,Rejected
4991,2,Not Graduate,Yes,1151031.0,2690000.0,36,602,3857236.0,1621670.0,461710.0,1956765.0,Approved
4992,0,Not Graduate,No,1289966.0,2560000.0,6,532,6633962.0,0.0,144914.0,1967057.0,Approved
4993,0,Not Graduate,No,815625.0,1690000.0,24,542,2602030.0,0.0,99705.0,927069.0,Rejected
4994,2,Graduate,No,944872.0,1260000.0,24,540,5830106.0,0.0,913196.0,1008622.0,Rejected
4995,1,Not Graduate,No,689004.0,720000.0,18,700,933981.0,0.0,867053.0,952411.0,Approved
4996,1,Graduate,No,2252723.0,2110000.0,36,418,12423855.0,0.0,1146674.0,1722256.0,Approved
4997,3,Graduate,No,1767975.0,3560000.0,6,611,4215317.0,0.0,1513223.0,3421622.0,Approved
4998,1,Graduate,No,480000.0,740000.0,24,317,2133924.0,0.0,72272.0,319760.0,Rejected
4999,1,Not Graduate,No,2760303.0,4390000.0,24,569,9142182.0,0.0,2929398.0,547914.0,Approved
5000,0,Not Graduate,Yes,480000.0,400000.0,24,621,3596911.0,1072209.0,532156.0,126350.0,Rejected
5001,2,Graduate,No,817698.0,1240000.0,12,512,3348015.0,0.0,805330.0,1572842.0,Rejected
5002,2,Not Graduate,No,1277730.0,1400000.0,36,609,2643763.0,0.0,314113.0,2457530.0,Approved
5003,1,Graduate,No,1030859.0,1180000.0,24,545,8059248.0,0.0,917158.0,177506.0,Rejected
5004,0,Not Graduate,Yes,873407.0,860000.0,12,592,1219486.0,1562386.0,745005.0,1077306.0,Approved
5005,0,Graduate,No,599174.0,980000.0,18,467,1912002.0,0.0,625239.0,432720.0,Rejected
5006,1,Not Graduate,Yes,1568671.0,2190000.0,6,422,7842739.0,1137070.0,1704686.0,2863742.0,Rejected
5007,1,Graduate,No,661379.0,1210000.0,24,861,3489255.0,0.0,593493.0,1234621.0,Approved
5008,0,Not Graduate,No,1465620.0,600000.0,6,525,6103079.0,0.0,1751885.0,2247024.0,Rejected
5009,2,Graduate,No,1305575.0,1730000.0,36,625,3065973.0,0.0,111998.0,2503248.0,Rejected
5010,1,Not Graduate,No,1519376.0,2280000.0,18,654,8940729.0,0.0,1451223.0,2186415.0,Approved
5011,1,Not Graduate,No,933900.0,1010000.0,6,653,7010886.0,0.0,759895.0,1384699.0,Rejected
5012,0,Not Graduate,No,2716445.0,2080000.0,24,734,9652019.0,0.0,315663.0,3440786.0,Approved
5013,4,Not Graduate,No,2777205.0,6990000.0,24,591,7425149.0,0.0,3418439.0,3726203.0,Approved
5014,1,Not Graduate,No,1593848.0,1720000.0,60,642,3887220.0,0.0,2199379.0,763148.0,Approved
5015,1,Graduate,Yes,1313701.0,1490000.0,36,515,2156935.0,4617034.0,366988.0,237935.0,Approved
5016,3,Graduate,Yes,1614891.0,2200000.0,18,632,4233370.0,400420.0,376263.0,2287346.0,Rejected
5017,1,Graduate,Yes,746324.0,1160000.0,48,649,1551530.0,1193238.0,688806.0,733648.0,Approved
5018,1,Graduate,No,2201319.0,3840000.0,36,510,4821438.0,0.0,1812879.0,896033.0,Approved
5019,3,Not Graduate,No,817082.0,1060000.0,48,691,2439657.0,0.0,733739.0,574031.0,Approved
5020,3,Not Graduate,No,1206198.0,940000.0,18,751,4908838.0,0.0,1609524.0,1091511.0,Approved
5021,0,Not Graduate,No,1473443.0,2950000.0,18,619,4893472.0,0.0,733582.0,1591507.0,Approved
5022,3,Not Graduate,No,480000.0,760000.0,24,731,2310273.0,0.0,69201.0,408685.0,Approved
5023,1,Not Graduate,No,1016532.0,2150000.0,36,816,7018152.0,0.0,1161651.0,1224320.0,Approved
5024,2,Not Graduate,Yes,1768921.0,3680000.0,36,596,3565226.0,4411084.0,762797.0,1846551.0,Rejected
5025,0,Not Graduate,Yes,1093286.0,860000.0,24,711,1072398.0,3337959.0,1075638.0,656736.0,Approved
5026,1,Not Graduate,No,872968.0,1950000.0,6,639,5494228.0,0.0,962309.0,745996.0,Approved
5027,2,Graduate,No,2861663.0,2800000.0,36,657,6407726.0,0.0,168240.0,1554387.0,Approved
5028,0,Not Graduate,No,1833988.0,3400000.0,36,764,6332709.0,0.0,2153129.0,1184232.0,Approved
5029,3,Graduate,No,1043101.0,2980000.0,18,747,5672228.0,0.0,293093.0,1265179.0,Approved
5030,1,Not Graduate,No,566971.0,800000.0,60,627,3374315.0,0.0,227960.0,958986.0,Approved
5031,1,Graduate,No,1134481.0,1190000.0,36,631,8295075.0,0.0,1254413.0,963425.0,Rejected
5032,3,Graduate,Yes,1059748.0,2880000.0,12,748,4865429.0,3865874.0,1030708.0,1352300.0,Approved
5033,2,Not Graduate,No,480000.0,530000.0,18,735,2341887.0,0.0,616599.0,308544.0,Approved
5034,0,Not Graduate,Yes,626009.0,1460000.0,6,352,1122459.0,2150205.0,746430.0,537136.0,Rejected
5035,3,Not Graduate,No,1383953.0,2940000.0,24,743,3621516.0,0.0,1269581.0,1163881.0,Approved
5036,1,Graduate,Yes,617582.0,1030000.0,48,703,2709476.0,1854567.0,220627.0,596303.0,Rejected
5037,1,Graduate,No,1104728.0,1030000.0,36,639,2411084.0,0.0,1224331.0,503986.0,Rejected
5038,4,Graduate,No,613766.0,1380000.0,18,733,2345524.0,0.0,575078.0,895059.0,Approved
5039,1,Graduate,No,703195.0,1830000.0,24,515,2645264.0,0.0,1025704.0,927925.0,Rejected
5040,1,Not Graduate,No,586635.0,1660000.0,12,604,2947447.0,0.0,632493.0,908511.0,Rejected
5041,2,Not Graduate,No,799026.0,990000.0,18,711,4184375.0,0.0,130158.0,801377.0,Approved
5042,0,Not Graduate,Yes,610753.0,1200000.0,48,389,2225414.0,1553371.0,821369.0,478696.0,Rejected
5043,0,Graduate,Yes,2558524.0,4300000.0,6,595,5537230.0,6441920.0,3357779.0,1705525.0,Rejected
5044,2,Not Graduate,Yes,1643330.0,2520000.0,24,519,7054901.0,3535495.0,2050668.0,3097306.0,Rejected
5045,3,Not Graduate,No,1042104.0,2830000.0,48,689,7255851.0,0.0,365501.0,818446.0,Approved
5046,0,Graduate,No,720264.0,280000.0,6,540,4805437.0,0.0,226360.0,987634.0,Approved
5047,1,Not Graduate,No,756879.0,1500000.0,12,621,5983787.0,0.0,692573.0,1474116.0,Approved
5048,2,Not Graduate,No,1176846.0,1380000.0,36,485,6012675.0,0.0,1449728.0,1327368.0,Approved
5049,0,Graduate,Yes,516287.0,880000.0,24,753,1702791.0,93036.0,265539.0,603596.0,Approved
5050,0,Not Graduate,No,1193193.0,2970000.0,48,756,2646484.0,0.0,1186597.0,538900.0,Approved
5051,1,Graduate,Yes,1481184.0,4540000.0,12,522,9586735.0,3126468.0,657671.0,1195049.0,Approved
5052,3,Graduate,Yes,1092932.0,1510000.0,12,633,4350902.0,3464936.0,1132626.0,1075828.0,Approved
5053,1,Graduate,No,1033300.0,1850000.0,24,467,4827562.0,0.0,83268.0,1881703.0,Rejected
5054,2,Graduate,No,628051.0,440000.0,12,589,2233837.0,0.0,409952.0,286569.0,Approved
5055,3,Graduate,Yes,935479.0,1960000.0,24,512,7044364.0,601299.0,798736.0,880974.0,Approved
5056,1,Graduate,No,3542954.0,5200000.0,12,589,3495785.0,0.0,3546526.0,5017359.0,Rejected
5057,3,Graduate,No,1385603.0,2070000.0,12,728,787647.0,0.0,610762.0,323269.0,Approved
5058,0,Not Graduate,Yes,1072996.0,2580000.0,18,500,6231555.0,1749751.0,97418.0,1990857.0,Rejected
5059,1,Graduate,No,1882508.0,3670000.0,12,718,1941358.0,0.0,2007501.0,1546655.0,Approved
5060,2,Graduate,Yes,654734.0,760000.0,24,874,4386849.0,1407855.0,411572.0,783270.0,Approved
5061,1,Not Graduate,No,1147514.0,1810000.0,18,676,7461978.0,0.0,1666082.0,337363.0,Approved
5062,1,Not Graduate,No,679422.0,1070000.0,24,631,1228105.0,0.0,778231.0,282110.0,Approved
5063,1,Not Graduate,No,480000.0,830000.0,24,659,2204074.0,0.0,320942.0,482522.0,Rejected
5064,0,Not Graduate,No,836652.0,440000.0,18,477,3871425.0,0.0,404948.0,1666318.0,Rejected
5065,3,Not Graduate,Yes,891623.0,1830000.0,24,626,2709453.0,28011.0,557076.0,1483485.0,Approved
5066,2,Graduate,No,1236724.0,670000.0,24,808,890650.0,0.0,1626278.0,1460790.0,Approved
5067,0,Not Graduate,Yes,480000.0,200000.0,12,552,1386292.0,194939.0,195673.0,347641.0,Approved
5068,1,Graduate,Yes,1375482.0,1920000.0,18,379,3389884.0,3463304.0,692745.0,2403403.0,Rejected
5069,3,Not Graduate,Yes,1311723.0,2470000.0,6,625,9794473.0,3564048.0,262976.0,868765.0,Rejected
5070,2,Not Graduate,Yes,773444.0,1220000.0,36,497,5907312.0,2385075.0,550299.0,918028.0,Rejected
5071,0,Graduate,Yes,1303843.0,2520000.0,24,589,5022504.0,2470974.0,1248785.0,874139.0,Approved
5072,2,Graduate,No,574676.0,1430000.0,12,718,302772.0,0.0,190326.0,67982.0,Approved
5073,0,Graduate,Yes,1262074.0,1080000.0,12,563,1876377.0,234778.0,790442.0,552444.0,Approved
5074,4,Graduate,No,480000.0,270000.0,36,733,3568707.0,0.0,416643.0,909693.0,Approved
5075,4,Graduate,No,1768693.0,1100000.0,60,642,7391243.0,0.0,1844358.0,741736.0,Approved
5076,4,Graduate,Yes,1525284.0,3510000.0,12,457,5061943.0,5924779.0,596831.0,2114128.0,Rejected
5077,0,Graduate,No,953762.0,1850000.0,24,809,2500795.0,0.0,995142.0,1370843.0,Approved
5078,2,Graduate,No,893166.0,1040000.0,24,668,2045780.0,0.0,298092.0,1696319.0,Approved
5079,0,Not Graduate,Yes,925828.0,510000.0,24,629,4324513.0,718950.0,318082.0,1725090.0,Approved
5080,2,Not Graduate,No,2202271.0,1900000.0,36,654,13821673.0,0.0,2212202.0,1055228.0,Approved
5081,0,Graduate,No,1866006.0,3910000.0,6,457,12774991.0,0.0,1399948.0,245126.0,Rejected
5082,1,Graduate,No,480000.0,460000.0,24,900,3702431.0,0.0,272906.0,431929.0,Approved
5083,3,Not Graduate,No,883942.0,1890000.0,12,607,2400613.0,0.0,276307.0,544090.0,Approved
5084,0,Not Graduate,No,1292368.0,620000.0,12,402,4459208.0,0.0,228930.0,2050261.0,Approved
5085,1,Not Graduate,Yes,1796996.0,3190000.0,12,635,13236581.0,5856211.0,145375.0,851045.0,Approved
5086,2,Graduate,Yes,1273597.0,1340000.0,24,722,9697414.0,2076895.0,283319.0,2400797.0,Approved
5087,0,Graduate,No,480000.0,1080000.0,36,596,2301665.0,0.0,303540.0,489090.0,Approved
5088,1,Not Graduate,No,964829.0,970000.0,24,604,5634539.0,0.0,525830.0,1694245.0,Approved
5089,2,Graduate,No,2685162.0,2480000.0,36,522,17327475.0,0.0,1346471.0,4145282.0,Approved
5090,0,Not Graduate,No,1340179.0,1720000.0,12,700,10270857.0,0.0,160319.0,2310868.0,Approved
5091,3,Graduate,No,480000.0,290000.0,18,567,2622915.0,0.0,431011.0,957619.0,Approved
5092,0,Graduate,No,1362945.0,760000.0,12,470,5186171.0,0.0,107717.0,368796.0,Rejected
5093,0,Not Graduate,No,698649.0,510000.0,18,634,626659.0,0.0,1024492.0,193274.0,Approved
5094,0,Graduate,No,515406.0,780000.0,18,822,3858932.0,0.0,599185.0,885609.0,Approved
5095,0,Graduate,No,612547.0,1280000.0,12,696,4210710.0,0.0,710009.0,1161028.0,Rejected
5096,0,Graduate,No,980026.0,1170000.0,24,669,7769446.0,0.0,618003.0,1190481.0,Approved
5097,1,Graduate,No,2476991.0,1160000.0,12,751,7631115.0,0.0,2883948.0,4827842.0,Approved
5098,3,Not Graduate,Yes,1641424.0,4920000.0,18,652,3866737.0,414589.0,824682.0,2763589.0,Rejected
5099,0,Graduate,No,977406.0,2330000.0,18,516,4514243.0,0.0,349566.0,1487869.0,Rejected
5100,2,Not Graduate,No,863459.0,580000.0,18,686,1506367.0,0.0,997558.0,1052535.0,Approved
5101,0,Graduate,No,600448.0,920000.0,24,572,4638143.0,0.0,170967.0,548575.0,Approved
5102,3,Graduate,No,1750231.0,1310000.0,36,574,9305523.0,0.0,1965734.0,2059982.0,Approved
5103,1,Graduate,No,576578.0,1250000.0,18,569,2972785.0,0.0,858711.0,96175.0,Approved
5104,2,Graduate,No,1794119.0,1720000.0,24,455,4932663.0,0.0,2084673.0,2133505.0,Rejected
5105,4,Graduate,Yes,1536137.0,1180000.0,12,669,10892466.0,4523537.0,1086850.0,2505102.0,Approved
5106,0,Not Graduate,Yes,747241.0,850000.0,6,605,2076169.0,2945858.0,676968.0,710999.0,Approved
5107,1,Not Graduate,No,1034744.0,1060000.0,48,635,2408297.0,0.0,1367662.0,904455.0,Approved
5108,0,Not Graduate,No,1683359.0,4020000.0,36,485,13389574.0,0.0,520486.0,1548728.0,Approved
5109,2,Graduate,No,910908.0,1200000.0,24,631,3861158.0,0.0,1169797.0,598250.0,Approved
5110,0,Graduate,No,722891.0,1790000.0,36,509,3626047.0,0.0,118514.0,471192.0,Rejected
5111,2,Not Graduate,Yes,772773.0,1910000.0,24,645,2090398.0,2787602.0,867312.0,1172114.0,Approved
5112,3,Not Graduate,No,1330076.0,2370000.0,24,792,8013313.0,0.0,1217848.0,278148.0,Approved
5113,2,Not Graduate,No,1457078.0,1820000.0,12,261,7620949.0,0.0,2162508.0,669698.0,Rejected
5114,0,Graduate,Yes,710980.0,1880000.0,12,543,2206899.0,2374836.0,565238.0,759599.0,Approved
5115,2,Not Graduate,Yes,531253.0,840000.0,48,594,1362962.0,1247417.0,335604.0,784712.0,Approved
5116,1,Graduate,No,2406777.0,3410000.0,12,485,4656457.0,0.0,2656147.0,742559.0,Rejected
5117,2,Not Graduate,Yes,1285839.0,2030000.0,12,647,1939933.0,1456597.0,256224.0,1831274.0,Approved
5118,0,Graduate,Yes,2634676.0,5300000.0,36,705,12069606.0,2156401.0,789823.0,2567074.0,Rejected
5119,1,Not Graduate,No,563199.0,210000.0,24,497,3512836.0,0.0,417295.0,938640.0,Approved
5120,3,Graduate,No,899766.0,1370000.0,24,492,1056461.0,0.0,545383.0,950501.0,Approved
5121,1,Graduate,No,894147.0,660000.0,12,628,1863401.0,0.0,822169.0,1737458.0,Approved
5122,2,Graduate,No,924573.0,1160000.0,12,607,3708317.0,0.0,1369891.0,1308148.0,Rejected
5123,3,Graduate,No,2045192.0,6000000.0,48,527,1592322.0,0.0,170079.0,1936342.0,Rejected
5124,0,Graduate,Yes,678931.0,1310000.0,12,641,2252666.0,1501347.0,490386.0,668088.0,Approved
5125,0,Not Graduate,Yes,633133.0,460000.0,60,682,2855389.0,1396088.0,237279.0,1238928.0,Approved
5126,1,Graduate,No,480000.0,850000.0,24,518,1542453.0,0.0,657049.0,294519.0,Rejected
5127,4,Graduate,No,1047059.0,1380000.0,18,581,5594504.0,0.0,544799.0,282756.0,Rejected
5128,3,Not Graduate,Yes,2018232.0,890000.0,48,422,10180584.0,7801842.0,1942705.0,2019114.0,Approved
5129,1,Graduate,No,1014764.0,1970000.0,12,663,6922380.0,0.0,1450097.0,930144.0,Approved
5130,0,Not Graduate,No,857418.0,410000.0,6,583,1379582.0,0.0,879267.0,1520245.0,Approved
5131,3,Graduate,No,1047544.0,790000.0,36,585,3811136.0,0.0,385851.0,561267.0,Approved
5132,2,Not Graduate,Yes,1244568.0,2420000.0,12,851,1440630.0,4143504.0,1535861.0,1752508.0,Approved
5133,4,Not Graduate,No,1684114.0,4630000.0,36,702,2067672.0,0.0,1119258.0,1669871.0,Approved
5134,0,Graduate,No,1015643.0,600000.0,18,537,7326541.0,0.0,1313731.0,463920.0,Approved
5135,0,Graduate,No,1526622.0,3330000.0,18,622,2983966.0,0.0,309685.0,261968.0,Approved
5136,2,Graduate,No,940232.0,980000.0,36,703,2437714.0,0.0,64002.0,206389.0,Rejected
5137,4,Not Graduate,No,480000.0,1210000.0,18,654,1053879.0,0.0,471744.0,818511.0,Rejected
5138,2,Not Graduate,No,1370798.0,940000.0,48,534,2735949.0,0.0,454970.0,1179937.0,Rejected
5139,0,Not Graduate,No,482349.0,840000.0,24,768,1611840.0,0.0,164321.0,394400.0,Approved
5140,1,Graduate,Yes,895713.0,1810000.0,36,645,3291188.0,2482086.0,347520.0,1273144.0,Approved
5141,3,Graduate,No,1057452.0,710000.0,12,727,6426224.0,0.0,714416.0,1001018.0,Rejected
5142,3,Not Graduate,No,480000.0,980000.0,36,729,2604282.0,0.0,499968.0,842282.0,Approved
5143,2,Not Graduate,Yes,963675.0,1710000.0,48,593,3945920.0,1558033.0,931827.0,630556.0,Approved
5144,1,Not Graduate,Yes,1427310.0,1450000.0,18,618,8772366.0,646734.0,1879904.0,2332614.0,Approved
5145,2,Graduate,Yes,2536518.0,5770000.0,24,592,1607214.0,133876.0,984961.0,1293768.0,Rejected
5146,1,Not Graduate,No,798971.0,610000.0,48,419,926515.0,0.0,488991.0,142041.0,Rejected
5147,3,Not Graduate,No,948203.0,2480000.0,24,662,7057521.0,0.0,630577.0,423690.0,Approved
5148,1,Not Graduate,No,1001587.0,2490000.0,18,715,5883689.0,0.0,1330180.0,1215857.0,Approved
5149,2,Graduate,No,1303796.0,3490000.0,48,719,2679536.0,0.0,1256592.0,1987104.0,Approved
5150,1,Not Graduate,No,937206.0,1680000.0,24,757,4271638.0,0.0,478062.0,1812234.0,Approved
5151,0,Not Graduate,No,1193141.0,2980000.0,60,532,4784340.0,0.0,1607034.0,1667692.0,Approved
5152,0,Not Graduate,Yes,484052.0,610000.0,12,738,1968108.0,1841122.0,405701.0,235277.0,Approved
5153,4,Not Graduate,No,3067197.0,4770000.0,12,542,17030533.0,0.0,3082936.0,635815.0,Rejected
5154,2,Graduate,Yes,2214062.0,4450000.0,36,543,17582853.0,6617667.0,1302645.0,1734485.0,Approved
5155,2,Not Graduate,No,1040324.0,2050000.0,6,762,1663128.0,0.0,988667.0,1562397.0,Approved
5156,1,Graduate,Yes,1118176.0,1030000.0,48,571,1768961.0,1167113.0,1039837.0,244647.0,Approved
5157,1,Not Graduate,No,509036.0,820000.0,6,678,3700847.0,0.0,565592.0,637542.0,Approved
5158,0,Graduate,No,1053647.0,1340000.0,24,568,1392217.0,0.0,1433781.0,460507.0,Approved
5159,1,Graduate,No,574389.0,1100000.0,12,382,3831702.0,0.0,202313.0,999239.0,Rejected
5160,1,Graduate,No,484054.0,380000.0,18,601,3812681.0,0.0,142849.0,774106.0,Approved
5161,0,Graduate,No,1130304.0,1760000.0,12,735,5509546.0,0.0,1026863.0,1090751.0,Approved
5162,2,Graduate,No,827407.0,1570000.0,24,800,2442743.0,0.0,596802.0,420785.0,Approved
5163,1,Not Graduate,No,4051621.0,11820000.0,6,633,21959712.0,0.0,1413306.0,3688265.0,Rejected
5164,0,Graduate,Yes,480000.0,670000.0,60,727,3002727.0,736032.0,269167.0,578959.0,Approved
5165,0,Not Graduate,No,3512293.0,6860000.0,12,659,20295500.0,0.0,4975042.0,787333.0,Rejected
5166,3,Graduate,Yes,1175396.0,2450000.0,60,791,878974.0,996802.0,1715571.0,181508.0,Approved
5167,1,Graduate,No,480000.0,1280000.0,48,671,3689658.0,0.0,608795.0,321376.0,Approved
5168,1,Graduate,Yes,756104.0,1350000.0,36,473,5856405.0,1101182.0,586820.0,407278.0,Rejected
5169,4,Not Graduate,No,1399504.0,2900000.0,48,707,8081226.0,0.0,625157.0,2700131.0,Approved
5170,0,Not Graduate,Yes,668877.0,1610000.0,18,636,1149492.0,214461.0,432724.0,269926.0,Rejected
5171,0,Not Graduate,No,1174280.0,2540000.0,12,611,6128032.0,0.0,1022834.0,1718794.0,Rejected
5172,2,Not Graduate,No,1025870.0,2490000.0,12,484,2878172.0,0.0,267002.0,481979.0,Rejected
5173,0,Graduate,No,728048.0,1140000.0,36,674,1060955.0,0.0,830471.0,1296563.0,Rejected
5174,0,Not Graduate,No,769495.0,1310000.0,48,618,5498496.0,0.0,646208.0,1140125.0,Approved
5175,3,Not Graduate,No,1028283.0,370000.0,48,696,4281947.0,0.0,901845.0,198536.0,Approved
5176,1,Graduate,No,480000.0,1400000.0,36,688,3056053.0,0.0,503449.0,515412.0,Approved
5177,1,Not Graduate,No,1854736.0,910000.0,48,742,2697022.0,0.0,1284544.0,3463746.0,Approved
5178,2,Not Graduate,No,3422538.0,1710000.0,48,741,24229480.0,0.0,221874.0,6611667.0,Approved
5179,1,Not Graduate,No,2587800.0,4440000.0,24,735,17347471.0,0.0,1031752.0,943954.0,Approved
5180,4,Graduate,No,1019796.0,1700000.0,24,634,1253005.0,0.0,1052226.0,1297647.0,Approved
5181,2,Not Graduate,No,480000.0,1100000.0,48,604,2706319.0,0.0,685554.0,897825.0,Approved
5182,1,Not Graduate,No,480000.0,610000.0,36,554,1828995.0,0.0,372729.0,896053.0,Approved
5183,0,Not Graduate,No,701937.0,410000.0,12,510,4167561.0,0.0,676421.0,331177.0,Rejected
5184,0,Graduate,No,673723.0,1710000.0,36,736,1622046.0,0.0,716417.0,461983.0,Approved
5185,4,Not Graduate,No,1066389.0,810000.0,24,486,6222350.0,0.0,561842.0,1312563.0,Approved
5186,3,Not Graduate,No,3316442.0,7150000.0,18,688,13694718.0,0.0,2239137.0,890659.0,Approved
5187,4,Graduate,No,1027363.0,560000.0,24,701,4881241.0,0.0,144525.0,1631684.0,Approved
5188,3,Graduate,No,920519.0,2590000.0,36,746,1035108.0,0.0,95780.0,288543.0,Rejected
5189,2,Not Graduate,No,2043226.0,2060000.0,12,806,3906586.0,0.0,353174.0,3288469.0,Approved
5190,3,Not Graduate,No,1116901.0,490000.0,12,622,4135824.0,0.0,926179.0,1847434.0,Approved
5191,1,Graduate,No,1073028.0,1060000.0,36,671,1394286.0,0.0,148253.0,1300208.0,Approved
5192,1,Not Graduate,No,480000.0,1090000.0,6,714,425575.0,0.0,50000.0,709871.0,Approved
5193,1,Not Graduate,No,648680.0,440000.0,18,577,1448271.0,0.0,530916.0,419763.0,Approved
5194,0,Not Graduate,No,1878562.0,4160000.0,48,743,7311206.0,0.0,769101.0,2159567.0,Approved
5195,0,Graduate,No,867469.0,600000.0,24,621,6744657.0,0.0,381667.0,576751.0,Approved
5196,3,Not Graduate,No,1128871.0,2460000.0,18,620,2158702.0,0.0,646991.0,1499978.0,Approved
5197,2,Not Graduate,No,2048595.0,820000.0,12,352,8796847.0,0.0,339286.0,1848555.0,Rejected
5198,3,Not Graduate,No,1547533.0,1830000.0,18,548,7526171.0,0.0,657242.0,2624699.0,Rejected
5199,1,Not Graduate,No,899405.0,500000.0,6,474,3344044.0,0.0,1258299.0,506249.0,Rejected
5200,3,Not Graduate,Yes,607783.0,970000.0,36,751,2414876.0,1316633.0,61418.0,925403.0,Approved
5201,3,Graduate,No,2770782.0,7290000.0,12,465,21035482.0,0.0,3712055.0,3338286.0,Approved
5202,2,Not Graduate,No,829691.0,620000.0,48,621,1423110.0,0.0,55186.0,1016959.0,Approved
5203,1,Graduate,No,1304492.0,3120000.0,60,868,997173.0,0.0,1124553.0,1832871.0,Approved
5204,0,Not Graduate,No,501619.0,310000.0,48,776,2812590.0,0.0,137705.0,339271.0,Approved
5205,1,Graduate,No,1661419.0,4560000.0,18,678,10832068.0,0.0,1082547.0,1999740.0,Approved
5206,2,Not Graduate,Yes,676592.0,490000.0,12,698,3549519.0,484038.0,300926.0,305806.0,Approved
5207,1,Graduate,Yes,1760277.0,4550000.0,6,606,4285385.0,2612577.0,2107491.0,2685185.0,Approved
5208,1,Graduate,Yes,672838.0,1230000.0,12,697,424507.0,567200.0,227764.0,1216612.0,Approved
5209,2,Graduate,No,817217.0,710000.0,18,559,2636708.0,0.0,954351.0,1096443.0,Rejected
5210,0,Graduate,Yes,1793021.0,1210000.0,6,706,5918615.0,4006424.0,2470403.0,3492896.0,Approved
5211,1,Not Graduate,No,1319576.0,2880000.0,12,518,8092090.0,0.0,616770.0,1429694.0,Rejected
5212,0,Graduate,Yes,1009511.0,1370000.0,24,341,5899078.0,1717465.0,1243548.0,932321.0,Rejected
5213,3,Graduate,No,659191.0,1570000.0,12,576,3767986.0,0.0,284349.0,336291.0,Approved
5214,1,Graduate,No,480000.0,890000.0,36,598,313070.0,0.0,636878.0,120394.0,Rejected
5215,1,Graduate,Yes,1021653.0,1280000.0,24,797,7206052.0,462407.0,1002542.0,632654.0,Approved
5216,2,Not Graduate,No,494710.0,470000.0,48,523,1366791.0,0.0,620443.0,175500.0,Approved
5217,0,Not Graduate,No,551563.0,820000.0,60,532,3175615.0,0.0,762643.0,425775.0,Rejected
5218,0,Not Graduate,Yes,1133883.0,750000.0,48,477,8340719.0,3467079.0,1176167.0,2159716.0,Rejected
5219,1,Graduate,No,796418.0,1510000.0,24,645,3119421.0,0.0,1011252.0,916625.0,Approved
5220,1,Not Graduate,No,677331.0,890000.0,36,686,2517043.0,0.0,741512.0,296113.0,Rejected
5221,1,Graduate,No,2374082.0,3180000.0,6,514,8105488.0,0.0,3237326.0,1733999.0,Approved
5222,0,Not Graduate,No,787797.0,1240000.0,6,587,1595024.0,0.0,1124657.0,1435989.0,Approved
5223,3,Not Graduate,No,1750437.0,4280000.0,36,410,13123236.0,0.0,175744.0,2498724.0,Rejected
5224,0,Graduate,Yes,776246.0,1350000.0,36,669,5964400.0,626016.0,165206.0,877057.0,Approved
5225,2,Graduate,No,1195355.0,1540000.0,60,424,6472071.0,0.0,994346.0,196732.0,Rejected
5226,0,Graduate,No,480000.0,900000.0,24,758,3820705.0,0.0,643091.0,51106.0,Approved
5227,0,Not Graduate,No,943461.0,1530000.0,24,597,6244029.0,0.0,1065135.0,981197.0,Approved
5228,2,Graduate,Yes,2793437.0,2830000.0,12,506,17514187.0,9152476.0,3201873.0,3740880.0,Approved
5229,3,Graduate,No,1623854.0,1240000.0,18,694,4833703.0,0.0,341279.0,3120006.0,Approved
5230,1,Not Graduate,No,816583.0,910000.0,36,752,5809749.0,0.0,400370.0,513860.0,Approved
5231,3,Not Graduate,No,480000.0,320000.0,24,484,3800253.0,0.0,503476.0,431271.0,Rejected
5232,3,Not Graduate,No,1719075.0,3640000.0,12,442,1131820.0,0.0,1712638.0,2526176.0,Approved
5233,3,Graduate,Yes,480000.0,770000.0,36,447,1586513.0,755074.0,511794.0,294914.0,Rejected
5234,2,Graduate,No,824418.0,2180000.0,24,881,487923.0,0.0,813679.0,475692.0,Approved
5235,1,Graduate,No,1890555.0,710000.0,48,716,7955211.0,0.0,2072197.0,2853803.0,Approved
5236,1,Graduate,No,1017751.0,960000.0,12,567,1564802.0,0.0,1483387.0,313781.0,Approved
5237,1,Not Graduate,No,795423.0,1080000.0,12,649,5257884.0,0.0,1154908.0,1555272.0,Approved
5238,3,Graduate,Yes,480000.0,730000.0,36,600,3737116.0,1443057.0,238372.0,459336.0,Rejected
5239,0,Not Graduate,No,1430325.0,960000.0,6,604,3328574.0,0.0,772573.0,2304367.0,Rejected
5240,1,Graduate,No,986652.0,1950000.0,18,574,3323922.0,0.0,1083396.0,392399.0,Rejected
5241,0,Not Graduate,No,480000.0,640000.0,24,751,2509385.0,0.0,716421.0,954614.0,Approved
5242,1,Not Graduate,No,761943.0,620000.0,18,461,1985124.0,0.0,808302.0,1455739.0,Approved
5243,1,Graduate,No,1925268.0,4380000.0,18,689,6100568.0,0.0,881462.0,944891.0,Rejected
5244,2,Graduate,No,1088760.0,2690000.0,12,493,6647481.0,0.0,496333.0,236565.0,Rejected
5245,1,Not Graduate,No,1196325.0,3080000.0,24,576,3740991.0,0.0,1162875.0,1174599.0,Rejected
5246,1,Graduate,No,1010457.0,2390000.0,36,673,4905802.0,0.0,1135889.0,1922719.0,Approved
5247,2,Graduate,No,938170.0,1520000.0,18,509,4800720.0,0.0,765351.0,211053.0,Rejected
5248,1,Not Graduate,No,1245754.0,2680000.0,24,696,4936742.0,0.0,708840.0,2438032.0,Rejected
5249,1,Graduate,Yes,715731.0,850000.0,60,467,2699026.0,2259570.0,137606.0,1289142.0,Approved
5250,1,Not Graduate,Yes,839119.0,540000.0,24,900,6496541.0,2381099.0,747045.0,453020.0,Approved
5251,3,Graduate,No,1230337.0,3330000.0,48,598,8227025.0,0.0,1034906.0,1390935.0,Approved
5252,0,Graduate,Yes,938895.0,510000.0,18,507,2142465.0,2616532.0,424125.0,96329.0,Approved
5253,1,Not Graduate,Yes,1007872.0,2530000.0,24,586,6159350.0,2872574.0,639273.0,266213.0,Rejected
5254,2,Graduate,No,1079297.0,1360000.0,6,547,1517738.0,0.0,1463758.0,1209511.0,Approved
5255,1,Not Graduate,Yes,480000.0,410000.0,24,812,3482847.0,1505956.0,565166.0,211437.0,Approved
5256,1,Not Graduate,No,1404648.0,1430000.0,12,671,4072914.0,0.0,528186.0,2333784.0,Approved
5257,0,Not Graduate,Yes,1385137.0,3070000.0,48,522,8872124.0,4094278.0,1761804.0,1219936.0,Rejected
5258,4,Graduate,Yes,1252000.0,510000.0,36,588,931060.0,1763238.0,169432.0,2422178.0,Rejected
5259,2,Not Graduate,No,2351547.0,2260000.0,24,660,8459383.0,0.0,2357948.0,3259781.0,Approved
5260,0,Not Graduate,No,932059.0,1030000.0,48,766,1543833.0,0.0,362984.0,1389113.0,Rejected
5261,1,Not Graduate,Yes,2009604.0,2090000.0,60,538,2267957.0,7292413.0,2300883.0,2828567.0,Approved
5262,0,Not Graduate,Yes,893290.0,1840000.0,60,556,773759.0,2746408.0,811194.0,554541.0,Approved
5263,1,Graduate,No,996059.0,510000.0,6,536,3068709.0,0.0,1277327.0,825286.0,Approved
5264,3,Graduate,Yes,1445809.0,2700000.0,24,900,5007250.0,3745899.0,79931.0,2027872.0,Approved
5265,3,Not Graduate,No,791949.0,1180000.0,12,535,2346455.0,0.0,1152627.0,1373245.0,Rejected
5266,2,Not Graduate,No,1189703.0,1790000.0,24,710,6775567.0,0.0,599153.0,1385506.0,Approved
5267,1,Not Graduate,Yes,2305044.0,1910000.0,48,741,16190136.0,5102059.0,422108.0,2839066.0,Approved
5268,2,Not Graduate,Yes,981258.0,1090000.0,60,548,6167231.0,2873785.0,1423746.0,1046568.0,Rejected
5269,1,Graduate,No,650037.0,1950000.0,18,658,5180442.0,0.0,132860.0,349549.0,Rejected
5270,0,Not Graduate,No,699993.0,1010000.0,6,541,4035491.0,0.0,244094.0,556431.0,Rejected
5271,1,Graduate,No,745530.0,1750000.0,12,551,3997671.0,0.0,342336.0,749859.0,Approved
5272,4,Not Graduate,Yes,2246371.0,4070000.0,6,693,9217634.0,2223757.0,126923.0,2445347.0,Approved
5273,4,Not Graduate,Yes,2299188.0,4650000.0,60,477,10178193.0,7511355.0,1179365.0,3320875.0,Rejected
5274,0,Not Graduate,No,3654296.0,4330000.0,60,889,6144736.0,0.0,1904418.0,2851068.0,Approved
5275,0,Graduate,No,1257378.0,930000.0,36,539,9249043.0,0.0,183430.0,1376010.0,Approved
5276,1,Not Graduate,No,930916.0,2170000.0,36,562,5718927.0,0.0,1035171.0,884071.0,Approved
5277,1,Not Graduate,Yes,1752911.0,1790000.0,36,653,13541141.0,2681382.0,689094.0,1610891.0,Approved
5278,1,Graduate,No,1052216.0,2750000.0,24,780,1574134.0,0.0,1238571.0,552802.0,Approved
5279,2,Not Graduate,Yes,2419079.0,3820000.0,60,716,16057444.0,2657116.0,1814266.0,821473.0,Approved
5280,1,Not Graduate,No,1140965.0,1670000.0,24,654,2451662.0,0.0,668733.0,1486406.0,Rejected
5281,1,Graduate,No,1377126.0,2430000.0,6,900,6183445.0,0.0,529680.0,692191.0,Approved
5282,4,Not Graduate,No,1860535.0,3510000.0,18,630,11428172.0,0.0,2603632.0,1206292.0,Approved
5283,1,Not Graduate,No,2289035.0,3450000.0,60,826,17634314.0,0.0,2452603.0,3326592.0,Approved
5284,0,Graduate,No,671910.0,1500000.0,24,618,4624750.0,0.0,223400.0,698318.0,Approved
5285,0,Not Graduate,No,1874631.0,3040000.0,48,603,14753869.0,0.0,2681976.0,3388159.0,Rejected
5286,1,Not Graduate,No,1283845.0,1280000.0,12,608,5257650.0,0.0,526331.0,1997913.0,Approved
5287,4,Graduate,No,480000.0,870000.0,60,660,3284962.0,0.0,56814.0,295452.0,Rejected
5288,2,Graduate,Yes,891210.0,2180000.0,36,532,1569966.0,2542389.0,80923.0,753575.0,Rejected
5289,2,Graduate,No,1529791.0,3010000.0,24,414,11131365.0,0.0,580514.0,358678.0,Approved
5290,1,Graduate,No,1171274.0,1580000.0,12,533,4016225.0,0.0,1754011.0,192999.0,Rejected
5291,0,Graduate,No,818194.0,1900000.0,24,766,2073159.0,0.0,222995.0,452042.0,Approved
5292,0,Graduate,No,1695368.0,4280000.0,24,628,6072196.0,0.0,1816941.0,1727732.0,Approved
5293,1,Not Graduate,No,3141538.0,5410000.0,36,677,21210420.0,0.0,2487314.0,1849886.0,Approved
5294,3,Graduate,No,702466.0,810000.0,24,799,598120.0,0.0,699208.0,189138.0,Rejected
5295,2,Graduate,No,1920873.0,3960000.0,12,604,8542711.0,0.0,1899583.0,2826079.0,Approved
5296,3,Not Graduate,No,639809.0,1180000.0,18,784,2019529.0,0.0,733375.0,470333.0,Approved
5297,2,Not Graduate,No,1198900.0,2070000.0,6,732,4822841.0,0.0,1414215.0,1312564.0,Approved
5298,3,Graduate,No,1450192.0,1320000.0,18,668,5152115.0,0.0,1606238.0,1851324.0,Approved
5299,3,Graduate,No,840340.0,940000.0,18,477,1198253.0,0.0,98899.0,839827.0,Rejected
5300,2,Graduate,No,1145650.0,2180000.0,6,650,5671588.0,0.0,174031.0,395617.0,Rejected
5301,0,Not Graduate,Yes,1432723.0,2130000.0,18,636,3470272.0,5708398.0,2042168.0,1352567.0,Approved
5302,1,Graduate,Yes,1042406.0,1100000.0,18,645,7712484.0,4113749.0,511189.0,1964346.0,Approved
5303,0,Not Graduate,No,480000.0,1100000.0,12,608,962188.0,0.0,242125.0,539818.0,Approved
5304,1,Not Graduate,No,1636537.0,3430000.0,18,511,4429672.0,0.0,1025908.0,2253013.0,Rejected
5305,4,Not Graduate,Yes,1918039.0,2890000.0,12,669,14765087.0,3447552.0,2519088.0,1840240.0,Approved
5306,2,Graduate,Yes,632159.0,1680000.0,6,789,1474911.0,1026713.0,871096.0,1048948.0,Approved
5307,0,Not Graduate,No,3594412.0,4710000.0,12,515,22699500.0,0.0,1584229.0,7173660.0,Approved
5308,0,Graduate,Yes,480000.0,300000.0,12,675,2478409.0,1842758.0,227581.0,947168.0,Approved
5309,1,Not Graduate,Yes,993204.0,1310000.0,12,740,818467.0,3436018.0,1413846.0,937188.0,Approved
5310,0,Graduate,Yes,1257558.0,760000.0,36,528,10058454.0,2393642.0,1821833.0,1106340.0,Approved
5311,3,Not Graduate,No,724776.0,780000.0,12,424,4892696.0,0.0,1083584.0,1411907.0,Rejected
5312,0,Graduate,No,953751.0,1480000.0,36,900,7405600.0,0.0,622983.0,746177.0,Approved
5313,3,Not Graduate,No,1195421.0,1520000.0,48,453,1379411.0,0.0,192998.0,551535.0,Rejected
5314,1,Not Graduate,Yes,480000.0,280000.0,12,511,3398116.0,129651.0,127446.0,432531.0,Rejected
5315,0,Graduate,No,777922.0,670000.0,18,717,2142380.0,0.0,59686.0,1124898.0,Approved
5316,1,Not Graduate,No,1058058.0,1850000.0,12,627,4344355.0,0.0,1280418.0,1743489.0,Approved
5317,1,Not Graduate,Yes,1383726.0,2260000.0,12,679,8630727.0,2696640.0,1931792.0,618300.0,Approved
5318,0,Not Graduate,No,507418.0,830000.0,48,590,2132857.0,0.0,586175.0,122498.0,Rejected
5319,3,Graduate,No,1449259.0,2180000.0,48,850,2269183.0,0.0,1716312.0,1911641.0,Approved
5320,1,Not Graduate,No,542109.0,1570000.0,48,619,416712.0,0.0,734525.0,263415.0,Rejected
5321,1,Not Graduate,No,1097249.0,1350000.0,6,655,2753360.0,0.0,980986.0,517399.0,Rejected
5322,0,Graduate,No,844778.0,2170000.0,6,627,6201275.0,0.0,691415.0,500110.0,Rejected
5323,2,Not Graduate,No,1859461.0,3640000.0,24,695,12160780.0,0.0,2462274.0,3461745.0,Approved
5324,2,Graduate,Yes,979291.0,920000.0,48,663,5257796.0,372996.0,278893.0,902868.0,Rejected
5325,0,Not Graduate,Yes,480000.0,640000.0,24,547,1121376.0,883785.0,336243.0,471324.0,Approved
5326,1,Graduate,No,1834974.0,3870000.0,24,415,14130304.0,0.0,836439.0,1930474.0,Approved
5327,1,Graduate,Yes,727059.0,1030000.0,24,657,4167457.0,2021948.0,246925.0,482568.0,Rejected
5328,0,Graduate,No,950407.0,780000.0,36,692,5229053.0,0.0,948809.0,637980.0,Approved
5329,3,Not Graduate,Yes,1955117.0,3630000.0,12,712,12583605.0,221952.0,2667583.0,290154.0,Approved
5330,1,Not Graduate,Yes,2264305.0,5310000.0,48,541,8188593.0,1017051.0,1052108.0,4375149.0,Approved
5331,1,Not Graduate,No,1324933.0,770000.0,6,692,6812094.0,0.0,97465.0,1459757.0,Approved
5332,1,Graduate,No,2271559.0,2790000.0,36,593,16747545.0,0.0,1452689.0,2268557.0,Approved
5333,2,Graduate,No,808477.0,460000.0,36,518,4322662.0,0.0,233607.0,773477.0,Rejected
5334,2,Graduate,No,1859789.0,2120000.0,24,490,6942843.0,0.0,2626982.0,2062602.0,Rejected
5335,1,Graduate,No,1449884.0,3520000.0,6,725,7787281.0,0.0,1254078.0,1412169.0,Rejected
5336,2,Graduate,No,1151498.0,1730000.0,24,619,3883840.0,0.0,224258.0,1626813.0,Approved
5337,2,Not Graduate,Yes,1611546.0,1950000.0,24,748,6964391.0,469221.0,1812904.0,1905871.0,Approved
5338,2,Not Graduate,Yes,1422908.0,1470000.0,12,608,8930839.0,3512205.0,552751.0,1000840.0,Rejected
5339,1,Not Graduate,Yes,581842.0,550000.0,24,687,2135938.0,1293226.0,635472.0,301236.0,Approved
5340,0,Not Graduate,No,1795822.0,4800000.0,12,597,5362034.0,0.0,1245778.0,1032282.0,Rejected
5341,0,Not Graduate,No,674225.0,390000.0,48,479,4946716.0,0.0,889987.0,684271.0,Approved
5342,2,Not Graduate,No,588533.0,1470000.0,18,706,2212973.0,0.0,64008.0,63995.0,Rejected
5343,4,Graduate,No,1017554.0,760000.0,12,641,5218748.0,0.0,1224431.0,1182864.0,Approved
5344,2,Not Graduate,No,748338.0,350000.0,24,467,5341593.0,0.0,441648.0,1118736.0,Rejected
5345,1,Graduate,No,2981059.0,6830000.0,24,613,22639874.0,0.0,817050.0,1079165.0,Approved
5346,0,Graduate,No,748818.0,1070000.0,12,754,4366212.0,0.0,565422.0,1316482.0,Approved
5347,4,Graduate,No,1357183.0,890000.0,48,645,3649348.0,0.0,900514.0,1923826.0,Approved
5348,1,Graduate,No,891192.0,560000.0,12,683,5370745.0,0.0,482723.0,512429.0,Approved
5349,4,Graduate,No,1375822.0,1930000.0,36,482,10208411.0,0.0,694795.0,1661335.0,Rejected
5350,4,Not Graduate,Yes,1753161.0,3390000.0,36,531,13846626.0,52363.0,1948884.0,2097874.0,Rejected
5351,1,Not Graduate,No,757421.0,310000.0,12,596,2110095.0,0.0,714260.0,95728.0,Approved
5352,2,Graduate,No,1220748.0,1110000.0,18,505,5334438.0,0.0,1704240.0,776439.0,Approved
5353,4,Not Graduate,No,4113349.0,7850000.0,36,510,16118782.0,0.0,5469622.0,5531138.0,Approved
5354,1,Graduate,No,2082680.0,1620000.0,18,439,3912654.0,0.0,610687.0,3486209.0,Rejected
5355,2,Graduate,Yes,480000.0,800000.0,12,387,3392889.0,1876190.0,715923.0,120726.0,Rejected
5356,2,Not Graduate,No,996938.0,1420000.0,36,563,667224.0,0.0,365324.0,1310968.0,Rejected
5357,3,Graduate,No,623053.0,1790000.0,36,565,3069708.0,0.0,325506.0,460912.0,Approved
5358,3,Not Graduate,No,1825083.0,1260000.0,24,735,6709194.0,0.0,706641.0,3421655.0,Approved
5359,0,Graduate,No,1176390.0,3610000.0,18,627,2172503.0,0.0,1133754.0,2232707.0,Rejected
5360,1,Not Graduate,No,995386.0,1830000.0,18,650,2255402.0,0.0,1413607.0,137135.0,Rejected
5361,1,Not Graduate,No,1038431.0,2320000.0,48,740,844348.0,0.0,1202220.0,480363.0,Approved
5362,0,Not Graduate,Yes,2979668.0,3670000.0,24,776,9405428.0,9217326.0,2756326.0,1601846.0,Approved
5363,3,Not Graduate,No,884144.0,1490000.0,18,512,1678775.0,0.0,914114.0,285256.0,Rejected
5364,0,Not Graduate,No,3137626.0,6490000.0,18,565,16231200.0,0.0,580623.0,2682251.0,Rejected
5365,3,Graduate,No,1748230.0,3710000.0,48,643,11012611.0,0.0,1720411.0,742597.0,Rejected
5366,1,Graduate,Yes,1799885.0,4850000.0,60,728,9773275.0,1627091.0,2232076.0,2622007.0,Approved
5367,1,Graduate,No,904162.0,2430000.0,48,589,2866460.0,0.0,805260.0,1345980.0,Rejected
5368,0,Graduate,No,1304462.0,3540000.0,12,591,4074694.0,0.0,1689091.0,2171060.0,Approved
5369,2,Graduate,Yes,1525879.0,1980000.0,48,385,9460615.0,2096114.0,1289748.0,1686334.0,Rejected
5370,0,Not Graduate,Yes,1459063.0,2310000.0,60,431,6034517.0,3293447.0,102054.0,1991890.0,Rejected
5371,1,Graduate,No,1333661.0,1140000.0,12,478,4375419.0,0.0,1048261.0,689809.0,Approved
5372,0,Not Graduate,No,2744430.0,6530000.0,48,710,7211316.0,0.0,3194273.0,3624157.0,Approved
5373,0,Graduate,No,1068886.0,2670000.0,24,617,7950371.0,0.0,993692.0,1051831.0,Approved
5374,1,Graduate,No,1101550.0,540000.0,36,417,7648272.0,0.0,1581781.0,1204119.0,Approved
5375,1,Graduate,No,1809538.0,2590000.0,12,848,11814978.0,0.0,2323700.0,352197.0,Approved
5376,3,Not Graduate,Yes,1073313.0,1860000.0,18,704,5332417.0,1215505.0,927040.0,1734714.0,Approved
5377,1,Not Graduate,Yes,1124502.0,2120000.0,12,428,674841.0,1621300.0,931286.0,1716005.0,Rejected
5378,1,Not Graduate,No,955249.0,580000.0,18,734,4507084.0,0.0,1079560.0,408454.0,Approved
5379,2,Graduate,Yes,578395.0,1170000.0,24,592,1127993.0,1682081.0,634455.0,1003397.0,Approved
5380,0,Not Graduate,No,1743744.0,1020000.0,36,540,3572181.0,0.0,2490323.0,315895.0,Approved
5381,3,Not Graduate,Yes,1749017.0,3240000.0,48,498,13935394.0,6066274.0,591212.0,2870083.0,Approved
5382,0,Graduate,No,489117.0,670000.0,36,665,855214.0,0.0,390392.0,121815.0,Approved
5383,1,Not Graduate,No,1682984.0,2930000.0,36,471,5527226.0,0.0,1040064.0,953826.0,Rejected
5384,1,Not Graduate,Yes,1242681.0,1640000.0,18,663,8670476.0,406770.0,1016753.0,1731506.0,Approved
5385,1,Not Graduate,No,2552017.0,1150000.0,6,665,3771402.0,0.0,1067788.0,2675548.0,Approved
5386,0,Not Graduate,Yes,1419845.0,3340000.0,60,608,7511504.0,898970.0,943973.0,1427327.0,Approved
5387,0,Graduate,No,645265.0,1110000.0,48,602,4040502.0,0.0,312389.0,281357.0,Approved
5388,0,Graduate,No,1031724.0,570000.0,24,552,3593361.0,0.0,1509270.0,1194826.0,Approved
5389,0,Graduate,Yes,826367.0,830000.0,24,768,4477452.0,3182795.0,668513.0,617896.0,Approved
5390,0,Not Graduate,No,1939538.0,4610000.0,18,625,3753921.0,0.0,2732896.0,606282.0,Approved
5391,2,Not Graduate,No,480000.0,210000.0,24,655,2158782.0,0.0,50566.0,154474.0,Approved
5392,4,Graduate,Yes,1155183.0,2890000.0,12,630,8716033.0,1198912.0,555404.0,1729733.0,Approved
5393,3,Not Graduate,No,1787220.0,2750000.0,12,667,11130805.0,0.0,2416867.0,832569.0,Rejected
5394,2,Not Graduate,No,480000.0,690000.0,18,708,1672364.0,0.0,50000.0,166746.0,Approved
5395,0,Not Graduate,No,768843.0,640000.0,12,708,5985398.0,0.0,470463.0,936392.0,Approved
5396,1,Graduate,No,685266.0,1540000.0,36,631,3989443.0,0.0,981279.0,1135924.0,Approved
5397,1,Graduate,No,2092088.0,2070000.0,18,397,1165913.0,0.0,542212.0,2211470.0,Rejected
5398,0,Not Graduate,No,2425149.0,990000.0,60,609,13122507.0,0.0,1821112.0,744475.0,Approved
5399,2,Not Graduate,No,890624.0,740000.0,36,523,7053085.0,0.0,383846.0,495557.0,Rejected
5400,0,Graduate,No,1110921.0,2900000.0,18,640,7803892.0,0.0,484803.0,2123217.0,Rejected
5401,1,Not Graduate,No,1498320.0,3250000.0,18,505,11325560.0,0.0,1871601.0,2546673.0,Rejected
5402,0,Graduate,No,1708247.0,860000.0,18,767,10974176.0,0.0,996941.0,1985943.0,Approved
5403,2,Graduate,No,674344.0,1290000.0,24,836,690363.0,0.0,638399.0,1290087.0,Approved
5404,2,Not Graduate,No,1027879.0,1210000.0,24,564,3451494.0,0.0,307238.0,1656708.0,Approved
5405,1,Graduate,Yes,1055707.0,1950000.0,12,592,869290.0,2039435.0,1105527.0,1135826.0,Rejected
5406,3,Not Graduate,No,1397196.0,1040000.0,24,547,1802812.0,0.0,483258.0,182302.0,Rejected
5407,0,Not Graduate,No,1537455.0,1830000.0,6,507,905438.0,0.0,588841.0,578703.0,Rejected
5408,0,Graduate,Yes,514780.0,300000.0,24,455,997846.0,1565653.0,472249.0,448851.0,Rejected
5409,1,Graduate,No,1106225.0,1480000.0,24,539,6018371.0,0.0,1646589.0,2115666.0,Approved
5410,2,Not Graduate,No,1182673.0,2790000.0,24,590,5674007.0,0.0,695983.0,1437803.0,Rejected
5411,3,Graduate,No,1091369.0,2560000.0,60,711,7166282.0,0.0,1583346.0,445039.0,Approved
5412,1,Graduate,No,1097033.0,1700000.0,6,682,8401030.0,0.0,509982.0,2059224.0,Approved
5413,0,Graduate,No,728375.0,1590000.0,24,584,602429.0,0.0,711554.0,626466.0,Approved
5414,1,Not Graduate,No,835779.0,1110000.0,18,294,5187070.0,0.0,472336.0,119445.0,Rejected
5415,3,Graduate,No,480000.0,180000.0,60,900,3460950.0,0.0,440662.0,647275.0,Approved
5416,0,Graduate,Yes,2905764.0,6590000.0,48,659,20366728.0,9956544.0,1829441.0,2659170.0,Approved
5417,2,Graduate,No,821317.0,1960000.0,24,529,3193941.0,0.0,1085430.0,182713.0,Approved
5418,2,Graduate,No,683305.0,2100000.0,12,592,3316435.0,0.0,607380.0,884349.0,Approved
5419,2,Not Graduate,No,1266155.0,1990000.0,18,553,2967279.0,0.0,397552.0,2312269.0,Approved
5420,1,Not Graduate,No,1809912.0,3320000.0,48,562,8626014.0,0.0,2064341.0,475093.0,Rejected
5421,0,Not Graduate,No,654012.0,1430000.0,18,831,2919745.0,0.0,297971.0,611198.0,Approved
5422,2,Graduate,No,1935326.0,3880000.0,24,556,13109672.0,0.0,2484701.0,1256770.0,Rejected
5423,2,Graduate,Yes,3730882.0,2370000.0,24,607,9121676.0,6255693.0,521581.0,3756096.0,Approved
5424,1,Graduate,Yes,2891880.0,3770000.0,12,700,10903164.0,5728343.0,4310071.0,1104045.0,Rejected
5425,0,Not Graduate,No,1376519.0,2740000.0,18,514,4960760.0,0.0,1913069.0,500790.0,Rejected
5426,0,Graduate,No,734445.0,1570000.0,12,669,2878851.0,0.0,366973.0,1279517.0,Approved
5427,2,Graduate,Yes,2048335.0,3480000.0,18,749,14772371.0,2770330.0,2053781.0,2562657.0,Approved
5428,1,Not Graduate,No,934643.0,920000.0,24,488,973489.0,0.0,1210538.0,840528.0,Rejected
5429,2,Not Graduate,Yes,1085194.0,1950000.0,18,875,913755.0,3775137.0,851421.0,777237.0,Approved
5430,0,Graduate,No,1028406.0,2520000.0,18,565,7798522.0,0.0,1337911.0,485439.0,Approved
5431,3,Graduate,No,1050544.0,1850000.0,18,513,5285962.0,0.0,766952.0,1313896.0,Rejected
5432,3,Not Graduate,Yes,1934591.0,4010000.0,24,649,8622603.0,195999.0,910670.0,3669957.0,Approved
5433,4,Graduate,Yes,1963928.0,3220000.0,12,838,6086554.0,3908736.0,182691.0,794081.0,Approved
5434,2,Not Graduate,No,1888453.0,2730000.0,18,556,1802393.0,0.0,1471072.0,2129725.0,Approved
5435,1,Graduate,No,1333242.0,460000.0,18,560,8178081.0,0.0,1145442.0,762078.0,Rejected
5436,1,Not Graduate,No,2145309.0,4410000.0,18,525,2170419.0,0.0,2439188.0,3348084.0,Rejected
5437,0,Graduate,Yes,959114.0,2530000.0,18,702,6527861.0,634201.0,1277205.0,767895.0,Rejected
5438,4,Not Graduate,No,573680.0,790000.0,12,642,1303431.0,0.0,451387.0,719137.0,Approved
5439,2,Graduate,No,1193140.0,3030000.0,12,544,4498690.0,0.0,351935.0,1609002.0,Approved
5440,0,Graduate,No,686472.0,830000.0,24,621,3305967.0,0.0,899119.0,724912.0,Approved
5441,1,Graduate,No,2384107.0,4290000.0,12,613,12967244.0,0.0,3299696.0,713550.0,Approved
5442,0,Graduate,No,895150.0,1080000.0,36,579,6308378.0,0.0,756067.0,1326570.0,Approved
5443,0,Not Graduate,No,480000.0,820000.0,12,890,1412321.0,0.0,710422.0,768721.0,Approved
5444,2,Graduate,No,929984.0,450000.0,12,730,2646938.0,0.0,556372.0,775590.0,Approved
5445,1,Not Graduate,No,1623190.0,2550000.0,12,880,4120179.0,0.0,2020973.0,1352723.0,Rejected
5446,2,Graduate,No,480000.0,470000.0,48,602,3134950.0,0.0,431261.0,634123.0,Rejected
5447,0,Graduate,Yes,2711260.0,5900000.0,36,640,16681786.0,9488261.0,3136344.0,4561900.0,Approved
5448,4,Graduate,No,543674.0,990000.0,24,605,2929998.0,0.0,219756.0,319512.0,Approved
5449,3,Graduate,No,1129442.0,630000.0,48,457,2453222.0,0.0,1282424.0,466637.0,Rejected
5450,1,Graduate,No,1265646.0,2840000.0,36,504,1336475.0,0.0,290082.0,290037.0,Rejected
5451,1,Graduate,No,1128813.0,1900000.0,18,780,3591470.0,0.0,1007031.0,1108988.0,Approved
5452,2,Graduate,No,1571592.0,4500000.0,48,717,10550289.0,0.0,543948.0,301982.0,Approved
5453,1,Not Graduate,No,1426890.0,530000.0,18,605,9268815.0,0.0,1721424.0,2069815.0,Approved
5454,3,Graduate,No,1224922.0,3020000.0,12,797,725398.0,0.0,99639.0,229085.0,Approved
5455,0,Not Graduate,No,480000.0,580000.0,48,699,3398234.0,0.0,483598.0,507304.0,Approved
5456,1,Not Graduate,Yes,582749.0,680000.0,18,457,930135.0,1058564.0,456465.0,331188.0,Approved
5457,0,Graduate,No,1233333.0,1810000.0,12,606,6118282.0,0.0,1370114.0,1417137.0,Approved
5458,2,Not Graduate,No,1728511.0,3490000.0,24,637,10542514.0,0.0,389566.0,1976303.0,Approved
5459,0,Not Graduate,No,2109221.0,6100000.0,36,454,16530990.0,0.0,466751.0,3626706.0,Rejected
5460,1,Not Graduate,No,1139084.0,2950000.0,24,752,7730383.0,0.0,1308800.0,1309112.0,Rejected
5461,2,Not Graduate,No,480000.0,470000.0,24,820,813858.0,0.0,323807.0,205696.0,Approved
5462,1,Graduate,No,480000.0,480000.0,24,771,2226490.0,0.0,87637.0,197743.0,Approved
5463,1,Graduate,No,1139723.0,1240000.0,18,636,767680.0,0.0,253699.0,1879703.0,Approved
5464,0,Graduate,No,543249.0,630000.0,6,675,4243234.0,0.0,481285.0,101430.0,Approved
5465,1,Not Graduate,No,1241235.0,760000.0,36,639,5262206.0,0.0,1104318.0,2284847.0,Approved
5466,2,Graduate,No,2203162.0,3650000.0,12,552,-60442.0,0.0,2577838.0,2098983.0,Approved
5467,1,Graduate,Yes,1100917.0,1720000.0,18,715,7251426.0,2029696.0,529642.0,584716.0,Approved
5468,0,Graduate,No,2211507.0,2440000.0,36,501,7536319.0,0.0,1190241.0,1146769.0,Approved
5469,0,Graduate,No,480000.0,970000.0,12,723,2281994.0,0.0,154235.0,799825.0,Approved
5470,0,Graduate,No,480000.0,640000.0,18,604,2533119.0,0.0,434929.0,191319.0,Approved
5471,2,Graduate,No,746121.0,680000.0,18,624,4241410.0,0.0,720293.0,1073594.0,Rejected
5472,0,Not Graduate,No,682119.0,1020000.0,12,575,3526635.0,0.0,953105.0,1156439.0,Rejected
5473,1,Not Graduate,No,745476.0,2000000.0,6,605,5172760.0,0.0,250512.0,134945.0,Approved
5474,2,Not Graduate,No,1296180.0,1440000.0,24,692,1672336.0,0.0,372046.0,1359630.0,Approved
5475,0,Graduate,No,1430847.0,3820000.0,36,695,4642488.0,0.0,1120603.0,1209656.0,Approved
5476,3,Not Graduate,No,943619.0,2270000.0,12,650,5054262.0,0.0,1178321.0,1788516.0,Approved
5477,1,Not Graduate,No,700315.0,1610000.0,48,810,2858460.0,0.0,710677.0,870418.0,Approved
5478,0,Graduate,No,680896.0,290000.0,24,592,4994940.0,0.0,727638.0,778436.0,Approved
5479,0,Graduate,No,578592.0,1070000.0,60,706,1009951.0,0.0,744701.0,813637.0,Approved
5480,0,Not Graduate,No,1898625.0,3360000.0,12,463,7686671.0,0.0,282445.0,1486884.0,Rejected
5481,0,Graduate,No,7927036.0,2880000.0,36,610,47622821.0,0.0,10959695.0,12746058.0,Approved
5482,1,Not Graduate,No,2205547.0,4830000.0,24,469,15398906.0,0.0,371191.0,2036958.0,Rejected
5483,0,Graduate,Yes,599627.0,1200000.0,18,617,3891012.0,1310026.0,536686.0,163429.0,Approved
5484,1,Graduate,No,480000.0,350000.0,36,524,-164327.0,0.0,489358.0,368731.0,Approved
5485,0,Not Graduate,No,968092.0,1160000.0,24,478,5645598.0,0.0,576864.0,171229.0,Rejected
5486,2,Not Graduate,No,765840.0,1590000.0,60,566,5237965.0,0.0,290826.0,755369.0,Approved
5487,1,Graduate,No,708265.0,430000.0,6,732,2121351.0,0.0,175983.0,104815.0,Approved
5488,4,Not Graduate,Yes,1009872.0,1230000.0,36,809,4920667.0,103193.0,1488665.0,458591.0,Approved
5489,2,Not Graduate,No,1404288.0,4140000.0,18,583,10511971.0,0.0,330040.0,839974.0,Rejected
5490,2,Graduate,No,1874474.0,4020000.0,24,684,14127609.0,0.0,2119177.0,813978.0,Approved
5491,2,Graduate,Yes,1180559.0,1910000.0,24,717,6786807.0,1072091.0,1422185.0,1282980.0,Approved
5492,2,Not Graduate,No,1058382.0,2000000.0,36,536,7202854.0,0.0,1018587.0,716414.0,Rejected
5493,2,Graduate,No,480000.0,800000.0,12,700,2738065.0,0.0,323380.0,69981.0,Approved
5494,1,Not Graduate,No,2619884.0,3030000.0,12,595,13474254.0,0.0,3494609.0,601072.0,Rejected
5495,1,Graduate,Yes,1038799.0,1710000.0,12,817,3022249.0,993070.0,1332684.0,1608617.0,Approved
5496,4,Not Graduate,No,501767.0,220000.0,12,656,3159003.0,0.0,373245.0,597341.0,Approved
5497,1,Not Graduate,No,2259774.0,4980000.0,12,448,1606288.0,0.0,1373801.0,4155612.0,Rejected
5498,0,Not Graduate,No,1669028.0,3510000.0,18,630,2129830.0,0.0,1603883.0,2297455.0,Approved
5499,1,Not Graduate,No,1085939.0,2130000.0,12,699,2836889.0,0.0,93546.0,1113823.0,Approved
5500,3,Not Graduate,No,678736.0,840000.0,12,494,2433154.0,0.0,181818.0,107657.0,Rejected
5501,3,Graduate,No,1315955.0,450000.0,12,846,3233507.0,0.0,1035240.0,1262237.0,Approved
5502,2,Not Graduate,No,631871.0,800000.0,12,562,3729832.0,0.0,831271.0,210123.0,Rejected
5503,0,Not Graduate,No,1295100.0,3550000.0,18,509,6271390.0,0.0,1002602.0,424592.0,Rejected
5504,1,Graduate,No,1430174.0,3020000.0,24,411,2639460.0,0.0,86572.0,2462574.0,Rejected
5505,3,Graduate,Yes,1549579.0,3340000.0,36,536,4122970.0,2085340.0,360624.0,774020.0,Approved
5506,0,Not Graduate,No,1443373.0,4020000.0,6,472,7741795.0,0.0,1752269.0,1457838.0,Rejected
5507,1,Graduate,No,984033.0,1200000.0,60,538,5387304.0,0.0,1021809.0,856887.0,Rejected
5508,0,Graduate,No,2580684.0,5150000.0,18,402,15291669.0,0.0,957519.0,438310.0,Rejected
5509,3,Not Graduate,Yes,735976.0,400000.0,18,653,1081846.0,1599607.0,1045702.0,387378.0,Approved
5510,2,Graduate,No,771509.0,1990000.0,24,528,4831012.0,0.0,191079.0,1171058.0,Approved
5511,1,Not Graduate,Yes,964530.0,1940000.0,60,543,-154968.0,2487939.0,688366.0,822540.0,Rejected
5512,2,Not Graduate,Yes,1207060.0,690000.0,24,549,3915428.0,3455424.0,499906.0,1451420.0,Approved
5513,2,Not Graduate,No,1098981.0,1900000.0,24,591,4149997.0,0.0,794145.0,112276.0,Rejected
5514,2,Graduate,No,480000.0,810000.0,36,619,3600333.0,0.0,553990.0,143497.0,Approved
5515,2,Graduate,No,1165712.0,1420000.0,24,604,7431510.0,0.0,1415719.0,1951938.0,Rejected
5516,2,Graduate,No,646837.0,1160000.0,36,680,472929.0,0.0,281435.0,565908.0,Rejected
5517,1,Graduate,No,1327604.0,880000.0,12,587,7818029.0,0.0,252233.0,1389901.0,Approved
5518,1,Not Graduate,No,932033.0,660000.0,24,498,610297.0,0.0,1241485.0,1817887.0,Approved
5519,1,Graduate,Yes,997963.0,1130000.0,48,585,4164185.0,431232.0,275956.0,239244.0,Approved
5520,0,Graduate,No,914755.0,2110000.0,36,627,943104.0,0.0,68506.0,1626853.0,Rejected
5521,1,Graduate,Yes,2047141.0,1040000.0,36,387,1783950.0,5425081.0,2421675.0,395297.0,Rejected
5522,0,Not Graduate,Yes,1843037.0,2670000.0,12,649,6081000.0,4785223.0,2591503.0,1893557.0,Approved
5523,2,Not Graduate,No,582545.0,810000.0,18,509,1102973.0,0.0,192384.0,111061.0,Rejected
5524,4,Graduate,No,1269221.0,2310000.0,12,498,9142417.0,0.0,614810.0,1421328.0,Rejected
5525,3,Not Graduate,No,980315.0,1610000.0,48,606,1748900.0,0.0,1020467.0,1568867.0,Approved
5526,2,Graduate,No,1061342.0,1330000.0,24,729,7785643.0,0.0,231332.0,1021342.0,Approved
5527,1,Not Graduate,No,909903.0,1970000.0,6,754,4704458.0,0.0,630663.0,728231.0,Approved
5528,2,Not Graduate,No,2353586.0,4800000.0,24,535,10618602.0,0.0,1630563.0,2839694.0,Rejected
5529,1,Not Graduate,No,2289779.0,5070000.0,6,614,13028219.0,0.0,1676393.0,366785.0,Approved
5530,0,Graduate,Yes,480000.0,470000.0,12,437,604314.0,1820717.0,575585.0,822765.0,Rejected
5531,2,Not Graduate,No,830367.0,1340000.0,6,635,6300703.0,0.0,1189432.0,973832.0,Rejected
5532,2,Graduate,No,2061442.0,3860000.0,60,631,1607768.0,0.0,381986.0,1205687.0,Approved
5533,1,Not Graduate,No,1508821.0,2360000.0,12,614,4144283.0,0.0,875363.0,403830.0,Approved
5534,1,Graduate,Yes,1078074.0,2290000.0,60,599,1963584.0,2292002.0,399799.0,215142.0,Approved
5535,1,Graduate,No,1452507.0,690000.0,60,559,11613711.0,0.0,1161278.0,2439923.0,Approved
5536,1,Graduate,No,1032927.0,720000.0,12,772,1363286.0,0.0,612086.0,336833.0,Rejected
5537,0,Not Graduate,No,2017913.0,1380000.0,48,514,7557503.0,0.0,1983533.0,3731946.0,Approved
5538,0,Not Graduate,No,654865.0,1450000.0,6,528,2109481.0,0.0,856977.0,337336.0,Rejected
5539,3,Graduate,No,638242.0,1320000.0,18,582,781933.0,0.0,669692.0,405090.0,Approved
5540,1,Not Graduate,No,815650.0,2220000.0,12,640,3696724.0,0.0,471637.0,1328772.0,Rejected
5541,4,Not Graduate,Yes,1707888.0,2910000.0,6,630,5424337.0,696343.0,1957855.0,2156914.0,Approved
5542,1,Graduate,Yes,1678416.0,1700000.0,18,662,1213572.0,5856168.0,863247.0,1411011.0,Approved
5543,1,Graduate,No,722539.0,640000.0,12,733,1574114.0,0.0,50264.0,1093240.0,Approved
5544,0,Graduate,No,2162096.0,2640000.0,48,529,12402070.0,0.0,2975439.0,2349736.0,Approved
5545,2,Graduate,Yes,506891.0,1070000.0,18,456,2073820.0,1735194.0,430634.0,142672.0,Rejected
5546,1,Not Graduate,No,2396554.0,4840000.0,12,604,15229660.0,0.0,453712.0,940936.0,Rejected
5547,2,Graduate,No,871465.0,1620000.0,12,634,6780244.0,0.0,685280.0,216731.0,Approved
5548,1,Not Graduate,Yes,1236324.0,2310000.0,24,682,7747968.0,2975224.0,916502.0,193879.0,Approved
5549,2,Not Graduate,Yes,676137.0,830000.0,12,562,883006.0,1492287.0,183299.0,260740.0,Approved
5550,1,Not Graduate,No,713296.0,1510000.0,12,514,1762735.0,0.0,402602.0,330332.0,Rejected
5551,1,Not Graduate,No,837439.0,2030000.0,12,664,4224526.0,0.0,229683.0,554123.0,Approved
5552,4,Graduate,Yes,879804.0,1030000.0,12,534,5616377.0,1014565.0,772959.0,973810.0,Approved
5553,2,Not Graduate,No,1550909.0,470000.0,36,611,5815533.0,0.0,1530519.0,2598386.0,Approved
5554,0,Not Graduate,No,2567461.0,4450000.0,12,554,1654776.0,0.0,795075.0,1032217.0,Approved
5555,3,Graduate,No,2195440.0,2050000.0,18,472,6622893.0,0.0,640368.0,1161557.0,Approved
5556,2,Not Graduate,No,2788437.0,3230000.0,12,765,21310009.0,0.0,830495.0,5067909.0,Approved
5557,2,Graduate,No,480554.0,310000.0,18,787,2828515.0,0.0,580090.0,145735.0,Approved
5558,3,Not Graduate,Yes,1577317.0,2110000.0,24,724,889417.0,5143416.0,1578758.0,340792.0,Approved
5559,1,Graduate,Yes,480000.0,730000.0,24,531,2356431.0,1390512.0,177839.0,270834.0,Approved
5560,3,Graduate,Yes,777228.0,1780000.0,24,550,4162713.0,625228.0,449772.0,511293.0,Rejected
5561,0,Not Graduate,Yes,620098.0,620000.0,24,676,2101383.0,140568.0,823170.0,685947.0,Approved
5562,2,Graduate,Yes,659015.0,250000.0,12,549,3777000.0,820620.0,776653.0,442963.0,Rejected
5563,0,Graduate,No,3116798.0,1510000.0,36,707,13500437.0,0.0,715200.0,5829838.0,Approved
5564,0,Graduate,No,1340975.0,1200000.0,60,727,2362728.0,0.0,1528672.0,1462629.0,Approved
5565,0,Graduate,Yes,683293.0,880000.0,12,673,3585458.0,3039.0,299496.0,1246711.0,Approved
5566,0,Graduate,No,480000.0,930000.0,48,657,1704350.0,0.0,241568.0,880350.0,Rejected
5567,2,Not Graduate,No,1148562.0,2850000.0,48,565,5808393.0,0.0,608479.0,1833603.0,Approved
5568,1,Not Graduate,No,1139203.0,1090000.0,24,583,1070305.0,0.0,756572.0,600291.0,Approved
5569,3,Not Graduate,No,1787444.0,4380000.0,18,514,6452513.0,0.0,122377.0,3286334.0,Rejected
5570,3,Not Graduate,No,809204.0,600000.0,48,506,6090334.0,0.0,378149.0,598328.0,Approved
5571,0,Not Graduate,No,1699423.0,4630000.0,24,591,2218840.0,0.0,1102795.0,1488937.0,Rejected
5572,2,Not Graduate,No,760652.0,890000.0,48,639,3311851.0,0.0,120683.0,526602.0,Approved
5573,0,Not Graduate,No,1126324.0,2970000.0,36,750,7697479.0,0.0,1136908.0,187511.0,Approved
5574,0,Not Graduate,Yes,1128537.0,2200000.0,36,539,8686712.0,3248163.0,207935.0,142382.0,Rejected
5575,3,Graduate,Yes,1203077.0,3070000.0,48,650,6454323.0,2156129.0,1517920.0,2023104.0,Approved
5576,2,Not Graduate,No,1007033.0,1830000.0,48,763,6672447.0,0.0,339343.0,779821.0,Approved
5577,2,Not Graduate,Yes,897730.0,2440000.0,24,587,3711445.0,39619.0,481774.0,932476.0,Rejected
5578,4,Not Graduate,No,1074945.0,1340000.0,60,502,7283395.0,0.0,1082033.0,153818.0,Approved
5579,1,Graduate,No,3932214.0,10390000.0,60,586,11618387.0,0.0,974167.0,2065108.0,Approved
5580,1,Not Graduate,No,1018478.0,2600000.0,18,431,6328309.0,0.0,215448.0,412670.0,Rejected
5581,1,Graduate,No,1574104.0,4010000.0,12,617,10888807.0,0.0,1091302.0,626812.0,Approved
5582,2,Graduate,No,1545868.0,1700000.0,24,659,3600474.0,0.0,1117976.0,821997.0,Approved
5583,0,Not Graduate,Yes,1066902.0,750000.0,18,625,1123611.0,2757170.0,562894.0,767149.0,Approved
5584,3,Graduate,No,1034455.0,1170000.0,18,900,2693029.0,0.0,367986.0,1118641.0,Approved
5585,2,Not Graduate,No,1070462.0,1760000.0,24,691,4958311.0,0.0,1461499.0,1737035.0,Approved
5586,0,Not Graduate,No,1356676.0,3100000.0,48,740,8556714.0,0.0,1741877.0,2528475.0,Approved
5587,0,Graduate,No,485318.0,760000.0,18,551,2486996.0,0.0,388220.0,155066.0,Rejected
5588,0,Not Graduate,Yes,1197011.0,2310000.0,36,453,3117547.0,3889392.0,280323.0,1285933.0,Approved
5589,0,Graduate,No,1636050.0,3470000.0,60,483,9327082.0,0.0,757063.0,1503862.0,Rejected
5590,1,Graduate,No,671193.0,480000.0,12,670,864765.0,0.0,917913.0,968700.0,Approved
5591,1,Not Graduate,Yes,1022205.0,1770000.0,36,721,7095649.0,1715354.0,535044.0,1391910.0,Approved
5592,1,Not Graduate,No,1081517.0,1740000.0,60,654,1224672.0,0.0,997794.0,135595.0,Rejected
5593,0,Graduate,No,780975.0,1590000.0,18,842,4439072.0,0.0,179029.0,543614.0,Approved
5594,1,Graduate,No,1330737.0,2540000.0,6,456,9621278.0,0.0,1375420.0,883680.0,Rejected
5595,4,Not Graduate,No,740454.0,1590000.0,18,564,1638250.0,0.0,1089388.0,888434.0,Approved
5596,0,Not Graduate,No,1917792.0,4590000.0,36,683,15227741.0,0.0,757282.0,1326707.0,Approved
5597,3,Graduate,No,480000.0,970000.0,24,684,2704397.0,0.0,141853.0,480445.0,Approved
5598,1,Not Graduate,No,1229502.0,2250000.0,12,577,6465295.0,0.0,339764.0,2397385.0,Approved
5599,2,Graduate,No,1015876.0,1420000.0,60,609,1564997.0,0.0,104885.0,1305169.0,Approved
5600,0,Not Graduate,Yes,2132889.0,2570000.0,12,470,11152279.0,6742555.0,3153499.0,3516132.0,Rejected
5601,2,Graduate,No,926739.0,580000.0,48,589,5437733.0,0.0,328582.0,540777.0,Approved
5602,2,Graduate,Yes,1402300.0,2750000.0,24,626,5123890.0,1860769.0,144472.0,673874.0,Rejected
5603,0,Not Graduate,No,884303.0,2190000.0,24,719,525278.0,0.0,854765.0,1227635.0,Approved
5604,0,Graduate,No,2064404.0,3440000.0,18,677,16420777.0,0.0,2453354.0,1865867.0,Approved
5605,3,Graduate,No,1275921.0,1790000.0,48,625,7737832.0,0.0,1847788.0,1674271.0,Approved
5606,0,Not Graduate,Yes,1482774.0,2850000.0,18,535,11029134.0,1534240.0,1675424.0,1774063.0,Approved
5607,1,Not Graduate,Yes,857135.0,1790000.0,6,695,5418688.0,1936262.0,905319.0,995157.0,Approved
5608,0,Graduate,No,1536004.0,3040000.0,18,559,4164541.0,0.0,376900.0,2058792.0,Rejected
5609,1,Not Graduate,Yes,1230631.0,2430000.0,12,796,7143796.0,1625887.0,995088.0,719120.0,Approved
5610,0,Not Graduate,Yes,794902.0,1180000.0,18,567,2692850.0,3088078.0,190434.0,1526528.0,Rejected
5611,1,Not Graduate,No,2497055.0,5440000.0,18,606,7937750.0,0.0,2187577.0,1539098.0,Approved
5612,3,Not Graduate,No,480000.0,350000.0,60,700,1698977.0,0.0,642118.0,840526.0,Approved
5613,3,Graduate,No,874388.0,2010000.0,36,576,6166888.0,0.0,868902.0,1371685.0,Rejected
5614,1,Graduate,No,1237768.0,2030000.0,12,459,6170517.0,0.0,1727255.0,987568.0,Approved
5615,1,Graduate,No,924801.0,690000.0,60,638,5523571.0,0.0,1339779.0,401233.0,Rejected
5616,2,Graduate,No,677729.0,610000.0,36,561,4797841.0,0.0,128376.0,804049.0,Approved
5617,3,Not Graduate,Yes,589722.0,890000.0,12,637,1047060.0,2099919.0,465048.0,83226.0,Rejected
5618,1,Graduate,No,1628998.0,570000.0,6,624,12659557.0,0.0,1216285.0,3183747.0,Approved
5619,1,Not Graduate,No,1294057.0,530000.0,12,560,4054264.0,0.0,892125.0,649129.0,Rejected
5620,3,Not Graduate,Yes,1896838.0,3690000.0,12,758,8045683.0,4320466.0,245433.0,1125845.0,Approved
5621,1,Graduate,Yes,480000.0,730000.0,48,598,2120093.0,721041.0,433572.0,448996.0,Approved
5622,1,Graduate,No,3866854.0,2570000.0,24,501,22706907.0,0.0,2211602.0,1429458.0,Approved
5623,1,Not Graduate,No,846259.0,1750000.0,48,517,4498527.0,0.0,830146.0,834659.0,Rejected
5624,1,Graduate,No,1428742.0,1000000.0,12,510,8489510.0,0.0,1196623.0,917206.0,Approved
5625,0,Graduate,Yes,1548732.0,1170000.0,6,720,8328378.0,602469.0,1656331.0,687551.0,Approved
5626,1,Not Graduate,No,1138615.0,1560000.0,6,680,3496529.0,0.0,862450.0,550241.0,Approved
5627,2,Graduate,Yes,1076326.0,1890000.0,18,638,8012484.0,3964449.0,1539493.0,726386.0,Rejected
5628,2,Graduate,Yes,1772252.0,4310000.0,24,561,14177696.0,3282002.0,1330140.0,328864.0,Approved
5629,0,Not Graduate,No,480000.0,430000.0,12,719,2809291.0,0.0,477495.0,177422.0,Approved
5630,2,Graduate,Yes,480000.0,340000.0,18,624,3815356.0,295898.0,382211.0,509849.0,Approved
5631,0,Not Graduate,Yes,866992.0,660000.0,48,724,6038779.0,1150082.0,255829.0,140095.0,Approved
5632,1,Graduate,Yes,1993528.0,1520000.0,12,720,8135088.0,7209907.0,2360023.0,243466.0,Approved
5633,1,Graduate,No,853763.0,1470000.0,18,627,547862.0,0.0,374954.0,197898.0,Rejected
5634,2,Not Graduate,No,2290790.0,5660000.0,36,469,16428202.0,0.0,1320824.0,1188631.0,Rejected
5635,0,Graduate,No,833996.0,980000.0,12,791,6381262.0,0.0,691887.0,348478.0,Approved
5636,1,Not Graduate,No,705451.0,430000.0,24,720,1537164.0,0.0,326870.0,1361270.0,Approved
5637,2,Graduate,No,1245373.0,2170000.0,12,714,8277624.0,0.0,1325098.0,1769946.0,Rejected
5638,1,Not Graduate,No,635010.0,1480000.0,36,747,419942.0,0.0,490304.0,1215205.0,Approved
5639,1,Not Graduate,No,1632863.0,850000.0,12,676,4382897.0,0.0,625979.0,1638225.0,Approved
5640,2,Graduate,No,973998.0,2910000.0,24,568,703935.0,0.0,1377444.0,1577041.0,Rejected
5641,1,Graduate,Yes,1580682.0,3750000.0,6,433,3151582.0,2803561.0,1842081.0,453652.0,Rejected
5642,2,Not Graduate,No,1375190.0,900000.0,18,821,7880013.0,0.0,1743710.0,493434.0,Approved
5643,1,Not Graduate,No,4528340.0,2830000.0,6,540,4411815.0,0.0,2964586.0,8823043.0,Rejected
5644,0,Not Graduate,No,2747022.0,5200000.0,36,528,19996943.0,0.0,3441269.0,547827.0,Approved
5645,3,Not Graduate,No,845154.0,1300000.0,36,428,586291.0,0.0,68680.0,1191082.0,Rejected
5646,0,Not Graduate,Yes,885811.0,540000.0,36,781,6833266.0,2784162.0,895713.0,1685455.0,Approved
5647,2,Not Graduate,No,970409.0,1960000.0,12,588,2853593.0,0.0,323451.0,1145694.0,Rejected
5648,0,Not Graduate,No,988205.0,2070000.0,48,664,746870.0,0.0,944324.0,877998.0,Approved
5649,1,Not Graduate,No,1134723.0,1560000.0,18,710,3691513.0,0.0,234924.0,2269193.0,Approved
5650,0,Graduate,No,1618710.0,4240000.0,24,443,2395032.0,0.0,1942064.0,808164.0,Rejected
5651,1,Not Graduate,Yes,685357.0,270000.0,24,576,563523.0,1125955.0,207886.0,1245118.0,Approved
5652,1,Graduate,No,634230.0,290000.0,36,704,3658648.0,0.0,515751.0,1039931.0,Approved
5653,0,Not Graduate,Yes,813883.0,1910000.0,12,813,2453062.0,124081.0,1044725.0,1443608.0,Approved
5654,2,Graduate,No,738619.0,1630000.0,36,550,4389580.0,0.0,314111.0,118998.0,Approved
5655,0,Graduate,No,951117.0,1430000.0,18,543,1863283.0,0.0,195407.0,1602556.0,Approved
5656,0,Not Graduate,No,495303.0,740000.0,36,656,3679290.0,0.0,79800.0,748279.0,Approved
5657,2,Not Graduate,No,2012369.0,4520000.0,24,516,15328591.0,0.0,352392.0,906105.0,Rejected
5658,3,Graduate,No,1620712.0,2830000.0,36,801,7692451.0,0.0,656380.0,1604495.0,Approved
5659,2,Not Graduate,Yes,892919.0,650000.0,12,628,6738376.0,1588768.0,226533.0,427070.0,Rejected
5660,0,Not Graduate,No,1868360.0,1220000.0,24,623,12286339.0,0.0,2681449.0,2465315.0,Approved
5661,4,Not Graduate,Yes,2194097.0,1630000.0,18,614,1787752.0,2787125.0,3272323.0,2972834.0,Approved
5662,1,Not Graduate,Yes,1405554.0,3610000.0,48,489,10641553.0,1335704.0,274216.0,1262683.0,Rejected
5663,1,Graduate,No,2380991.0,5510000.0,48,564,10695090.0,0.0,1009619.0,3232610.0,Approved
5664,0,Graduate,No,1187029.0,3050000.0,12,538,7211003.0,0.0,706251.0,537704.0,Rejected
5665,0,Not Graduate,No,2988475.0,3670000.0,12,496,23169534.0,0.0,1299979.0,1833681.0,Rejected
5666,0,Graduate,Yes,892398.0,1680000.0,24,762,3149562.0,106608.0,100201.0,1692387.0,Approved
5667,1,Graduate,No,1045661.0,2300000.0,24,580,-140926.0,0.0,938433.0,1550516.0,Approved
5668,1,Graduate,Yes,480000.0,440000.0,12,467,3105825.0,1755372.0,405519.0,912317.0,Approved
5669,3,Not Graduate,Yes,1298481.0,4000000.0,12,900,2345150.0,345865.0,1488132.0,1525427.0,Approved
5670,0,Not Graduate,Yes,1941522.0,2800000.0,12,654,12562643.0,4866806.0,2337449.0,1264458.0,Approved
5671,1,Not Graduate,No,1437849.0,4200000.0,12,847,6506933.0,0.0,769887.0,368098.0,Approved
5672,1,Graduate,Yes,2138797.0,5060000.0,6,674,3458736.0,3424847.0,2880505.0,269993.0,Rejected
5673,2,Not Graduate,No,1770794.0,2010000.0,6,756,4430455.0,0.0,1942346.0,440538.0,Approved
5674,3,Not Graduate,No,1166049.0,1720000.0,36,664,2033406.0,0.0,1581019.0,924279.0,Approved
5675,1,Graduate,Yes,1686425.0,1960000.0,36,472,11724234.0,6238236.0,2135475.0,1802682.0,Approved
5676,0,Graduate,No,925608.0,1390000.0,18,627,3564990.0,0.0,884367.0,995840.0,Approved
5677,3,Graduate,No,2715850.0,3620000.0,12,621,4944749.0,0.0,3578093.0,2258389.0,Approved
5678,2,Graduate,No,1612066.0,3370000.0,18,408,1572722.0,0.0,769508.0,2356090.0,Rejected
5679,2,Graduate,No,1390964.0,2570000.0,48,430,3462858.0,0.0,281623.0,1481936.0,Rejected
5680,1,Not Graduate,No,1128951.0,2460000.0,24,750,3758168.0,0.0,765943.0,374756.0,Approved
5681,2,Not Graduate,No,599651.0,350000.0,12,362,451115.0,0.0,648300.0,323897.0,Rejected
5682,0,Graduate,No,1137039.0,1760000.0,18,712,5185762.0,0.0,1670014.0,1825483.0,Approved
5683,2,Not Graduate,No,2592080.0,5280000.0,24,517,13717347.0,0.0,2394934.0,1581333.0,Approved
5684,1,Graduate,No,741163.0,1250000.0,24,540,2497622.0,0.0,283872.0,1453289.0,Approved
5685,2,Graduate,No,1625426.0,940000.0,12,544,10842855.0,0.0,578640.0,195895.0,Approved
5686,1,Graduate,No,7132695.0,3910000.0,36,693,4777226.0,0.0,2369803.0,5724930.0,Approved
5687,0,Graduate,No,844913.0,890000.0,12,661,3829789.0,0.0,1255037.0,1164830.0,Approved
5688,0,Not Graduate,No,694472.0,1700000.0,18,724,5505770.0,0.0,338042.0,1010575.0,Approved
5689,0,Graduate,No,1115769.0,2590000.0,24,600,8612570.0,0.0,473664.0,160046.0,Rejected
5690,1,Not Graduate,No,660712.0,970000.0,12,683,4758891.0,0.0,239303.0,529762.0,Approved
5691,0,Not Graduate,No,1222266.0,2360000.0,12,644,1813797.0,0.0,1064069.0,294731.0,Approved
5692,2,Graduate,No,1198726.0,2610000.0,24,646,3731511.0,0.0,286723.0,713435.0,Approved
5693,4,Graduate,No,995372.0,520000.0,12,564,6868430.0,0.0,605691.0,568400.0,Approved
5694,3,Not Graduate,Yes,1153194.0,2310000.0,24,605,8002731.0,2105468.0,322233.0,1178446.0,Rejected
5695,2,Not Graduate,Yes,1870881.0,850000.0,6,501,1740521.0,3815863.0,2031806.0,3286598.0,Approved
5696,3,Not Graduate,No,1461708.0,3600000.0,24,613,9722431.0,0.0,310102.0,969054.0,Approved
5697,3,Graduate,Yes,3213246.0,2030000.0,6,569,10072964.0,4852287.0,2442270.0,3852674.0,Approved
5698,2,Graduate,Yes,1342031.0,2030000.0,12,801,4688871.0,281327.0,843145.0,1788879.0,Rejected
5699,0,Not Graduate,No,681764.0,910000.0,36,639,1902873.0,0.0,405279.0,1303963.0,Approved
5700,1,Graduate,No,989998.0,480000.0,12,657,6128894.0,0.0,275307.0,1515160.0,Approved
5701,0,Graduate,No,897584.0,1200000.0,24,764,5240512.0,0.0,270201.0,966658.0,Approved
5702,1,Graduate,No,1725606.0,4560000.0,48,529,12054164.0,0.0,462244.0,2934681.0,Rejected
5703,2,Graduate,No,827653.0,1410000.0,18,529,2182413.0,0.0,917275.0,666135.0,Approved
5704,1,Graduate,No,1149137.0,3060000.0,36,485,7671380.0,0.0,1531298.0,1669497.0,Approved
5705,1,Not Graduate,No,1965321.0,3730000.0,48,745,12793732.0,0.0,969921.0,2027461.0,Approved
5706,2,Graduate,Yes,923188.0,1250000.0,12,838,1292737.0,821310.0,1062384.0,1410291.0,Approved
5707,1,Graduate,Yes,803705.0,980000.0,60,693,6245815.0,1079385.0,483832.0,624612.0,Approved
5708,3,Graduate,No,2451921.0,4210000.0,48,391,4508008.0,0.0,2634562.0,648329.0,Approved
5709,3,Graduate,No,836527.0,280000.0,18,374,4109310.0,0.0,965188.0,1326718.0,Approved
5710,2,Graduate,No,750612.0,1200000.0,18,465,472213.0,0.0,913869.0,1438905.0,Rejected
5711,1,Graduate,Yes,2778056.0,6960000.0,18,545,16250395.0,6743694.0,940105.0,4660984.0,Rejected
5712,1,Graduate,Yes,761578.0,1630000.0,6,652,4511980.0,1678685.0,178090.0,1422808.0,Approved
5713,3,Not Graduate,No,480000.0,660000.0,36,603,2597956.0,0.0,413645.0,713246.0,Approved
5714,4,Not Graduate,No,975318.0,460000.0,36,597,5859140.0,0.0,1053336.0,160178.0,Approved
5715,3,Graduate,No,594112.0,1410000.0,6,372,1945795.0,0.0,345580.0,531401.0,Rejected
5716,3,Graduate,No,1847063.0,3060000.0,18,580,9264712.0,0.0,2436117.0,2883935.0,Rejected
5717,3,Graduate,No,502754.0,920000.0,12,539,3169017.0,0.0,216583.0,818218.0,Approved
5718,0,Graduate,No,480731.0,280000.0,12,643,3729796.0,0.0,239474.0,829500.0,Approved
5719,2,Graduate,Yes,1432935.0,2490000.0,48,519,913357.0,3427299.0,552406.0,1725733.0,Rejected
5720,0,Graduate,No,2934372.0,7330000.0,18,535,5856435.0,0.0,3891247.0,4023664.0,Approved
5721,2,Graduate,No,480000.0,1200000.0,12,731,1536464.0,0.0,509998.0,808644.0,Approved
5722,1,Not Graduate,No,871706.0,1100000.0,24,694,3563315.0,0.0,1193003.0,470638.0,Approved
5723,0,Not Graduate,Yes,517594.0,1440000.0,6,768,1630484.0,141827.0,567137.0,225214.0,Approved
5724,1,Not Graduate,Yes,524125.0,1180000.0,18,548,1921363.0,597927.0,354789.0,696515.0,Approved
5725,4,Graduate,No,673445.0,1810000.0,24,535,3696575.0,0.0,641365.0,579642.0,Approved
5726,3,Not Graduate,No,1985494.0,980000.0,24,533,10079496.0,0.0,971144.0,2101394.0,Approved
5727,3,Not Graduate,No,1442960.0,3140000.0,24,522,886180.0,0.0,1730307.0,309908.0,Rejected
5728,4,Graduate,No,820124.0,630000.0,12,750,5656200.0,0.0,896434.0,1350922.0,Approved
5729,1,Not Graduate,No,896700.0,890000.0,18,430,5809524.0,0.0,492578.0,977921.0,Approved
5730,2,Graduate,No,854538.0,2330000.0,12,665,5706484.0,0.0,345119.0,1095276.0,Approved
5731,4,Graduate,Yes,1608032.0,4200000.0,24,731,4163363.0,5142790.0,1518749.0,561846.0,Approved
5732,4,Not Graduate,No,1211607.0,3460000.0,36,424,1231644.0,0.0,1512319.0,1577571.0,Rejected
5733,1,Not Graduate,No,2261058.0,5470000.0,24,540,16175619.0,0.0,532587.0,1883600.0,Approved
5734,2,Graduate,No,480000.0,360000.0,18,784,2499832.0,0.0,564058.0,107873.0,Approved
5735,1,Graduate,No,931892.0,1850000.0,48,609,3020633.0,0.0,145806.0,657212.0,Rejected
5736,1,Graduate,No,1187871.0,620000.0,18,576,944402.0,0.0,665098.0,645442.0,Approved
5737,1,Graduate,No,685777.0,330000.0,6,653,3845198.0,0.0,425809.0,1346950.0,Approved
5738,1,Graduate,No,480000.0,1280000.0,24,724,2872973.0,0.0,424746.0,749304.0,Rejected
5739,0,Not Graduate,No,480000.0,320000.0,24,586,1174503.0,0.0,375782.0,657667.0,Approved
5740,0,Graduate,No,767457.0,720000.0,12,812,421443.0,0.0,706823.0,180431.0,Approved
5741,1,Not Graduate,No,1894474.0,2740000.0,36,539,14845583.0,0.0,1246301.0,1256361.0,Approved
5742,1,Graduate,No,480000.0,230000.0,12,768,1463188.0,0.0,693708.0,673282.0,Approved
5743,2,Graduate,No,480000.0,540000.0,24,539,3598791.0,0.0,211379.0,928884.0,Approved
5744,4,Not Graduate,Yes,1386290.0,2260000.0,24,761,1196879.0,5081367.0,765887.0,888908.0,Approved
5745,1,Not Graduate,No,1222668.0,2400000.0,12,511,8464529.0,0.0,482015.0,2224361.0,Approved
5746,1,Graduate,No,1007516.0,1810000.0,18,309,2547716.0,0.0,806935.0,1332049.0,Approved
5747,2,Graduate,No,952707.0,1950000.0,48,547,1968556.0,0.0,803010.0,1420167.0,Rejected
5748,0,Graduate,Yes,896799.0,2480000.0,36,571,6043675.0,1579740.0,946373.0,1229302.0,Approved
5749,1,Graduate,No,914724.0,2500000.0,6,334,2527847.0,0.0,1328818.0,635443.0,Rejected
5750,2,Not Graduate,Yes,639873.0,730000.0,24,384,1578720.0,974531.0,694593.0,178391.0,Rejected
5751,2,Not Graduate,Yes,1085258.0,3260000.0,6,544,6656729.0,1861370.0,334502.0,868398.0,Rejected
5752,0,Graduate,Yes,1348335.0,690000.0,18,615,4801458.0,2533655.0,468108.0,2004820.0,Approved
5753,0,Graduate,No,1465002.0,2170000.0,18,680,9716929.0,0.0,1479845.0,1302804.0,Rejected
5754,1,Not Graduate,Yes,480000.0,180000.0,24,579,1892137.0,1756799.0,301896.0,912814.0,Approved
5755,2,Graduate,No,2263170.0,5620000.0,12,729,10060893.0,0.0,2419336.0,884684.0,Approved
5756,3,Not Graduate,No,2041965.0,4130000.0,12,769,11135539.0,0.0,1056288.0,1186032.0,Approved
5757,0,Graduate,Yes,1701255.0,1780000.0,12,409,860649.0,239971.0,1208140.0,2120363.0,Approved
5758,1,Graduate,Yes,1424839.0,2910000.0,6,683,11289400.0,606809.0,1406679.0,741262.0,Approved
5759,0,Not Graduate,No,1107111.0,930000.0,12,658,1392107.0,0.0,601046.0,993301.0,Approved
5760,0,Not Graduate,Yes,1052823.0,1970000.0,12,608,7270433.0,1702720.0,624774.0,771411.0,Approved
5761,1,Not Graduate,No,1896801.0,650000.0,18,637,11177382.0,0.0,1458820.0,374353.0,Approved
5762,2,Not Graduate,Yes,1934985.0,1220000.0,12,613,4517859.0,7223846.0,810855.0,1598274.0,Approved
5763,4,Graduate,No,1517846.0,770000.0,18,352,5117125.0,0.0,1297427.0,724878.0,Approved
5764,0,Graduate,No,1731916.0,3540000.0,48,660,-191575.0,0.0,2571575.0,2264009.0,Approved
5765,1,Graduate,Yes,1360812.0,1400000.0,24,470,3335763.0,2568566.0,1885337.0,647578.0,Approved
5766,1,Not Graduate,Yes,711753.0,1360000.0,36,694,2414153.0,2045389.0,787840.0,279715.0,Approved
5767,3,Graduate,No,696622.0,1490000.0,36,433,2949524.0,0.0,662539.0,439251.0,Rejected
5768,2,Not Graduate,No,1299148.0,730000.0,12,556,3296342.0,0.0,1587437.0,1545839.0,Rejected
5769,0,Graduate,No,510687.0,260000.0,18,714,1439874.0,0.0,458504.0,577326.0,Approved
5770,3,Graduate,No,1073569.0,1140000.0,6,553,7897336.0,0.0,125337.0,217068.0,Approved
5771,1,Graduate,No,1828182.0,3110000.0,18,504,6853469.0,0.0,863668.0,2377061.0,Rejected
5772,0,Not Graduate,Yes,1465277.0,1050000.0,36,701,10712865.0,3836900.0,645290.0,1259619.0,Approved
5773,3,Graduate,No,853363.0,1940000.0,24,542,4656761.0,0.0,615067.0,160922.0,Approved
5774,2,Not Graduate,Yes,1707843.0,740000.0,24,683,7297812.0,4685763.0,1759859.0,1377603.0,Approved
5775,3,Not Graduate,Yes,3057733.0,7600000.0,36,555,23953845.0,1030565.0,486701.0,5488836.0,Rejected
5776,2,Graduate,No,1542609.0,3590000.0,24,556,6567417.0,0.0,133045.0,265712.0,Approved
5777,3,Not Graduate,Yes,1337659.0,610000.0,6,491,4652894.0,4515705.0,501645.0,2161507.0,Approved
5778,1,Not Graduate,Yes,2590787.0,3610000.0,60,569,3941503.0,5692560.0,1887589.0,1173191.0,Approved
5779,1,Not Graduate,Yes,2840873.0,5270000.0,36,748,12975005.0,6619605.0,261174.0,2925741.0,Approved
5780,4,Not Graduate,No,1031087.0,560000.0,18,599,729993.0,0.0,1384578.0,826341.0,Approved
5781,0,Graduate,No,1584222.0,2070000.0,12,580,7136951.0,0.0,1383227.0,373432.0,Approved
5782,1,Graduate,No,480000.0,390000.0,12,519,1005966.0,0.0,151787.0,878021.0,Rejected
5783,1,Graduate,Yes,480000.0,570000.0,36,641,3630831.0,538602.0,424630.0,148362.0,Approved
5784,0,Not Graduate,No,2112436.0,760000.0,24,650,16700701.0,0.0,315821.0,3691899.0,Rejected
5785,3,Graduate,Yes,1534472.0,1400000.0,24,571,7153011.0,1167919.0,215329.0,1313958.0,Rejected
5786,0,Not Graduate,No,1328295.0,2950000.0,24,678,8483820.0,0.0,1277147.0,1843897.0,Approved
5787,3,Not Graduate,No,1377377.0,1830000.0,12,610,1762676.0,0.0,1805332.0,650838.0,Rejected
5788,3,Graduate,No,888039.0,750000.0,36,693,1935323.0,0.0,94920.0,273899.0,Approved
5789,4,Graduate,Yes,999236.0,2880000.0,60,712,3252089.0,2270428.0,1024049.0,1296489.0,Approved
5790,4,Graduate,Yes,755386.0,760000.0,18,533,3483726.0,1054628.0,95118.0,1168358.0,Rejected
5791,1,Not Graduate,Yes,997262.0,530000.0,36,270,2221105.0,1079844.0,96489.0,641250.0,Rejected
5792,1,Graduate,Yes,870930.0,2480000.0,24,658,6826755.0,1818165.0,215636.0,1656603.0,Approved
5793,1,Not Graduate,No,1454591.0,2260000.0,48,644,2701224.0,0.0,202037.0,1335415.0,Approved
5794,1,Graduate,No,737069.0,1090000.0,48,655,3904309.0,0.0,609297.0,1469401.0,Rejected
5795,1,Not Graduate,Yes,1723600.0,790000.0,18,695,11359396.0,5617321.0,2051120.0,1855665.0,Approved
5796,3,Graduate,Yes,741145.0,680000.0,36,602,711285.0,572137.0,669212.0,1394749.0,Approved
5797,2,Not Graduate,Yes,3498786.0,4630000.0,24,497,23893786.0,12319447.0,3178230.0,5109760.0,Approved
5798,1,Not Graduate,No,782938.0,310000.0,36,737,4269559.0,0.0,203141.0,911452.0,Approved
5799,1,Not Graduate,No,1834773.0,4180000.0,12,600,9506544.0,0.0,341425.0,3481704.0,Approved
5800,0,Graduate,Yes,890227.0,1840000.0,36,378,2383875.0,1399506.0,296444.0,930279.0,Rejected
5801,0,Not Graduate,No,867880.0,1010000.0,36,476,637184.0,0.0,268811.0,549959.0,Approved
5802,1,Not Graduate,Yes,532397.0,890000.0,24,795,4081589.0,862734.0,79039.0,608682.0,Approved
5803,2,Not Graduate,Yes,1204229.0,2850000.0,18,595,6310472.0,4233112.0,1800566.0,505734.0,Rejected
5804,3,Not Graduate,No,826565.0,1800000.0,12,628,-96813.0,0.0,1224519.0,545136.0,Rejected
5805,0,Graduate,No,1825869.0,4090000.0,12,554,11347343.0,0.0,2055937.0,580143.0,Approved
5806,2,Not Graduate,No,643343.0,700000.0,6,476,4641636.0,0.0,114816.0,1225894.0,Approved
5807,1,Graduate,No,1453184.0,900000.0,48,475,1443863.0,0.0,491618.0,222738.0,Approved
5808,1,Graduate,Yes,651686.0,1640000.0,60,688,4711204.0,855625.0,343185.0,86006.0,Approved
5809,2,Graduate,Yes,1082908.0,1520000.0,12,740,2440974.0,2362727.0,1363284.0,1329281.0,Approved
5810,1,Not Graduate,No,493716.0,1010000.0,18,483,3011508.0,0.0,539729.0,92447.0,Rejected
5811,2,Graduate,No,1395057.0,1760000.0,24,505,4918573.0,0.0,1668541.0,2469001.0,Rejected
5812,2,Graduate,No,1163913.0,2700000.0,12,786,4656270.0,0.0,629641.0,127902.0,Approved
5813,0,Not Graduate,No,938666.0,1260000.0,24,601,6634551.0,0.0,478102.0,555826.0,Approved
5814,0,Graduate,No,849265.0,1420000.0,24,628,1119022.0,0.0,467629.0,1413771.0,Approved
5815,1,Not Graduate,Yes,886673.0,2030000.0,18,705,5296115.0,3229057.0,1081419.0,1519359.0,Approved
5816,2,Not Graduate,No,480000.0,540000.0,24,548,3307820.0,0.0,240401.0,655318.0,Rejected
5817,3,Graduate,No,905945.0,1440000.0,60,705,6301007.0,0.0,145692.0,251307.0,Approved
5818,1,Not Graduate,No,871002.0,1640000.0,36,433,6293951.0,0.0,702217.0,578631.0,Rejected
5819,2,Graduate,No,1246090.0,2230000.0,36,535,9527727.0,0.0,204727.0,1299292.0,Approved
5820,4,Not Graduate,No,1738453.0,750000.0,18,648,2891296.0,0.0,1829094.0,2496115.0,Approved
5821,3,Not Graduate,No,2218161.0,6260000.0,6,697,3124745.0,0.0,2874449.0,3675605.0,Approved
5822,2,Graduate,No,1087033.0,960000.0,24,567,5220702.0,0.0,625575.0,1540202.0,Approved
5823,1,Not Graduate,No,999467.0,390000.0,18,644,4419676.0,0.0,347324.0,600070.0,Approved
5824,1,Graduate,No,1328293.0,2260000.0,24,532,7157581.0,0.0,1804939.0,1067409.0,Approved
5825,4,Graduate,No,2626821.0,4890000.0,6,804,12965999.0,0.0,3000903.0,331484.0,Rejected
5826,0,Graduate,No,2565227.0,4670000.0,48,607,17722811.0,0.0,1351732.0,4291447.0,Approved
5827,2,Graduate,No,3114258.0,2670000.0,36,483,23899513.0,0.0,2823806.0,337673.0,Approved
5828,3,Graduate,No,853704.0,490000.0,12,620,1885463.0,0.0,221245.0,350373.0,Approved
5829,1,Not Graduate,No,745014.0,1370000.0,36,777,4748098.0,0.0,629916.0,538342.0,Approved
5830,1,Not Graduate,No,3236448.0,7700000.0,36,672,25662344.0,0.0,1530726.0,1849058.0,Approved
5831,0,Not Graduate,No,581330.0,1230000.0,18,727,3858133.0,0.0,50000.0,68546.0,Approved
5832,4,Graduate,No,936555.0,370000.0,12,620,5793503.0,0.0,472625.0,1124223.0,Approved
5833,4,Not Graduate,No,986501.0,930000.0,36,523,4561603.0,0.0,517023.0,1787593.0,Approved
5834,1,Not Graduate,No,2400651.0,6110000.0,36,587,5448224.0,0.0,1770254.0,2434032.0,Rejected
5835,2,Graduate,Yes,711938.0,1000000.0,18,332,4929142.0,2448207.0,370566.0,489562.0,Rejected
5836,2,Graduate,No,2450683.0,2540000.0,36,651,1643773.0,0.0,356568.0,4079018.0,Rejected
5837,2,Not Graduate,No,765794.0,1700000.0,36,521,5711375.0,0.0,155733.0,1080115.0,Rejected
5838,0,Not Graduate,No,821883.0,640000.0,6,593,6089899.0,0.0,342179.0,375358.0,Approved
5839,2,Graduate,No,894733.0,1850000.0,18,562,3899294.0,0.0,369536.0,419550.0,Rejected
5840,1,Not Graduate,Yes,1498890.0,3560000.0,18,379,6869087.0,762517.0,782924.0,2799850.0,Rejected
5841,1,Not Graduate,No,502439.0,1180000.0,12,816,3836830.0,0.0,619282.0,1002933.0,Rejected
5842,2,Graduate,Yes,502601.0,720000.0,60,672,326769.0,619864.0,529988.0,883317.0,Approved
5843,3,Graduate,No,508045.0,1180000.0,18,646,1163202.0,0.0,712302.0,471539.0,Rejected
5844,4,Graduate,No,1724356.0,3020000.0,6,701,1274200.0,0.0,1782437.0,314524.0,Rejected
5845,3,Graduate,No,1035105.0,3070000.0,24,704,8032964.0,0.0,423131.0,1547171.0,Approved
5846,4,Graduate,No,480000.0,710000.0,24,556,1337192.0,0.0,395804.0,879882.0,Approved
5847,1,Graduate,No,1005716.0,1780000.0,12,487,2924452.0,0.0,498250.0,1411488.0,Rejected
5848,2,Graduate,No,913587.0,2360000.0,24,722,3411253.0,0.0,576867.0,1246928.0,Rejected
5849,0,Graduate,No,2529548.0,5640000.0,24,549,3711700.0,0.0,3773306.0,4894668.0,Approved
5850,1,Graduate,Yes,542339.0,1230000.0,24,648,972628.0,1004426.0,703091.0,188691.0,Approved
5851,2,Graduate,No,1026141.0,1720000.0,18,641,4495494.0,0.0,754576.0,1559557.0,Approved
5852,2,Graduate,No,1244123.0,2240000.0,6,539,4037380.0,0.0,876335.0,1562573.0,Approved
5853,1,Graduate,Yes,946353.0,2740000.0,24,559,6726130.0,2221500.0,487878.0,459055.0,Approved
5854,3,Graduate,No,713493.0,1340000.0,12,623,2417468.0,0.0,879348.0,287246.0,Approved
5855,0,Not Graduate,No,690980.0,1160000.0,6,712,936995.0,0.0,714489.0,864505.0,Rejected
5856,1,Graduate,No,646634.0,1480000.0,24,529,3089390.0,0.0,353793.0,800278.0,Rejected
5857,3,Graduate,Yes,1007127.0,900000.0,18,416,6529206.0,2736073.0,1466706.0,1728954.0,Rejected
5858,2,Not Graduate,Yes,513393.0,1090000.0,60,800,2871306.0,2034263.0,209026.0,404963.0,Approved
5859,1,Not Graduate,No,1919730.0,680000.0,12,649,14205190.0,0.0,684324.0,3346249.0,Approved
5860,0,Not Graduate,Yes,2746160.0,6350000.0,24,457,6084519.0,872202.0,1937760.0,3062192.0,Rejected
5861,0,Not Graduate,No,1014010.0,1260000.0,18,780,5616996.0,0.0,809443.0,1587164.0,Approved
5862,1,Not Graduate,No,779620.0,1190000.0,12,674,4420588.0,0.0,717724.0,1141682.0,Approved
5863,0,Graduate,Yes,1494933.0,3060000.0,60,708,1195367.0,352807.0,562402.0,505138.0,Approved
5864,2,Graduate,Yes,496884.0,420000.0,12,631,3746186.0,136823.0,630049.0,853860.0,Approved
5865,1,Not Graduate,Yes,870451.0,1470000.0,60,541,6954416.0,1806862.0,1077274.0,716462.0,Approved
5866,2,Not Graduate,No,1817326.0,960000.0,24,732,13764350.0,0.0,647377.0,2826688.0,Approved
5867,1,Not Graduate,No,900971.0,1210000.0,24,650,6413823.0,0.0,989023.0,1042615.0,Approved
5868,2,Not Graduate,No,1223467.0,2650000.0,6,440,5249223.0,0.0,1719660.0,2180410.0,Rejected
5869,0,Graduate,Yes,993948.0,2050000.0,24,615,2093674.0,1654406.0,605183.0,607128.0,Approved
5870,0,Graduate,Yes,1425108.0,750000.0,6,615,4071790.0,168165.0,1764613.0,2182744.0,Approved
5871,2,Not Graduate,No,1211132.0,1550000.0,18,670,5626344.0,0.0,1263855.0,1197217.0,Approved
5872,1,Not Graduate,No,729046.0,530000.0,60,704,1218008.0,0.0,699583.0,580001.0,Approved
5873,0,Graduate,No,1689502.0,4420000.0,48,503,2741529.0,0.0,1645651.0,1942184.0,Approved
5874,1,Not Graduate,No,778804.0,700000.0,6,761,4207000.0,0.0,1073368.0,1069872.0,Approved
5875,4,Graduate,No,1348182.0,1150000.0,18,750,3242042.0,0.0,1042292.0,1641714.0,Approved
5876,1,Not Graduate,Yes,2271585.0,2940000.0,6,677,6533591.0,3786271.0,2765090.0,1094804.0,Approved
5877,1,Not Graduate,No,526364.0,1520000.0,24,600,1447383.0,0.0,698980.0,231887.0,Rejected
5878,2,Not Graduate,Yes,2125605.0,2020000.0,18,791,12000957.0,6209856.0,2924055.0,1104822.0,Approved
5879,1,Not Graduate,No,1333230.0,3540000.0,12,716,1967548.0,0.0,1483576.0,327670.0,Approved
5880,1,Not Graduate,No,1361523.0,2670000.0,24,508,10276896.0,0.0,1084213.0,760941.0,Rejected
5881,0,Not Graduate,No,1780090.0,900000.0,36,829,6697435.0,0.0,2305528.0,2841866.0,Approved
5882,1,Graduate,No,1226800.0,3200000.0,12,765,5359012.0,0.0,1099341.0,2437719.0,Rejected
5883,0,Graduate,No,1022312.0,2300000.0,24,660,6096201.0,0.0,1380966.0,1245801.0,Approved
5884,1,Not Graduate,No,2147709.0,2030000.0,18,577,4083126.0,0.0,3095334.0,1115093.0,Rejected
5885,2,Graduate,No,2944309.0,3600000.0,6,486,20563497.0,0.0,3687725.0,5566782.0,Rejected
5886,1,Graduate,No,804499.0,430000.0,24,586,788910.0,0.0,129286.0,1337032.0,Approved
5887,4,Not Graduate,No,1173310.0,1210000.0,12,777,1026968.0,0.0,1233243.0,932544.0,Approved
5888,1,Graduate,No,496322.0,630000.0,24,676,933304.0,0.0,136984.0,733537.0,Approved
5889,1,Graduate,Yes,989566.0,1770000.0,18,488,2174205.0,1914463.0,478139.0,803692.0,Approved
5890,2,Graduate,No,2554751.0,7270000.0,24,689,7490321.0,0.0,1422426.0,2631734.0,Approved
5891,2,Graduate,No,1523420.0,1780000.0,60,739,9614816.0,0.0,1330614.0,2759311.0,Approved
5892,4,Graduate,No,794659.0,1060000.0,12,657,5929756.0,0.0,1119631.0,672989.0,Rejected
5893,2,Not Graduate,No,1426301.0,3250000.0,12,496,1449678.0,0.0,1607196.0,2690179.0,Approved
5894,2,Graduate,Yes,480000.0,600000.0,24,415,2056337.0,330360.0,166372.0,253181.0,Approved
5895,2,Graduate,Yes,730284.0,1800000.0,12,715,1488694.0,597416.0,499892.0,1361412.0,Rejected
5896,1,Graduate,No,882847.0,750000.0,6,574,2995380.0,0.0,567860.0,210385.0,Approved
5897,0,Not Graduate,No,1154744.0,2550000.0,48,682,1167767.0,0.0,1539782.0,589932.0,Approved
5898,1,Not Graduate,No,532818.0,360000.0,48,667,910988.0,0.0,108131.0,501517.0,Rejected
5899,2,Not Graduate,Yes,616839.0,920000.0,36,767,724067.0,769544.0,76256.0,713057.0,Approved
5900,2,Not Graduate,Yes,480000.0,420000.0,24,288,1215253.0,221257.0,262469.0,248954.0,Rejected
5901,0,Graduate,No,583985.0,1670000.0,24,655,2613939.0,0.0,710492.0,727230.0,Approved
5902,2,Not Graduate,No,1217409.0,1400000.0,24,731,1480744.0,0.0,1065724.0,1225217.0,Approved
5903,0,Not Graduate,Yes,818778.0,1820000.0,6,522,5697592.0,668775.0,1220391.0,1481949.0,Approved
5904,1,Not Graduate,No,480000.0,240000.0,12,631,3642324.0,0.0,50000.0,502014.0,Approved
5905,2,Not Graduate,No,1946594.0,4710000.0,18,473,3065072.0,0.0,2805317.0,2550552.0,Rejected
5906,2,Not Graduate,Yes,946785.0,480000.0,18,637,1332941.0,376367.0,288656.0,1693054.0,Approved
5907,2,Graduate,Yes,1728693.0,1970000.0,24,640,8878158.0,1233475.0,548096.0,1644346.0,Approved
5908,1,Not Graduate,No,752318.0,1820000.0,24,574,1848337.0,0.0,1093261.0,1293433.0,Rejected
5909,2,Graduate,No,604520.0,1120000.0,24,662,3370076.0,0.0,707413.0,890173.0,Approved
5910,3,Not Graduate,No,1232374.0,2770000.0,18,494,5866467.0,0.0,896536.0,304600.0,Rejected
5911,2,Graduate,No,1087597.0,1810000.0,36,615,1779458.0,0.0,1176020.0,1053596.0,Rejected
5912,1,Not Graduate,No,1679462.0,3190000.0,36,528,12612902.0,0.0,1864556.0,3003608.0,Approved
5913,2,Not Graduate,No,1494787.0,2320000.0,12,353,2947642.0,0.0,965012.0,2258065.0,Approved
5914,2,Not Graduate,No,1363923.0,2580000.0,18,669,9356213.0,0.0,478315.0,1842095.0,Rejected
5915,1,Not Graduate,No,1239292.0,3030000.0,6,606,1309201.0,0.0,860742.0,1389503.0,Rejected
5916,0,Not Graduate,No,480000.0,500000.0,36,622,3098335.0,0.0,283296.0,765037.0,Approved
5917,2,Graduate,No,892186.0,490000.0,18,790,6295614.0,0.0,269918.0,1579418.0,Approved
5918,1,Graduate,No,1740850.0,3050000.0,24,643,6009850.0,0.0,419946.0,1086545.0,Approved
5919,2,Graduate,No,2108752.0,4690000.0,36,550,13715212.0,0.0,1884629.0,4203868.0,Rejected
5920,1,Graduate,Yes,2026713.0,6280000.0,36,634,5076218.0,511276.0,2882333.0,1024920.0,Approved
5921,1,Graduate,No,480000.0,210000.0,12,382,3406932.0,0.0,50000.0,653687.0,Approved
5922,4,Not Graduate,Yes,994777.0,2530000.0,18,586,2462885.0,957116.0,463424.0,1039486.0,Rejected
5923,1,Graduate,No,834172.0,1780000.0,36,510,5068345.0,0.0,1239169.0,1371977.0,Approved
5924,3,Graduate,Yes,700641.0,1610000.0,48,448,1310110.0,1879420.0,743457.0,828404.0,Rejected
5925,1,Not Graduate,No,1936511.0,590000.0,36,717,2592229.0,0.0,1695548.0,3512317.0,Approved
5926,1,Graduate,No,867281.0,1330000.0,24,565,5623862.0,0.0,384301.0,643051.0,Rejected
5927,0,Graduate,No,1284010.0,740000.0,48,406,2361227.0,0.0,427835.0,2395723.0,Rejected
5928,1,Graduate,Yes,1181282.0,2040000.0,12,606,8973690.0,1781044.0,67768.0,1105865.0,Approved
5929,3,Not Graduate,No,1458850.0,570000.0,24,807,5090577.0,0.0,944983.0,868917.0,Approved
5930,1,Not Graduate,No,1006519.0,680000.0,36,691,3873895.0,0.0,195163.0,920420.0,Approved
5931,0,Not Graduate,No,907913.0,1050000.0,24,537,5982384.0,0.0,1056476.0,617131.0,Approved
5932,0,Graduate,Yes,585982.0,220000.0,48,615,2795779.0,2321766.0,133779.0,310860.0,Approved
5933,0,Not Graduate,No,4270301.0,2890000.0,60,713,30749612.0,0.0,6146703.0,5345578.0,Approved
5934,3,Graduate,Yes,938701.0,1890000.0,36,250,2761534.0,2044250.0,381177.0,1842746.0,Rejected
5935,2,Not Graduate,No,637992.0,450000.0,12,452,4885113.0,0.0,724078.0,135101.0,Approved
5936,1,Graduate,No,998670.0,2450000.0,36,421,868009.0,0.0,786837.0,753612.0,Approved
5937,1,Not Graduate,No,2406613.0,5000000.0,18,410,17802436.0,0.0,3443066.0,3388856.0,Rejected
5938,0,Graduate,Yes,2603478.0,5820000.0,24,687,11798533.0,2502861.0,1760054.0,682512.0,Approved
5939,2,Graduate,No,533641.0,1150000.0,24,552,4118365.0,0.0,469580.0,81420.0,Rejected
5940,2,Graduate,No,1151880.0,460000.0,18,600,6921409.0,0.0,549514.0,1914210.0,Approved
5941,4,Graduate,No,1306486.0,2300000.0,60,509,7811899.0,0.0,892041.0,1334951.0,Rejected
5942,2,Not Graduate,No,1486336.0,1830000.0,48,478,6754893.0,0.0,136926.0,2685201.0,Rejected
5943,1,Not Graduate,No,1334023.0,3970000.0,48,365,8269844.0,0.0,331806.0,1105382.0,Rejected
5944,1,Graduate,No,1699782.0,2360000.0,24,524,4993249.0,0.0,215764.0,2599172.0,Approved
5945,1,Not Graduate,Yes,1186137.0,1200000.0,12,524,6444804.0,4499450.0,1770034.0,1736565.0,Approved
5946,3,Not Graduate,Yes,819408.0,1850000.0,12,615,5098844.0,601206.0,1112059.0,1432191.0,Rejected
5947,0,Not Graduate,No,1014011.0,1740000.0,12,483,7919369.0,0.0,1272390.0,136538.0,Approved
5948,2,Not Graduate,Yes,765675.0,1260000.0,12,689,383341.0,1824633.0,198240.0,961892.0,Approved
5949,3,Not Graduate,No,1728471.0,2780000.0,24,625,7768459.0,0.0,1573696.0,1757741.0,Approved
5950,0,Not Graduate,Yes,480000.0,940000.0,24,655,1392170.0,1183581.0,353275.0,397727.0,Approved
5951,3,Graduate,Yes,2037587.0,3930000.0,18,655,6710463.0,2711980.0,164303.0,1278893.0,Approved
5952,1,Not Graduate,No,480000.0,870000.0,6,554,3730062.0,0.0,50000.0,231189.0,Approved
5953,1,Graduate,No,480000.0,580000.0,36,737,2891173.0,0.0,302232.0,189461.0,Approved
5954,1,Graduate,No,794635.0,1730000.0,6,698,1422766.0,0.0,151511.0,613526.0,Approved
5955,0,Graduate,No,1089697.0,2980000.0,60,624,4951098.0,0.0,1374846.0,1857177.0,Rejected
5956,1,Not Graduate,Yes,689977.0,610000.0,18,752,3128472.0,1822420.0,886596.0,679521.0,Approved
5957,3,Graduate,Yes,771528.0,1130000.0,12,661,1185869.0,2295583.0,321381.0,183985.0,Approved
5958,0,Graduate,No,480000.0,650000.0,24,622,1204192.0,0.0,89612.0,389816.0,Approved
5959,0,Not Graduate,No,2130904.0,5310000.0,36,742,6865585.0,0.0,2763014.0,829990.0,Approved
5960,1,Not Graduate,Yes,749396.0,330000.0,24,477,2379925.0,1230128.0,753061.0,1033210.0,Rejected
5961,0,Not Graduate,Yes,1102012.0,3340000.0,36,599,1711923.0,3497925.0,734419.0,960419.0,Rejected
5962,2,Graduate,No,1201637.0,3350000.0,36,625,5657685.0,0.0,1700845.0,173211.0,Approved
5963,1,Graduate,Yes,2180698.0,4410000.0,24,607,1693186.0,7299836.0,2315339.0,2146596.0,Approved
5964,1,Not Graduate,Yes,1005327.0,1190000.0,24,647,4607640.0,142185.0,912966.0,1061172.0,Approved
5965,2,Graduate,No,1207731.0,2860000.0,60,563,3818425.0,0.0,1712932.0,563133.0,Rejected
5966,1,Not Graduate,No,480000.0,1020000.0,6,826,723918.0,0.0,613177.0,692905.0,Approved
5967,0,Not Graduate,No,1744661.0,1320000.0,12,495,3930877.0,0.0,1887475.0,3265159.0,Rejected
5968,3,Graduate,Yes,697018.0,370000.0,18,571,589831.0,1104131.0,292338.0,758493.0,Approved
5969,3,Not Graduate,No,2968174.0,2140000.0,12,589,11445726.0,0.0,4255337.0,5572740.0,Rejected
5970,1,Graduate,No,1617767.0,2260000.0,60,692,4074461.0,0.0,1788280.0,1911497.0,Approved
5971,1,Not Graduate,Yes,1110808.0,2450000.0,36,713,5274453.0,2058102.0,1192205.0,1780848.0,Rejected
5972,2,Not Graduate,No,682937.0,780000.0,12,570,2414297.0,0.0,225233.0,817624.0,Approved
5973,1,Not Graduate,No,1397501.0,2900000.0,12,583,9954974.0,0.0,433881.0,1574294.0,Approved
5974,0,Not Graduate,No,1537853.0,2010000.0,6,557,12301443.0,0.0,1601791.0,2693516.0,Approved
5975,1,Graduate,No,706298.0,1320000.0,36,470,4711849.0,0.0,810849.0,793179.0,Rejected
5976,1,Not Graduate,No,1245243.0,2890000.0,12,515,2519379.0,0.0,963737.0,574854.0,Rejected
5977,1,Not Graduate,Yes,942797.0,1930000.0,36,552,6053522.0,3517122.0,725374.0,829528.0,Rejected
5978,0,Graduate,Yes,857044.0,1520000.0,36,710,5321049.0,2516921.0,712391.0,613450.0,Approved
5979,1,Graduate,No,941565.0,1400000.0,48,713,1114731.0,0.0,1303083.0,1836904.0,Approved
5980,1,Graduate,No,1057895.0,1290000.0,24,534,6732471.0,0.0,1507398.0,153378.0,Rejected
5981,3,Graduate,Yes,2650392.0,3490000.0,12,536,9959767.0,1744162.0,1115946.0,2898447.0,Rejected
5982,0,Not Graduate,Yes,837413.0,1310000.0,48,809,468499.0,2659329.0,1000753.0,1212555.0,Approved
5983,0,Graduate,No,2422311.0,4140000.0,60,490,9862887.0,0.0,2684053.0,3160618.0,Rejected
5984,1,Graduate,Yes,814004.0,2140000.0,6,546,734568.0,2650301.0,1216454.0,1522633.0,Approved
5985,1,Graduate,No,1180289.0,2770000.0,18,662,3384513.0,0.0,326169.0,1201603.0,Approved
5986,1,Graduate,Yes,871445.0,290000.0,24,533,6097576.0,3188667.0,50688.0,792684.0,Rejected
5987,4,Not Graduate,No,2448605.0,6940000.0,18,640,16974941.0,0.0,3095500.0,2548454.0,Rejected
5988,1,Not Graduate,Yes,860456.0,1250000.0,24,618,4561525.0,2901497.0,363931.0,1254493.0,Approved
5989,0,Not Graduate,No,1118852.0,2310000.0,12,786,2357265.0,0.0,828729.0,1446071.0,Rejected
5990,1,Graduate,Yes,1282711.0,4030000.0,12,583,2253232.0,1571718.0,639177.0,908500.0,Approved
5991,0,Not Graduate,Yes,555464.0,680000.0,18,550,-13550.0,1965419.0,642269.0,747697.0,Rejected
5992,0,Graduate,No,626494.0,1010000.0,24,585,3293512.0,0.0,273223.0,1234584.0,Rejected
5993,2,Graduate,No,1352143.0,2930000.0,36,687,7856377.0,0.0,212134.0,1992621.0,Approved
5994,2,Not Graduate,No,1374681.0,2540000.0,48,723,2115044.0,0.0,1585273.0,918716.0,Rejected
5995,2,Graduate,Yes,480000.0,450000.0,6,607,3043473.0,872299.0,333168.0,177795.0,Approved
5996,2,Graduate,No,1346948.0,2530000.0,12,607,3701587.0,0.0,108143.0,2030702.0,Approved
5997,1,Not Graduate,No,480000.0,810000.0,24,448,3520168.0,0.0,85518.0,184114.0,Rejected
5998,1,Graduate,No,480000.0,550000.0,12,757,1698052.0,0.0,482300.0,338669.0,Approved
5999,0,Not Graduate,No,4678682.0,3600000.0,12,540,33137669.0,0.0,2516478.0,5498625.0,Approved
6000,2,Not Graduate,No,1052923.0,2790000.0,24,717,4989524.0,0.0,265865.0,837702.0,Approved
